$ bun run scripts/memory/index.ts save "Auto-saved session via pulse hook"
[VectorDB] Using Transformers.js with model: multilingual-e5-base
[VectorDB] Failed to initialize: 4364 |     if (offlineError(err)) {
4365 |       throw new ChromaConnectionError(
4366 |         "Failed to connect to chromadb. Make sure your server is running and try again. If you are running from a browser, make sure that your chromadb instance is configured to allow requests from the current origin using the CHROMA_SERVER_CORS_ALLOW_ORIGINS environment variable."
4367 |       );
4368 |     }
4369 |     throw new ChromaConnectionError("Failed to connect to Chroma");
                 ^
ChromaConnectionError: Failed to connect to Chroma
 cause: undefined,

      at <anonymous> (/home/user/The-Oracle-Construct/lib/matrix-memory-agents/node_modules/chromadb/dist/chromadb.mjs:4369:11)
      at async <anonymous> (/home/user/The-Oracle-Construct/lib/matrix-memory-agents/node_modules/chromadb/dist/chromadb.mjs:338:32)
      at async getOrCreateCollection (/home/user/The-Oracle-Construct/lib/matrix-memory-agents/node_modules/chromadb/dist/chromadb.mjs:4877:43)
      at async initVectorDB (/home/user/The-Oracle-Construct/lib/matrix-memory-agents/src/vector-db.ts:500:33)
      at async saveCurrentSession (/home/user/The-Oracle-Construct/lib/matrix-memory-agents/scripts/memory/save-session.ts:723:11)

$ bun run scripts/memory/index.ts learn "/home/user/The-Oracle-Construct/psi/memory/sessions/2026-02/2026-02-21_10.35_auto-pulse.md"
[VectorDB] Using Transformers.js with model: multilingual-e5-base
[VectorDB] Failed to initialize: 4364 |     if (offlineError(err)) {
4365 |       throw new ChromaConnectionError(
4366 |         "Failed to connect to chromadb. Make sure your server is running and try again. If you are running from a browser, make sure that your chromadb instance is configured to allow requests from the current origin using the CHROMA_SERVER_CORS_ALLOW_ORIGINS environment variable."
4367 |       );
4368 |     }
4369 |     throw new ChromaConnectionError("Failed to connect to Chroma");
                 ^
ChromaConnectionError: Failed to connect to Chroma
 cause: undefined,

      at <anonymous> (/home/user/The-Oracle-Construct/lib/matrix-memory-agents/node_modules/chromadb/dist/chromadb.mjs:4369:11)
      at async <anonymous> (/home/user/The-Oracle-Construct/lib/matrix-memory-agents/node_modules/chromadb/dist/chromadb.mjs:338:32)
      at async getOrCreateCollection (/home/user/The-Oracle-Construct/lib/matrix-memory-agents/node_modules/chromadb/dist/chromadb.mjs:4877:43)
      at async initVectorDB (/home/user/The-Oracle-Construct/lib/matrix-memory-agents/src/vector-db.ts:500:33)
      at async saveLearning (/home/user/The-Oracle-Construct/lib/matrix-memory-agents/scripts/memory/learn.ts:578:11)
      at async learnFromFile (/home/user/The-Oracle-Construct/lib/matrix-memory-agents/scripts/memory/learn.ts:157:15)
      at async main (/home/user/The-Oracle-Construct/lib/matrix-memory-agents/scripts/memory/learn.ts:720:15)

$ bun run scripts/memory/index.ts save "Auto-saved session via pulse hook"
[VectorDB] Using Transformers.js with model: multilingual-e5-base
[VectorDB] Failed to initialize: 4364 |     if (offlineError(err)) {
4365 |       throw new ChromaConnectionError(
4366 |         "Failed to connect to chromadb. Make sure your server is running and try again. If you are running from a browser, make sure that your chromadb instance is configured to allow requests from the current origin using the CHROMA_SERVER_CORS_ALLOW_ORIGINS environment variable."
4367 |       );
4368 |     }
4369 |     throw new ChromaConnectionError("Failed to connect to Chroma");
                 ^
ChromaConnectionError: Failed to connect to Chroma
 cause: undefined,

      at <anonymous> (/home/user/The-Oracle-Construct/lib/matrix-memory-agents/node_modules/chromadb/dist/chromadb.mjs:4369:11)
      at async <anonymous> (/home/user/The-Oracle-Construct/lib/matrix-memory-agents/node_modules/chromadb/dist/chromadb.mjs:338:32)
      at async getOrCreateCollection (/home/user/The-Oracle-Construct/lib/matrix-memory-agents/node_modules/chromadb/dist/chromadb.mjs:4877:43)
      at async initVectorDB (/home/user/The-Oracle-Construct/lib/matrix-memory-agents/src/vector-db.ts:500:33)
      at async saveCurrentSession (/home/user/The-Oracle-Construct/lib/matrix-memory-agents/scripts/memory/save-session.ts:723:11)

$ bun run scripts/memory/index.ts learn "/home/user/The-Oracle-Construct/psi/memory/sessions/2026-02/2026-02-21_10.35_auto-pulse.md"
[VectorDB] Using Transformers.js with model: multilingual-e5-base
[VectorDB] Failed to initialize: 4364 |     if (offlineError(err)) {
4365 |       throw new ChromaConnectionError(
4366 |         "Failed to connect to chromadb. Make sure your server is running and try again. If you are running from a browser, make sure that your chromadb instance is configured to allow requests from the current origin using the CHROMA_SERVER_CORS_ALLOW_ORIGINS environment variable."
4367 |       );
4368 |     }
4369 |     throw new ChromaConnectionError("Failed to connect to Chroma");
                 ^
ChromaConnectionError: Failed to connect to Chroma
 cause: undefined,

      at <anonymous> (/home/user/The-Oracle-Construct/lib/matrix-memory-agents/node_modules/chromadb/dist/chromadb.mjs:4369:11)
      at async <anonymous> (/home/user/The-Oracle-Construct/lib/matrix-memory-agents/node_modules/chromadb/dist/chromadb.mjs:338:32)
      at async getOrCreateCollection (/home/user/The-Oracle-Construct/lib/matrix-memory-agents/node_modules/chromadb/dist/chromadb.mjs:4877:43)
      at async initVectorDB (/home/user/The-Oracle-Construct/lib/matrix-memory-agents/src/vector-db.ts:500:33)
      at async saveLearning (/home/user/The-Oracle-Construct/lib/matrix-memory-agents/scripts/memory/learn.ts:578:11)
      at async learnFromFile (/home/user/The-Oracle-Construct/lib/matrix-memory-agents/scripts/memory/learn.ts:157:15)
      at async main (/home/user/The-Oracle-Construct/lib/matrix-memory-agents/scripts/memory/learn.ts:720:15)

$ bun run scripts/memory/index.ts save "Auto-saved session via pulse hook"
[VectorDB] Using Transformers.js with model: multilingual-e5-base
[VectorDB] Failed to initialize: 4364 |     if (offlineError(err)) {
4365 |       throw new ChromaConnectionError(
4366 |         "Failed to connect to chromadb. Make sure your server is running and try again. If you are running from a browser, make sure that your chromadb instance is configured to allow requests from the current origin using the CHROMA_SERVER_CORS_ALLOW_ORIGINS environment variable."
4367 |       );
4368 |     }
4369 |     throw new ChromaConnectionError("Failed to connect to Chroma");
                 ^
ChromaConnectionError: Failed to connect to Chroma
 cause: undefined,

      at <anonymous> (/home/user/The-Oracle-Construct/lib/matrix-memory-agents/node_modules/chromadb/dist/chromadb.mjs:4369:11)
      at async <anonymous> (/home/user/The-Oracle-Construct/lib/matrix-memory-agents/node_modules/chromadb/dist/chromadb.mjs:338:32)
      at async getOrCreateCollection (/home/user/The-Oracle-Construct/lib/matrix-memory-agents/node_modules/chromadb/dist/chromadb.mjs:4877:43)
      at async initVectorDB (/home/user/The-Oracle-Construct/lib/matrix-memory-agents/src/vector-db.ts:500:33)
      at async saveCurrentSession (/home/user/The-Oracle-Construct/lib/matrix-memory-agents/scripts/memory/save-session.ts:723:11)

$ bun run scripts/memory/index.ts learn "/home/user/The-Oracle-Construct/psi/memory/sessions/2026-02/2026-02-21_10.36_auto-pulse.md"
[VectorDB] Using Transformers.js with model: multilingual-e5-base
[VectorDB] Failed to initialize: 4364 |     if (offlineError(err)) {
4365 |       throw new ChromaConnectionError(
4366 |         "Failed to connect to chromadb. Make sure your server is running and try again. If you are running from a browser, make sure that your chromadb instance is configured to allow requests from the current origin using the CHROMA_SERVER_CORS_ALLOW_ORIGINS environment variable."
4367 |       );
4368 |     }
4369 |     throw new ChromaConnectionError("Failed to connect to Chroma");
                 ^
ChromaConnectionError: Failed to connect to Chroma
 cause: undefined,

      at <anonymous> (/home/user/The-Oracle-Construct/lib/matrix-memory-agents/node_modules/chromadb/dist/chromadb.mjs:4369:11)
      at async <anonymous> (/home/user/The-Oracle-Construct/lib/matrix-memory-agents/node_modules/chromadb/dist/chromadb.mjs:338:32)
      at async getOrCreateCollection (/home/user/The-Oracle-Construct/lib/matrix-memory-agents/node_modules/chromadb/dist/chromadb.mjs:4877:43)
      at async initVectorDB (/home/user/The-Oracle-Construct/lib/matrix-memory-agents/src/vector-db.ts:500:33)
      at async saveLearning (/home/user/The-Oracle-Construct/lib/matrix-memory-agents/scripts/memory/learn.ts:578:11)
      at async learnFromFile (/home/user/The-Oracle-Construct/lib/matrix-memory-agents/scripts/memory/learn.ts:157:15)
      at async main (/home/user/The-Oracle-Construct/lib/matrix-memory-agents/scripts/memory/learn.ts:720:15)

$ bun run scripts/memory/index.ts save "Auto-saved session via pulse hook"
[VectorDB] Using Transformers.js with model: multilingual-e5-base
[VectorDB] Failed to initialize: 4364 |     if (offlineError(err)) {
4365 |       throw new ChromaConnectionError(
4366 |         "Failed to connect to chromadb. Make sure your server is running and try again. If you are running from a browser, make sure that your chromadb instance is configured to allow requests from the current origin using the CHROMA_SERVER_CORS_ALLOW_ORIGINS environment variable."
4367 |       );
4368 |     }
4369 |     throw new ChromaConnectionError("Failed to connect to Chroma");
                 ^
ChromaConnectionError: Failed to connect to Chroma
 cause: undefined,

      at <anonymous> (/home/user/The-Oracle-Construct/lib/matrix-memory-agents/node_modules/chromadb/dist/chromadb.mjs:4369:11)
      at async <anonymous> (/home/user/The-Oracle-Construct/lib/matrix-memory-agents/node_modules/chromadb/dist/chromadb.mjs:338:32)
      at async getOrCreateCollection (/home/user/The-Oracle-Construct/lib/matrix-memory-agents/node_modules/chromadb/dist/chromadb.mjs:4877:43)
      at async initVectorDB (/home/user/The-Oracle-Construct/lib/matrix-memory-agents/src/vector-db.ts:500:33)
      at async saveCurrentSession (/home/user/The-Oracle-Construct/lib/matrix-memory-agents/scripts/memory/save-session.ts:723:11)

$ bun run scripts/memory/index.ts learn "/home/user/The-Oracle-Construct/psi/memory/sessions/2026-02/2026-02-21_10.37_auto-pulse.md"
[VectorDB] Using Transformers.js with model: multilingual-e5-base
[VectorDB] Failed to initialize: 4364 |     if (offlineError(err)) {
4365 |       throw new ChromaConnectionError(
4366 |         "Failed to connect to chromadb. Make sure your server is running and try again. If you are running from a browser, make sure that your chromadb instance is configured to allow requests from the current origin using the CHROMA_SERVER_CORS_ALLOW_ORIGINS environment variable."
4367 |       );
4368 |     }
4369 |     throw new ChromaConnectionError("Failed to connect to Chroma");
                 ^
ChromaConnectionError: Failed to connect to Chroma
 cause: undefined,

      at <anonymous> (/home/user/The-Oracle-Construct/lib/matrix-memory-agents/node_modules/chromadb/dist/chromadb.mjs:4369:11)
      at async <anonymous> (/home/user/The-Oracle-Construct/lib/matrix-memory-agents/node_modules/chromadb/dist/chromadb.mjs:338:32)
      at async getOrCreateCollection (/home/user/The-Oracle-Construct/lib/matrix-memory-agents/node_modules/chromadb/dist/chromadb.mjs:4877:43)
      at async initVectorDB (/home/user/The-Oracle-Construct/lib/matrix-memory-agents/src/vector-db.ts:500:33)
      at async saveLearning (/home/user/The-Oracle-Construct/lib/matrix-memory-agents/scripts/memory/learn.ts:578:11)
      at async learnFromFile (/home/user/The-Oracle-Construct/lib/matrix-memory-agents/scripts/memory/learn.ts:157:15)
      at async main (/home/user/The-Oracle-Construct/lib/matrix-memory-agents/scripts/memory/learn.ts:720:15)

$ bun run scripts/memory/index.ts save "Auto-saved session via pulse hook"
[VectorDB] Using Transformers.js with model: multilingual-e5-base
[VectorDB] Failed to initialize: 4364 |     if (offlineError(err)) {
4365 |       throw new ChromaConnectionError(
4366 |         "Failed to connect to chromadb. Make sure your server is running and try again. If you are running from a browser, make sure that your chromadb instance is configured to allow requests from the current origin using the CHROMA_SERVER_CORS_ALLOW_ORIGINS environment variable."
4367 |       );
4368 |     }
4369 |     throw new ChromaConnectionError("Failed to connect to Chroma");
                 ^
ChromaConnectionError: Failed to connect to Chroma
 cause: undefined,

      at <anonymous> (/home/user/The-Oracle-Construct/lib/matrix-memory-agents/node_modules/chromadb/dist/chromadb.mjs:4369:11)
      at async <anonymous> (/home/user/The-Oracle-Construct/lib/matrix-memory-agents/node_modules/chromadb/dist/chromadb.mjs:338:32)
      at async getOrCreateCollection (/home/user/The-Oracle-Construct/lib/matrix-memory-agents/node_modules/chromadb/dist/chromadb.mjs:4877:43)
      at async initVectorDB (/home/user/The-Oracle-Construct/lib/matrix-memory-agents/src/vector-db.ts:500:33)
      at async saveCurrentSession (/home/user/The-Oracle-Construct/lib/matrix-memory-agents/scripts/memory/save-session.ts:723:11)

$ bun run scripts/memory/index.ts learn "/home/user/The-Oracle-Construct/psi/memory/sessions/2026-02/2026-02-21_10.37_auto-pulse.md"
[VectorDB] Using Transformers.js with model: multilingual-e5-base
[VectorDB] Failed to initialize: 4364 |     if (offlineError(err)) {
4365 |       throw new ChromaConnectionError(
4366 |         "Failed to connect to chromadb. Make sure your server is running and try again. If you are running from a browser, make sure that your chromadb instance is configured to allow requests from the current origin using the CHROMA_SERVER_CORS_ALLOW_ORIGINS environment variable."
4367 |       );
4368 |     }
4369 |     throw new ChromaConnectionError("Failed to connect to Chroma");
                 ^
ChromaConnectionError: Failed to connect to Chroma
 cause: undefined,

      at <anonymous> (/home/user/The-Oracle-Construct/lib/matrix-memory-agents/node_modules/chromadb/dist/chromadb.mjs:4369:11)
      at async <anonymous> (/home/user/The-Oracle-Construct/lib/matrix-memory-agents/node_modules/chromadb/dist/chromadb.mjs:338:32)
      at async getOrCreateCollection (/home/user/The-Oracle-Construct/lib/matrix-memory-agents/node_modules/chromadb/dist/chromadb.mjs:4877:43)
      at async initVectorDB (/home/user/The-Oracle-Construct/lib/matrix-memory-agents/src/vector-db.ts:500:33)
      at async saveLearning (/home/user/The-Oracle-Construct/lib/matrix-memory-agents/scripts/memory/learn.ts:578:11)
      at async learnFromFile (/home/user/The-Oracle-Construct/lib/matrix-memory-agents/scripts/memory/learn.ts:157:15)
      at async main (/home/user/The-Oracle-Construct/lib/matrix-memory-agents/scripts/memory/learn.ts:720:15)

$ bun run scripts/memory/index.ts save "Auto-saved session via pulse hook"
[VectorDB] Using Transformers.js with model: multilingual-e5-base
[VectorDB] Failed to initialize: 4364 |     if (offlineError(err)) {
4365 |       throw new ChromaConnectionError(
4366 |         "Failed to connect to chromadb. Make sure your server is running and try again. If you are running from a browser, make sure that your chromadb instance is configured to allow requests from the current origin using the CHROMA_SERVER_CORS_ALLOW_ORIGINS environment variable."
4367 |       );
4368 |     }
4369 |     throw new ChromaConnectionError("Failed to connect to Chroma");
                 ^
ChromaConnectionError: Failed to connect to Chroma
 cause: undefined,

      at <anonymous> (/home/user/The-Oracle-Construct/lib/matrix-memory-agents/node_modules/chromadb/dist/chromadb.mjs:4369:11)
      at async <anonymous> (/home/user/The-Oracle-Construct/lib/matrix-memory-agents/node_modules/chromadb/dist/chromadb.mjs:338:32)
      at async getOrCreateCollection (/home/user/The-Oracle-Construct/lib/matrix-memory-agents/node_modules/chromadb/dist/chromadb.mjs:4877:43)
      at async initVectorDB (/home/user/The-Oracle-Construct/lib/matrix-memory-agents/src/vector-db.ts:500:33)
      at async saveCurrentSession (/home/user/The-Oracle-Construct/lib/matrix-memory-agents/scripts/memory/save-session.ts:723:11)

$ bun run scripts/memory/index.ts learn "/home/user/The-Oracle-Construct/psi/memory/sessions/2026-02/2026-02-21_10.38_auto-pulse.md"
[VectorDB] Using Transformers.js with model: multilingual-e5-base
[VectorDB] Failed to initialize: 4364 |     if (offlineError(err)) {
4365 |       throw new ChromaConnectionError(
4366 |         "Failed to connect to chromadb. Make sure your server is running and try again. If you are running from a browser, make sure that your chromadb instance is configured to allow requests from the current origin using the CHROMA_SERVER_CORS_ALLOW_ORIGINS environment variable."
4367 |       );
4368 |     }
4369 |     throw new ChromaConnectionError("Failed to connect to Chroma");
                 ^
ChromaConnectionError: Failed to connect to Chroma
 cause: undefined,

      at <anonymous> (/home/user/The-Oracle-Construct/lib/matrix-memory-agents/node_modules/chromadb/dist/chromadb.mjs:4369:11)
      at async <anonymous> (/home/user/The-Oracle-Construct/lib/matrix-memory-agents/node_modules/chromadb/dist/chromadb.mjs:338:32)
      at async getOrCreateCollection (/home/user/The-Oracle-Construct/lib/matrix-memory-agents/node_modules/chromadb/dist/chromadb.mjs:4877:43)
      at async initVectorDB (/home/user/The-Oracle-Construct/lib/matrix-memory-agents/src/vector-db.ts:500:33)
      at async saveLearning (/home/user/The-Oracle-Construct/lib/matrix-memory-agents/scripts/memory/learn.ts:578:11)
      at async learnFromFile (/home/user/The-Oracle-Construct/lib/matrix-memory-agents/scripts/memory/learn.ts:157:15)
      at async main (/home/user/The-Oracle-Construct/lib/matrix-memory-agents/scripts/memory/learn.ts:720:15)

$ bun run scripts/memory/index.ts save "Auto-saved session via pulse hook"
[VectorDB] Using Transformers.js with model: multilingual-e5-base
[VectorDB] Failed to initialize: 4364 |     if (offlineError(err)) {
4365 |       throw new ChromaConnectionError(
4366 |         "Failed to connect to chromadb. Make sure your server is running and try again. If you are running from a browser, make sure that your chromadb instance is configured to allow requests from the current origin using the CHROMA_SERVER_CORS_ALLOW_ORIGINS environment variable."
4367 |       );
4368 |     }
4369 |     throw new ChromaConnectionError("Failed to connect to Chroma");
                 ^
ChromaConnectionError: Failed to connect to Chroma
 cause: undefined,

      at <anonymous> (/home/user/The-Oracle-Construct/lib/matrix-memory-agents/node_modules/chromadb/dist/chromadb.mjs:4369:11)
      at async <anonymous> (/home/user/The-Oracle-Construct/lib/matrix-memory-agents/node_modules/chromadb/dist/chromadb.mjs:338:32)
      at async getOrCreateCollection (/home/user/The-Oracle-Construct/lib/matrix-memory-agents/node_modules/chromadb/dist/chromadb.mjs:4877:43)
      at async initVectorDB (/home/user/The-Oracle-Construct/lib/matrix-memory-agents/src/vector-db.ts:500:33)
      at async saveCurrentSession (/home/user/The-Oracle-Construct/lib/matrix-memory-agents/scripts/memory/save-session.ts:723:11)

$ bun run scripts/memory/index.ts learn "/home/user/The-Oracle-Construct/psi/memory/sessions/2026-02/2026-02-21_10.40_auto-pulse.md"
[VectorDB] Using Transformers.js with model: multilingual-e5-base
[VectorDB] Failed to initialize: 4364 |     if (offlineError(err)) {
4365 |       throw new ChromaConnectionError(
4366 |         "Failed to connect to chromadb. Make sure your server is running and try again. If you are running from a browser, make sure that your chromadb instance is configured to allow requests from the current origin using the CHROMA_SERVER_CORS_ALLOW_ORIGINS environment variable."
4367 |       );
4368 |     }
4369 |     throw new ChromaConnectionError("Failed to connect to Chroma");
                 ^
ChromaConnectionError: Failed to connect to Chroma
 cause: undefined,

      at <anonymous> (/home/user/The-Oracle-Construct/lib/matrix-memory-agents/node_modules/chromadb/dist/chromadb.mjs:4369:11)
      at async <anonymous> (/home/user/The-Oracle-Construct/lib/matrix-memory-agents/node_modules/chromadb/dist/chromadb.mjs:338:32)
      at async getOrCreateCollection (/home/user/The-Oracle-Construct/lib/matrix-memory-agents/node_modules/chromadb/dist/chromadb.mjs:4877:43)
      at async initVectorDB (/home/user/The-Oracle-Construct/lib/matrix-memory-agents/src/vector-db.ts:500:33)
      at async saveLearning (/home/user/The-Oracle-Construct/lib/matrix-memory-agents/scripts/memory/learn.ts:578:11)
      at async learnFromFile (/home/user/The-Oracle-Construct/lib/matrix-memory-agents/scripts/memory/learn.ts:157:15)
      at async main (/home/user/The-Oracle-Construct/lib/matrix-memory-agents/scripts/memory/learn.ts:720:15)

$ bun run scripts/memory/index.ts save "Auto-saved session via pulse hook"
[VectorDB] Using Transformers.js with model: multilingual-e5-base
[VectorDB] Failed to initialize: 4364 |     if (offlineError(err)) {
4365 |       throw new ChromaConnectionError(
4366 |         "Failed to connect to chromadb. Make sure your server is running and try again. If you are running from a browser, make sure that your chromadb instance is configured to allow requests from the current origin using the CHROMA_SERVER_CORS_ALLOW_ORIGINS environment variable."
4367 |       );
4368 |     }
4369 |     throw new ChromaConnectionError("Failed to connect to Chroma");
                 ^
ChromaConnectionError: Failed to connect to Chroma
 cause: undefined,

      at <anonymous> (/home/user/The-Oracle-Construct/lib/matrix-memory-agents/node_modules/chromadb/dist/chromadb.mjs:4369:11)
      at async <anonymous> (/home/user/The-Oracle-Construct/lib/matrix-memory-agents/node_modules/chromadb/dist/chromadb.mjs:338:32)
      at async getOrCreateCollection (/home/user/The-Oracle-Construct/lib/matrix-memory-agents/node_modules/chromadb/dist/chromadb.mjs:4877:43)
      at async initVectorDB (/home/user/The-Oracle-Construct/lib/matrix-memory-agents/src/vector-db.ts:500:33)
      at async saveCurrentSession (/home/user/The-Oracle-Construct/lib/matrix-memory-agents/scripts/memory/save-session.ts:723:11)

$ bun run scripts/memory/index.ts learn "/home/user/The-Oracle-Construct/psi/memory/sessions/2026-02/2026-02-21_10.40_auto-pulse.md"
[VectorDB] Using Transformers.js with model: multilingual-e5-base
[VectorDB] Failed to initialize: 4364 |     if (offlineError(err)) {
4365 |       throw new ChromaConnectionError(
4366 |         "Failed to connect to chromadb. Make sure your server is running and try again. If you are running from a browser, make sure that your chromadb instance is configured to allow requests from the current origin using the CHROMA_SERVER_CORS_ALLOW_ORIGINS environment variable."
4367 |       );
4368 |     }
4369 |     throw new ChromaConnectionError("Failed to connect to Chroma");
                 ^
ChromaConnectionError: Failed to connect to Chroma
 cause: undefined,

      at <anonymous> (/home/user/The-Oracle-Construct/lib/matrix-memory-agents/node_modules/chromadb/dist/chromadb.mjs:4369:11)
      at async <anonymous> (/home/user/The-Oracle-Construct/lib/matrix-memory-agents/node_modules/chromadb/dist/chromadb.mjs:338:32)
      at async getOrCreateCollection (/home/user/The-Oracle-Construct/lib/matrix-memory-agents/node_modules/chromadb/dist/chromadb.mjs:4877:43)
      at async initVectorDB (/home/user/The-Oracle-Construct/lib/matrix-memory-agents/src/vector-db.ts:500:33)
      at async saveLearning (/home/user/The-Oracle-Construct/lib/matrix-memory-agents/scripts/memory/learn.ts:578:11)
      at async learnFromFile (/home/user/The-Oracle-Construct/lib/matrix-memory-agents/scripts/memory/learn.ts:157:15)
      at async main (/home/user/The-Oracle-Construct/lib/matrix-memory-agents/scripts/memory/learn.ts:720:15)

$ bun run scripts/memory/index.ts save "Auto-saved session via pulse hook"
[VectorDB] Using Transformers.js with model: multilingual-e5-base
[VectorDB] Failed to initialize: 4364 |     if (offlineError(err)) {
4365 |       throw new ChromaConnectionError(
4366 |         "Failed to connect to chromadb. Make sure your server is running and try again. If you are running from a browser, make sure that your chromadb instance is configured to allow requests from the current origin using the CHROMA_SERVER_CORS_ALLOW_ORIGINS environment variable."
4367 |       );
4368 |     }
4369 |     throw new ChromaConnectionError("Failed to connect to Chroma");
                 ^
ChromaConnectionError: Failed to connect to Chroma
 cause: undefined,

      at <anonymous> (/home/user/The-Oracle-Construct/lib/matrix-memory-agents/node_modules/chromadb/dist/chromadb.mjs:4369:11)
      at async <anonymous> (/home/user/The-Oracle-Construct/lib/matrix-memory-agents/node_modules/chromadb/dist/chromadb.mjs:338:32)
      at async getOrCreateCollection (/home/user/The-Oracle-Construct/lib/matrix-memory-agents/node_modules/chromadb/dist/chromadb.mjs:4877:43)
      at async initVectorDB (/home/user/The-Oracle-Construct/lib/matrix-memory-agents/src/vector-db.ts:500:33)
      at async saveCurrentSession (/home/user/The-Oracle-Construct/lib/matrix-memory-agents/scripts/memory/save-session.ts:723:11)

$ bun run scripts/memory/index.ts learn "/home/user/The-Oracle-Construct/psi/memory/sessions/2026-02/2026-02-21_11.04_auto-pulse.md"
[VectorDB] Using Transformers.js with model: multilingual-e5-base
[VectorDB] Failed to initialize: 4364 |     if (offlineError(err)) {
4365 |       throw new ChromaConnectionError(
4366 |         "Failed to connect to chromadb. Make sure your server is running and try again. If you are running from a browser, make sure that your chromadb instance is configured to allow requests from the current origin using the CHROMA_SERVER_CORS_ALLOW_ORIGINS environment variable."
4367 |       );
4368 |     }
4369 |     throw new ChromaConnectionError("Failed to connect to Chroma");
                 ^
ChromaConnectionError: Failed to connect to Chroma
 cause: undefined,

      at <anonymous> (/home/user/The-Oracle-Construct/lib/matrix-memory-agents/node_modules/chromadb/dist/chromadb.mjs:4369:11)
      at async <anonymous> (/home/user/The-Oracle-Construct/lib/matrix-memory-agents/node_modules/chromadb/dist/chromadb.mjs:338:32)
      at async getOrCreateCollection (/home/user/The-Oracle-Construct/lib/matrix-memory-agents/node_modules/chromadb/dist/chromadb.mjs:4877:43)
      at async initVectorDB (/home/user/The-Oracle-Construct/lib/matrix-memory-agents/src/vector-db.ts:500:33)
      at async saveLearning (/home/user/The-Oracle-Construct/lib/matrix-memory-agents/scripts/memory/learn.ts:578:11)
      at async learnFromFile (/home/user/The-Oracle-Construct/lib/matrix-memory-agents/scripts/memory/learn.ts:157:15)
      at async main (/home/user/The-Oracle-Construct/lib/matrix-memory-agents/scripts/memory/learn.ts:720:15)

$ bun run scripts/memory/index.ts save "Auto-saved session via pulse hook"
[VectorDB] Using Transformers.js with model: multilingual-e5-base
[VectorDB] Failed to initialize: 4364 |     if (offlineError(err)) {
4365 |       throw new ChromaConnectionError(
4366 |         "Failed to connect to chromadb. Make sure your server is running and try again. If you are running from a browser, make sure that your chromadb instance is configured to allow requests from the current origin using the CHROMA_SERVER_CORS_ALLOW_ORIGINS environment variable."
4367 |       );
4368 |     }
4369 |     throw new ChromaConnectionError("Failed to connect to Chroma");
                 ^
ChromaConnectionError: Failed to connect to Chroma
 cause: undefined,

      at <anonymous> (/home/user/The-Oracle-Construct/lib/matrix-memory-agents/node_modules/chromadb/dist/chromadb.mjs:4369:11)
      at async <anonymous> (/home/user/The-Oracle-Construct/lib/matrix-memory-agents/node_modules/chromadb/dist/chromadb.mjs:338:32)
      at async getOrCreateCollection (/home/user/The-Oracle-Construct/lib/matrix-memory-agents/node_modules/chromadb/dist/chromadb.mjs:4877:43)
      at async initVectorDB (/home/user/The-Oracle-Construct/lib/matrix-memory-agents/src/vector-db.ts:500:33)
      at async saveCurrentSession (/home/user/The-Oracle-Construct/lib/matrix-memory-agents/scripts/memory/save-session.ts:723:11)

$ bun run scripts/memory/index.ts learn "/home/user/The-Oracle-Construct/psi/memory/sessions/2026-02/2026-02-21_11.04_auto-pulse.md"
[VectorDB] Using Transformers.js with model: multilingual-e5-base
[VectorDB] Failed to initialize: 4364 |     if (offlineError(err)) {
4365 |       throw new ChromaConnectionError(
4366 |         "Failed to connect to chromadb. Make sure your server is running and try again. If you are running from a browser, make sure that your chromadb instance is configured to allow requests from the current origin using the CHROMA_SERVER_CORS_ALLOW_ORIGINS environment variable."
4367 |       );
4368 |     }
4369 |     throw new ChromaConnectionError("Failed to connect to Chroma");
                 ^
ChromaConnectionError: Failed to connect to Chroma
 cause: undefined,

      at <anonymous> (/home/user/The-Oracle-Construct/lib/matrix-memory-agents/node_modules/chromadb/dist/chromadb.mjs:4369:11)
      at async <anonymous> (/home/user/The-Oracle-Construct/lib/matrix-memory-agents/node_modules/chromadb/dist/chromadb.mjs:338:32)
      at async getOrCreateCollection (/home/user/The-Oracle-Construct/lib/matrix-memory-agents/node_modules/chromadb/dist/chromadb.mjs:4877:43)
      at async initVectorDB (/home/user/The-Oracle-Construct/lib/matrix-memory-agents/src/vector-db.ts:500:33)
      at async saveLearning (/home/user/The-Oracle-Construct/lib/matrix-memory-agents/scripts/memory/learn.ts:578:11)
      at async learnFromFile (/home/user/The-Oracle-Construct/lib/matrix-memory-agents/scripts/memory/learn.ts:157:15)
      at async main (/home/user/The-Oracle-Construct/lib/matrix-memory-agents/scripts/memory/learn.ts:720:15)

$ bun run scripts/memory/index.ts save "Auto-saved session via pulse hook"
[VectorDB] Using Transformers.js with model: multilingual-e5-base
[VectorDB] Failed to initialize: 4364 |     if (offlineError(err)) {
4365 |       throw new ChromaConnectionError(
4366 |         "Failed to connect to chromadb. Make sure your server is running and try again. If you are running from a browser, make sure that your chromadb instance is configured to allow requests from the current origin using the CHROMA_SERVER_CORS_ALLOW_ORIGINS environment variable."
4367 |       );
4368 |     }
4369 |     throw new ChromaConnectionError("Failed to connect to Chroma");
                 ^
ChromaConnectionError: Failed to connect to Chroma
 cause: undefined,

      at <anonymous> (/home/user/The-Oracle-Construct/lib/matrix-memory-agents/node_modules/chromadb/dist/chromadb.mjs:4369:11)
      at async <anonymous> (/home/user/The-Oracle-Construct/lib/matrix-memory-agents/node_modules/chromadb/dist/chromadb.mjs:338:32)
      at async getOrCreateCollection (/home/user/The-Oracle-Construct/lib/matrix-memory-agents/node_modules/chromadb/dist/chromadb.mjs:4877:43)
      at async initVectorDB (/home/user/The-Oracle-Construct/lib/matrix-memory-agents/src/vector-db.ts:500:33)
      at async saveCurrentSession (/home/user/The-Oracle-Construct/lib/matrix-memory-agents/scripts/memory/save-session.ts:723:11)

$ bun run scripts/memory/index.ts learn "/home/user/The-Oracle-Construct/psi/memory/sessions/2026-02/2026-02-21_11.06_auto-pulse.md"
[VectorDB] Using Transformers.js with model: multilingual-e5-base
[VectorDB] Failed to initialize: 4364 |     if (offlineError(err)) {
4365 |       throw new ChromaConnectionError(
4366 |         "Failed to connect to chromadb. Make sure your server is running and try again. If you are running from a browser, make sure that your chromadb instance is configured to allow requests from the current origin using the CHROMA_SERVER_CORS_ALLOW_ORIGINS environment variable."
4367 |       );
4368 |     }
4369 |     throw new ChromaConnectionError("Failed to connect to Chroma");
                 ^
ChromaConnectionError: Failed to connect to Chroma
 cause: undefined,

      at <anonymous> (/home/user/The-Oracle-Construct/lib/matrix-memory-agents/node_modules/chromadb/dist/chromadb.mjs:4369:11)
      at async <anonymous> (/home/user/The-Oracle-Construct/lib/matrix-memory-agents/node_modules/chromadb/dist/chromadb.mjs:338:32)
      at async getOrCreateCollection (/home/user/The-Oracle-Construct/lib/matrix-memory-agents/node_modules/chromadb/dist/chromadb.mjs:4877:43)
      at async initVectorDB (/home/user/The-Oracle-Construct/lib/matrix-memory-agents/src/vector-db.ts:500:33)
      at async saveLearning (/home/user/The-Oracle-Construct/lib/matrix-memory-agents/scripts/memory/learn.ts:578:11)
      at async learnFromFile (/home/user/The-Oracle-Construct/lib/matrix-memory-agents/scripts/memory/learn.ts:157:15)
      at async main (/home/user/The-Oracle-Construct/lib/matrix-memory-agents/scripts/memory/learn.ts:720:15)

$ bun run scripts/memory/index.ts save "Auto-saved session via pulse hook"
[VectorDB] Using Transformers.js with model: multilingual-e5-base
[VectorDB] Failed to initialize: 4364 |     if (offlineError(err)) {
4365 |       throw new ChromaConnectionError(
4366 |         "Failed to connect to chromadb. Make sure your server is running and try again. If you are running from a browser, make sure that your chromadb instance is configured to allow requests from the current origin using the CHROMA_SERVER_CORS_ALLOW_ORIGINS environment variable."
4367 |       );
4368 |     }
4369 |     throw new ChromaConnectionError("Failed to connect to Chroma");
                 ^
ChromaConnectionError: Failed to connect to Chroma
 cause: undefined,

      at <anonymous> (/home/user/The-Oracle-Construct/lib/matrix-memory-agents/node_modules/chromadb/dist/chromadb.mjs:4369:11)
      at async <anonymous> (/home/user/The-Oracle-Construct/lib/matrix-memory-agents/node_modules/chromadb/dist/chromadb.mjs:338:32)
      at async getOrCreateCollection (/home/user/The-Oracle-Construct/lib/matrix-memory-agents/node_modules/chromadb/dist/chromadb.mjs:4877:43)
      at async initVectorDB (/home/user/The-Oracle-Construct/lib/matrix-memory-agents/src/vector-db.ts:500:33)
      at async saveCurrentSession (/home/user/The-Oracle-Construct/lib/matrix-memory-agents/scripts/memory/save-session.ts:723:11)

$ bun run scripts/memory/index.ts learn "/home/user/The-Oracle-Construct/psi/memory/sessions/2026-02/2026-02-21_11.06_auto-pulse.md"
[VectorDB] Using Transformers.js with model: multilingual-e5-base
[VectorDB] Failed to initialize: 4364 |     if (offlineError(err)) {
4365 |       throw new ChromaConnectionError(
4366 |         "Failed to connect to chromadb. Make sure your server is running and try again. If you are running from a browser, make sure that your chromadb instance is configured to allow requests from the current origin using the CHROMA_SERVER_CORS_ALLOW_ORIGINS environment variable."
4367 |       );
4368 |     }
4369 |     throw new ChromaConnectionError("Failed to connect to Chroma");
                 ^
ChromaConnectionError: Failed to connect to Chroma
 cause: undefined,

      at <anonymous> (/home/user/The-Oracle-Construct/lib/matrix-memory-agents/node_modules/chromadb/dist/chromadb.mjs:4369:11)
      at async <anonymous> (/home/user/The-Oracle-Construct/lib/matrix-memory-agents/node_modules/chromadb/dist/chromadb.mjs:338:32)
      at async getOrCreateCollection (/home/user/The-Oracle-Construct/lib/matrix-memory-agents/node_modules/chromadb/dist/chromadb.mjs:4877:43)
      at async initVectorDB (/home/user/The-Oracle-Construct/lib/matrix-memory-agents/src/vector-db.ts:500:33)
      at async saveLearning (/home/user/The-Oracle-Construct/lib/matrix-memory-agents/scripts/memory/learn.ts:578:11)
      at async learnFromFile (/home/user/The-Oracle-Construct/lib/matrix-memory-agents/scripts/memory/learn.ts:157:15)
      at async main (/home/user/The-Oracle-Construct/lib/matrix-memory-agents/scripts/memory/learn.ts:720:15)

$ bun run scripts/memory/index.ts save "Auto-saved session via pulse hook"
[VectorDB] Using Transformers.js with model: multilingual-e5-base
[VectorDB] Failed to initialize: 4364 |     if (offlineError(err)) {
4365 |       throw new ChromaConnectionError(
4366 |         "Failed to connect to chromadb. Make sure your server is running and try again. If you are running from a browser, make sure that your chromadb instance is configured to allow requests from the current origin using the CHROMA_SERVER_CORS_ALLOW_ORIGINS environment variable."
4367 |       );
4368 |     }
4369 |     throw new ChromaConnectionError("Failed to connect to Chroma");
                 ^
ChromaConnectionError: Failed to connect to Chroma
 cause: undefined,

      at <anonymous> (/home/user/The-Oracle-Construct/lib/matrix-memory-agents/node_modules/chromadb/dist/chromadb.mjs:4369:11)
      at async <anonymous> (/home/user/The-Oracle-Construct/lib/matrix-memory-agents/node_modules/chromadb/dist/chromadb.mjs:338:32)
      at async getOrCreateCollection (/home/user/The-Oracle-Construct/lib/matrix-memory-agents/node_modules/chromadb/dist/chromadb.mjs:4877:43)
      at async initVectorDB (/home/user/The-Oracle-Construct/lib/matrix-memory-agents/src/vector-db.ts:500:33)
      at async saveCurrentSession (/home/user/The-Oracle-Construct/lib/matrix-memory-agents/scripts/memory/save-session.ts:723:11)

$ bun run scripts/memory/index.ts learn "/home/user/The-Oracle-Construct/psi/memory/sessions/2026-02/2026-02-21_11.09_auto-pulse.md"
[VectorDB] Using Transformers.js with model: multilingual-e5-base
[VectorDB] Failed to initialize: 4364 |     if (offlineError(err)) {
4365 |       throw new ChromaConnectionError(
4366 |         "Failed to connect to chromadb. Make sure your server is running and try again. If you are running from a browser, make sure that your chromadb instance is configured to allow requests from the current origin using the CHROMA_SERVER_CORS_ALLOW_ORIGINS environment variable."
4367 |       );
4368 |     }
4369 |     throw new ChromaConnectionError("Failed to connect to Chroma");
                 ^
ChromaConnectionError: Failed to connect to Chroma
 cause: undefined,

      at <anonymous> (/home/user/The-Oracle-Construct/lib/matrix-memory-agents/node_modules/chromadb/dist/chromadb.mjs:4369:11)
      at async <anonymous> (/home/user/The-Oracle-Construct/lib/matrix-memory-agents/node_modules/chromadb/dist/chromadb.mjs:338:32)
      at async getOrCreateCollection (/home/user/The-Oracle-Construct/lib/matrix-memory-agents/node_modules/chromadb/dist/chromadb.mjs:4877:43)
      at async initVectorDB (/home/user/The-Oracle-Construct/lib/matrix-memory-agents/src/vector-db.ts:500:33)
      at async saveLearning (/home/user/The-Oracle-Construct/lib/matrix-memory-agents/scripts/memory/learn.ts:578:11)
      at async learnFromFile (/home/user/The-Oracle-Construct/lib/matrix-memory-agents/scripts/memory/learn.ts:157:15)
      at async main (/home/user/The-Oracle-Construct/lib/matrix-memory-agents/scripts/memory/learn.ts:720:15)

$ bun run scripts/memory/index.ts save "Auto-saved session via pulse hook"
[VectorDB] Using Transformers.js with model: multilingual-e5-base
[VectorDB] Failed to initialize: 4364 |     if (offlineError(err)) {
4365 |       throw new ChromaConnectionError(
4366 |         "Failed to connect to chromadb. Make sure your server is running and try again. If you are running from a browser, make sure that your chromadb instance is configured to allow requests from the current origin using the CHROMA_SERVER_CORS_ALLOW_ORIGINS environment variable."
4367 |       );
4368 |     }
4369 |     throw new ChromaConnectionError("Failed to connect to Chroma");
                 ^
ChromaConnectionError: Failed to connect to Chroma
 cause: undefined,

      at <anonymous> (/home/user/The-Oracle-Construct/lib/matrix-memory-agents/node_modules/chromadb/dist/chromadb.mjs:4369:11)
      at async <anonymous> (/home/user/The-Oracle-Construct/lib/matrix-memory-agents/node_modules/chromadb/dist/chromadb.mjs:338:32)
      at async getOrCreateCollection (/home/user/The-Oracle-Construct/lib/matrix-memory-agents/node_modules/chromadb/dist/chromadb.mjs:4877:43)
      at async initVectorDB (/home/user/The-Oracle-Construct/lib/matrix-memory-agents/src/vector-db.ts:500:33)
      at async saveCurrentSession (/home/user/The-Oracle-Construct/lib/matrix-memory-agents/scripts/memory/save-session.ts:723:11)

$ bun run scripts/memory/index.ts learn "/home/user/The-Oracle-Construct/psi/memory/sessions/2026-02/2026-02-22_04.04_auto-pulse.md"
[VectorDB] Using Transformers.js with model: multilingual-e5-base
[VectorDB] Failed to initialize: 4364 |     if (offlineError(err)) {
4365 |       throw new ChromaConnectionError(
4366 |         "Failed to connect to chromadb. Make sure your server is running and try again. If you are running from a browser, make sure that your chromadb instance is configured to allow requests from the current origin using the CHROMA_SERVER_CORS_ALLOW_ORIGINS environment variable."
4367 |       );
4368 |     }
4369 |     throw new ChromaConnectionError("Failed to connect to Chroma");
                 ^
ChromaConnectionError: Failed to connect to Chroma
 cause: undefined,

      at <anonymous> (/home/user/The-Oracle-Construct/lib/matrix-memory-agents/node_modules/chromadb/dist/chromadb.mjs:4369:11)
      at async <anonymous> (/home/user/The-Oracle-Construct/lib/matrix-memory-agents/node_modules/chromadb/dist/chromadb.mjs:338:32)
      at async getOrCreateCollection (/home/user/The-Oracle-Construct/lib/matrix-memory-agents/node_modules/chromadb/dist/chromadb.mjs:4877:43)
      at async initVectorDB (/home/user/The-Oracle-Construct/lib/matrix-memory-agents/src/vector-db.ts:500:33)
      at async saveLearning (/home/user/The-Oracle-Construct/lib/matrix-memory-agents/scripts/memory/learn.ts:578:11)
      at async learnFromFile (/home/user/The-Oracle-Construct/lib/matrix-memory-agents/scripts/memory/learn.ts:157:15)
      at async main (/home/user/The-Oracle-Construct/lib/matrix-memory-agents/scripts/memory/learn.ts:720:15)

$ bun run scripts/memory/index.ts save "Auto-saved session via pulse hook"
[VectorDB] Using Transformers.js with model: multilingual-e5-base
[VectorDB] Failed to initialize: 4553 |     if (offlineError(err)) {
4554 |       throw new ChromaConnectionError(
4555 |         "Failed to connect to chromadb. Make sure your server is running and try again. If you are running from a browser, make sure that your chromadb instance is configured to allow requests from the current origin using the CHROMA_SERVER_CORS_ALLOW_ORIGINS environment variable."
4556 |       );
4557 |     }
4558 |     throw new ChromaConnectionError("Failed to connect to Chroma");
                 ^
ChromaConnectionError: Failed to connect to Chroma
 cause: undefined,

      at <anonymous> (/Users/jarkius/.bun/install/cache/chromadb@3.3.3@@@1/dist/chromadb.mjs:4558:11)
      at async <anonymous> (/Users/jarkius/.bun/install/cache/chromadb@3.3.3@@@1/dist/chromadb.mjs:338:32)
      at async getOrCreateCollection (/Users/jarkius/.bun/install/cache/chromadb@3.3.3@@@1/dist/chromadb.mjs:5062:46)
      at async initVectorDB (/Users/jarkius/workspace/The-matrix/lib/matrix-memory-agents/src/vector-db.ts:500:33)
      at async saveCurrentSession (/Users/jarkius/workspace/The-matrix/lib/matrix-memory-agents/scripts/memory/save-session.ts:723:11)

$ bun run scripts/memory/index.ts learn "/Users/jarkius/workspace/The-matrix/psi/memory/sessions/2026-03/2026-03-16_12.00_auto-pulse.md"
[VectorDB] Using Transformers.js with model: multilingual-e5-base
[VectorDB] Failed to initialize: 4553 |     if (offlineError(err)) {
4554 |       throw new ChromaConnectionError(
4555 |         "Failed to connect to chromadb. Make sure your server is running and try again. If you are running from a browser, make sure that your chromadb instance is configured to allow requests from the current origin using the CHROMA_SERVER_CORS_ALLOW_ORIGINS environment variable."
4556 |       );
4557 |     }
4558 |     throw new ChromaConnectionError("Failed to connect to Chroma");
                 ^
ChromaConnectionError: Failed to connect to Chroma
 cause: undefined,

      at <anonymous> (/Users/jarkius/.bun/install/cache/chromadb@3.3.3@@@1/dist/chromadb.mjs:4558:11)
      at async <anonymous> (/Users/jarkius/.bun/install/cache/chromadb@3.3.3@@@1/dist/chromadb.mjs:338:32)
      at async getOrCreateCollection (/Users/jarkius/.bun/install/cache/chromadb@3.3.3@@@1/dist/chromadb.mjs:5062:46)
      at async initVectorDB (/Users/jarkius/workspace/The-matrix/lib/matrix-memory-agents/src/vector-db.ts:500:33)
      at async saveLearning (/Users/jarkius/workspace/The-matrix/lib/matrix-memory-agents/scripts/memory/learn.ts:578:11)
      at async learnFromFile (/Users/jarkius/workspace/The-matrix/lib/matrix-memory-agents/scripts/memory/learn.ts:157:15)
      at async main (/Users/jarkius/workspace/The-matrix/lib/matrix-memory-agents/scripts/memory/learn.ts:720:15)

$ bun run scripts/memory/index.ts save "Auto-saved session via pulse hook"
[VectorDB] Using Transformers.js with model: multilingual-e5-base
[VectorDB] Failed to initialize: 4553 |     if (offlineError(err)) {
4554 |       throw new ChromaConnectionError(
4555 |         "Failed to connect to chromadb. Make sure your server is running and try again. If you are running from a browser, make sure that your chromadb instance is configured to allow requests from the current origin using the CHROMA_SERVER_CORS_ALLOW_ORIGINS environment variable."
4556 |       );
4557 |     }
4558 |     throw new ChromaConnectionError("Failed to connect to Chroma");
                 ^
ChromaConnectionError: Failed to connect to Chroma
 cause: undefined,

      at <anonymous> (/Users/jarkius/.bun/install/cache/chromadb@3.3.3@@@1/dist/chromadb.mjs:4558:11)
      at async <anonymous> (/Users/jarkius/.bun/install/cache/chromadb@3.3.3@@@1/dist/chromadb.mjs:338:32)
      at async getOrCreateCollection (/Users/jarkius/.bun/install/cache/chromadb@3.3.3@@@1/dist/chromadb.mjs:5062:46)
      at async initVectorDB (/Users/jarkius/workspace/The-matrix/lib/matrix-memory-agents/src/vector-db.ts:500:33)
      at async saveCurrentSession (/Users/jarkius/workspace/The-matrix/lib/matrix-memory-agents/scripts/memory/save-session.ts:723:11)

$ bun run scripts/memory/index.ts learn "/Users/jarkius/workspace/The-matrix/psi/memory/sessions/2026-03/2026-03-16_12.10_auto-pulse.md"
[VectorDB] Using Transformers.js with model: multilingual-e5-base
[VectorDB] Failed to initialize: 4553 |     if (offlineError(err)) {
4554 |       throw new ChromaConnectionError(
4555 |         "Failed to connect to chromadb. Make sure your server is running and try again. If you are running from a browser, make sure that your chromadb instance is configured to allow requests from the current origin using the CHROMA_SERVER_CORS_ALLOW_ORIGINS environment variable."
4556 |       );
4557 |     }
4558 |     throw new ChromaConnectionError("Failed to connect to Chroma");
                 ^
ChromaConnectionError: Failed to connect to Chroma
 cause: undefined,

      at <anonymous> (/Users/jarkius/.bun/install/cache/chromadb@3.3.3@@@1/dist/chromadb.mjs:4558:11)
      at async <anonymous> (/Users/jarkius/.bun/install/cache/chromadb@3.3.3@@@1/dist/chromadb.mjs:338:32)
      at async getOrCreateCollection (/Users/jarkius/.bun/install/cache/chromadb@3.3.3@@@1/dist/chromadb.mjs:5062:46)
      at async initVectorDB (/Users/jarkius/workspace/The-matrix/lib/matrix-memory-agents/src/vector-db.ts:500:33)
      at async saveLearning (/Users/jarkius/workspace/The-matrix/lib/matrix-memory-agents/scripts/memory/learn.ts:578:11)
      at async learnFromFile (/Users/jarkius/workspace/The-matrix/lib/matrix-memory-agents/scripts/memory/learn.ts:157:15)
      at async main (/Users/jarkius/workspace/The-matrix/lib/matrix-memory-agents/scripts/memory/learn.ts:720:15)

$ bun run scripts/memory/index.ts save "Auto-saved session via pulse hook"
[VectorDB] Using Transformers.js with model: multilingual-e5-base
[VectorDB] Failed to initialize: 4553 |     if (offlineError(err)) {
4554 |       throw new ChromaConnectionError(
4555 |         "Failed to connect to chromadb. Make sure your server is running and try again. If you are running from a browser, make sure that your chromadb instance is configured to allow requests from the current origin using the CHROMA_SERVER_CORS_ALLOW_ORIGINS environment variable."
4556 |       );
4557 |     }
4558 |     throw new ChromaConnectionError("Failed to connect to Chroma");
                 ^
ChromaConnectionError: Failed to connect to Chroma
 cause: undefined,

      at <anonymous> (/Users/jarkius/.bun/install/cache/chromadb@3.3.3@@@1/dist/chromadb.mjs:4558:11)
      at async <anonymous> (/Users/jarkius/.bun/install/cache/chromadb@3.3.3@@@1/dist/chromadb.mjs:338:32)
      at async getOrCreateCollection (/Users/jarkius/.bun/install/cache/chromadb@3.3.3@@@1/dist/chromadb.mjs:5062:46)
      at async initVectorDB (/Users/jarkius/workspace/The-matrix/lib/matrix-memory-agents/src/vector-db.ts:500:33)
      at async saveCurrentSession (/Users/jarkius/workspace/The-matrix/lib/matrix-memory-agents/scripts/memory/save-session.ts:723:11)

$ bun run scripts/memory/index.ts learn "/Users/jarkius/workspace/The-matrix/psi/memory/sessions/2026-03/2026-03-16_12.12_auto-pulse.md"
[VectorDB] Using Transformers.js with model: multilingual-e5-base
[VectorDB] Failed to initialize: 4553 |     if (offlineError(err)) {
4554 |       throw new ChromaConnectionError(
4555 |         "Failed to connect to chromadb. Make sure your server is running and try again. If you are running from a browser, make sure that your chromadb instance is configured to allow requests from the current origin using the CHROMA_SERVER_CORS_ALLOW_ORIGINS environment variable."
4556 |       );
4557 |     }
4558 |     throw new ChromaConnectionError("Failed to connect to Chroma");
                 ^
ChromaConnectionError: Failed to connect to Chroma
 cause: undefined,

      at <anonymous> (/Users/jarkius/.bun/install/cache/chromadb@3.3.3@@@1/dist/chromadb.mjs:4558:11)
      at async <anonymous> (/Users/jarkius/.bun/install/cache/chromadb@3.3.3@@@1/dist/chromadb.mjs:338:32)
      at async getOrCreateCollection (/Users/jarkius/.bun/install/cache/chromadb@3.3.3@@@1/dist/chromadb.mjs:5062:46)
      at async initVectorDB (/Users/jarkius/workspace/The-matrix/lib/matrix-memory-agents/src/vector-db.ts:500:33)
      at async saveLearning (/Users/jarkius/workspace/The-matrix/lib/matrix-memory-agents/scripts/memory/learn.ts:578:11)
      at async learnFromFile (/Users/jarkius/workspace/The-matrix/lib/matrix-memory-agents/scripts/memory/learn.ts:157:15)
      at async main (/Users/jarkius/workspace/The-matrix/lib/matrix-memory-agents/scripts/memory/learn.ts:720:15)

$ bun run scripts/memory/index.ts save "Auto-saved session via pulse hook"
[VectorDB] Using Transformers.js with model: multilingual-e5-base
[VectorDB] Failed to initialize: 4553 |     if (offlineError(err)) {
4554 |       throw new ChromaConnectionError(
4555 |         "Failed to connect to chromadb. Make sure your server is running and try again. If you are running from a browser, make sure that your chromadb instance is configured to allow requests from the current origin using the CHROMA_SERVER_CORS_ALLOW_ORIGINS environment variable."
4556 |       );
4557 |     }
4558 |     throw new ChromaConnectionError("Failed to connect to Chroma");
                 ^
ChromaConnectionError: Failed to connect to Chroma
 cause: undefined,

      at <anonymous> (/Users/jarkius/.bun/install/cache/chromadb@3.3.3@@@1/dist/chromadb.mjs:4558:11)
      at async <anonymous> (/Users/jarkius/.bun/install/cache/chromadb@3.3.3@@@1/dist/chromadb.mjs:338:32)
      at async getOrCreateCollection (/Users/jarkius/.bun/install/cache/chromadb@3.3.3@@@1/dist/chromadb.mjs:5062:46)
      at async initVectorDB (/Users/jarkius/workspace/The-matrix/lib/matrix-memory-agents/src/vector-db.ts:500:33)
      at async saveCurrentSession (/Users/jarkius/workspace/The-matrix/lib/matrix-memory-agents/scripts/memory/save-session.ts:723:11)

$ bun run scripts/memory/index.ts learn "/Users/jarkius/workspace/The-matrix/psi/memory/sessions/2026-03/2026-03-16_12.17_auto-pulse.md"
[VectorDB] Using Transformers.js with model: multilingual-e5-base
[VectorDB] Failed to initialize: 4553 |     if (offlineError(err)) {
4554 |       throw new ChromaConnectionError(
4555 |         "Failed to connect to chromadb. Make sure your server is running and try again. If you are running from a browser, make sure that your chromadb instance is configured to allow requests from the current origin using the CHROMA_SERVER_CORS_ALLOW_ORIGINS environment variable."
4556 |       );
4557 |     }
4558 |     throw new ChromaConnectionError("Failed to connect to Chroma");
                 ^
ChromaConnectionError: Failed to connect to Chroma
 cause: undefined,

      at <anonymous> (/Users/jarkius/.bun/install/cache/chromadb@3.3.3@@@1/dist/chromadb.mjs:4558:11)
      at async <anonymous> (/Users/jarkius/.bun/install/cache/chromadb@3.3.3@@@1/dist/chromadb.mjs:338:32)
      at async getOrCreateCollection (/Users/jarkius/.bun/install/cache/chromadb@3.3.3@@@1/dist/chromadb.mjs:5062:46)
      at async initVectorDB (/Users/jarkius/workspace/The-matrix/lib/matrix-memory-agents/src/vector-db.ts:500:33)
      at async saveLearning (/Users/jarkius/workspace/The-matrix/lib/matrix-memory-agents/scripts/memory/learn.ts:578:11)
      at async learnFromFile (/Users/jarkius/workspace/The-matrix/lib/matrix-memory-agents/scripts/memory/learn.ts:157:15)
      at async main (/Users/jarkius/workspace/The-matrix/lib/matrix-memory-agents/scripts/memory/learn.ts:720:15)

$ bun run scripts/memory/index.ts save "Auto-saved session via pulse hook"
[VectorDB] Using Transformers.js with model: multilingual-e5-base
[VectorDB] Failed to initialize: 4553 |     if (offlineError(err)) {
4554 |       throw new ChromaConnectionError(
4555 |         "Failed to connect to chromadb. Make sure your server is running and try again. If you are running from a browser, make sure that your chromadb instance is configured to allow requests from the current origin using the CHROMA_SERVER_CORS_ALLOW_ORIGINS environment variable."
4556 |       );
4557 |     }
4558 |     throw new ChromaConnectionError("Failed to connect to Chroma");
                 ^
ChromaConnectionError: Failed to connect to Chroma
 cause: undefined,

      at <anonymous> (/Users/jarkius/.bun/install/cache/chromadb@3.3.3@@@1/dist/chromadb.mjs:4558:11)
      at async <anonymous> (/Users/jarkius/.bun/install/cache/chromadb@3.3.3@@@1/dist/chromadb.mjs:338:32)
      at async getOrCreateCollection (/Users/jarkius/.bun/install/cache/chromadb@3.3.3@@@1/dist/chromadb.mjs:5062:46)
      at async initVectorDB (/Users/jarkius/workspace/The-matrix/lib/matrix-memory-agents/src/vector-db.ts:500:33)
      at async saveCurrentSession (/Users/jarkius/workspace/The-matrix/lib/matrix-memory-agents/scripts/memory/save-session.ts:723:11)

$ bun run scripts/memory/index.ts learn "/Users/jarkius/workspace/The-matrix/psi/memory/sessions/2026-03/2026-03-16_13.00_auto-pulse.md"
[VectorDB] Using Transformers.js with model: multilingual-e5-base
[VectorDB] Failed to initialize: 4553 |     if (offlineError(err)) {
4554 |       throw new ChromaConnectionError(
4555 |         "Failed to connect to chromadb. Make sure your server is running and try again. If you are running from a browser, make sure that your chromadb instance is configured to allow requests from the current origin using the CHROMA_SERVER_CORS_ALLOW_ORIGINS environment variable."
4556 |       );
4557 |     }
4558 |     throw new ChromaConnectionError("Failed to connect to Chroma");
                 ^
ChromaConnectionError: Failed to connect to Chroma
 cause: undefined,

      at <anonymous> (/Users/jarkius/.bun/install/cache/chromadb@3.3.3@@@1/dist/chromadb.mjs:4558:11)
      at async <anonymous> (/Users/jarkius/.bun/install/cache/chromadb@3.3.3@@@1/dist/chromadb.mjs:338:32)
      at async getOrCreateCollection (/Users/jarkius/.bun/install/cache/chromadb@3.3.3@@@1/dist/chromadb.mjs:5062:46)
      at async initVectorDB (/Users/jarkius/workspace/The-matrix/lib/matrix-memory-agents/src/vector-db.ts:500:33)
      at async saveLearning (/Users/jarkius/workspace/The-matrix/lib/matrix-memory-agents/scripts/memory/learn.ts:578:11)
      at async learnFromFile (/Users/jarkius/workspace/The-matrix/lib/matrix-memory-agents/scripts/memory/learn.ts:157:15)
      at async main (/Users/jarkius/workspace/The-matrix/lib/matrix-memory-agents/scripts/memory/learn.ts:720:15)

$ bun run scripts/memory/index.ts save "Auto-saved session via pulse hook"
[VectorDB] Using Transformers.js with model: multilingual-e5-base
[VectorDB] Failed to initialize: 4553 |     if (offlineError(err)) {
4554 |       throw new ChromaConnectionError(
4555 |         "Failed to connect to chromadb. Make sure your server is running and try again. If you are running from a browser, make sure that your chromadb instance is configured to allow requests from the current origin using the CHROMA_SERVER_CORS_ALLOW_ORIGINS environment variable."
4556 |       );
4557 |     }
4558 |     throw new ChromaConnectionError("Failed to connect to Chroma");
                 ^
ChromaConnectionError: Failed to connect to Chroma
 cause: undefined,

      at <anonymous> (/Users/jarkius/.bun/install/cache/chromadb@3.3.3@@@1/dist/chromadb.mjs:4558:11)
      at async <anonymous> (/Users/jarkius/.bun/install/cache/chromadb@3.3.3@@@1/dist/chromadb.mjs:338:32)
      at async getOrCreateCollection (/Users/jarkius/.bun/install/cache/chromadb@3.3.3@@@1/dist/chromadb.mjs:5062:46)
      at async initVectorDB (/Users/jarkius/workspace/The-matrix/lib/matrix-memory-agents/src/vector-db.ts:500:33)
      at async saveCurrentSession (/Users/jarkius/workspace/The-matrix/lib/matrix-memory-agents/scripts/memory/save-session.ts:723:11)

$ bun run scripts/memory/index.ts learn "/Users/jarkius/workspace/The-matrix/psi/memory/sessions/2026-03/2026-03-16_13.13_auto-pulse.md"
[VectorDB] Using Transformers.js with model: multilingual-e5-base
[VectorDB] Failed to initialize: 4553 |     if (offlineError(err)) {
4554 |       throw new ChromaConnectionError(
4555 |         "Failed to connect to chromadb. Make sure your server is running and try again. If you are running from a browser, make sure that your chromadb instance is configured to allow requests from the current origin using the CHROMA_SERVER_CORS_ALLOW_ORIGINS environment variable."
4556 |       );
4557 |     }
4558 |     throw new ChromaConnectionError("Failed to connect to Chroma");
                 ^
ChromaConnectionError: Failed to connect to Chroma
 cause: undefined,

      at <anonymous> (/Users/jarkius/.bun/install/cache/chromadb@3.3.3@@@1/dist/chromadb.mjs:4558:11)
      at async <anonymous> (/Users/jarkius/.bun/install/cache/chromadb@3.3.3@@@1/dist/chromadb.mjs:338:32)
      at async getOrCreateCollection (/Users/jarkius/.bun/install/cache/chromadb@3.3.3@@@1/dist/chromadb.mjs:5062:46)
      at async initVectorDB (/Users/jarkius/workspace/The-matrix/lib/matrix-memory-agents/src/vector-db.ts:500:33)
      at async saveLearning (/Users/jarkius/workspace/The-matrix/lib/matrix-memory-agents/scripts/memory/learn.ts:578:11)
      at async learnFromFile (/Users/jarkius/workspace/The-matrix/lib/matrix-memory-agents/scripts/memory/learn.ts:157:15)
      at async main (/Users/jarkius/workspace/The-matrix/lib/matrix-memory-agents/scripts/memory/learn.ts:720:15)

$ bun run scripts/memory/index.ts save "Auto-saved session via pulse hook"
[VectorDB] Using Transformers.js with model: multilingual-e5-base
[VectorDB] Initialized with 11 collections (prefix: matrix-memory-agents)
[Transformers] Initializing model: Xenova/multilingual-e5-base...
[Transformers] Failed to initialize: 115 |   }
116 |   help.push(
117 |     '- Consult the installation documentation:',
118 |     '    See https://sharp.pixelplumbing.com/install'
119 |   );
120 |   throw new Error(help.join('\n'));
                  ^
error: Could not load the "sharp" module using the darwin-arm64 runtime
ERR_DLOPEN_FAILED: dlopen(/Users/jarkius/.bun/install/cache/@img/sharp-darwin-arm64@0.34.5@@@1/lib/sharp-darwin-arm64.node, 0x0001): Library not loaded: @rpath/libvips-cpp.8.17.3.dylib
  Referenced from: <43BC947D-E6CB-3FC0-8C98-B0C566F42F94> /Users/jarkius/.bun/install/cache/@img/sharp-darwin-arm64@0.34.5@@@1/lib/sharp-darwin-arm64.node
  Reason: tried: '/Users/jarkius/.bun/install/cache/@img/sharp-darwin-arm64@0.34.5@@@1/lib/../../sharp-libvips-darwin-arm64/lib/libvips-cpp.8.17.3.dylib' (no such file), '/Users/jarkius/.bun/install/cache/@img/sharp-darwin-arm64@0.34.5@@@1/lib/../../../sharp-libvips-darwin-arm64/1.2.4/lib/libvips-cpp.8.17.3.dylib' (no such file), '/Users/jarkius/.bun/install/cache/@img/sharp-darwin-arm64@0.34.5@@@1/lib/../node_modules/@img/sharp-libvips-darwin-arm64/lib/libvips-cpp.8.17.3.dylib' (no such file), '/Users/jarkius/.bun/install/cache/@img/sharp-darwin-arm64@0.34.5@@@1/lib/../../node_modules/@img/sharp-libvips-darwin-arm64/lib/libvips-cpp.8.17.3.dylib' (no such file), '/Users/jarkius/.bun/install/cache/@img/sharp-darwin-arm64@0.34.5@@@1/lib/../../../node_modules/@img/sharp-libvips-darwin-arm64/lib/libvips-cpp.8.17.3.dylib' (no such file), '/Users/jarkius/.bun/install/cache/@img/sharp-darwin-arm64@0.34.5@@@1/lib/../../../../../@img-sharp-libvips-darwin-arm64-npm-1.2.4-09e109d5ab/node_modules/@img/sharp-libvips-darwin-arm64/lib/libvips-cpp.8.17.3.dylib' (no such file), '/Users/jarkius/.bun/install/cache/@img/sharp-darwin-arm64@0.34.5@@@1/lib/../../sharp-libvips-darwin-arm64/lib/libvips-cpp.8.17.3.dylib' (no such file), '/Users/jarkius/.bun/install/cache/@img/sharp-darwin-arm64@0.34.5@@@1/lib/../../../sharp-libvips-darwin-arm64/1.2.4/lib/libvips-cpp.8.17.3.dylib' (no such file), '/Users/jarkius/.bun/install/cache/@img/sharp-darwin-arm64@0.34.5@@@1/lib/../node_modules/@img/sharp-libvips-darwin-arm64/lib/libvips-cpp.8.17.3.dylib' (no such file), '/Users/jarkius/.bun/install/cache/@img/sharp-darwin-arm64@0.34.5@@@1/lib/../../node_modules/@img/sharp-libvips-darwin-arm64/lib/libvips-cpp.8.17.3.dylib' (no such file), '/Users/jarkius/.bun/install/cache/@img/sharp-darwin-arm64@0.34.5@@@1/lib/../../../node_modules/@img/sharp-libvips-darwin-arm64/lib/libvips-cpp.8.17.3.dylib' (no such file), '/Users/jarkius/.bun/install/cache/@img/sharp-darwin-arm64@0.34.5@@@1/lib/../../../../../@img-sharp-libvips-darwin-arm64-npm-1.2.4-09e109d5ab/node_modules/@img/sharp-libvips-darwin-arm64/lib/libvips-cpp.8.17.3.dylib' (no such file)
Possible solutions:
- Ensure optional dependencies can be installed:
    npm install --include=optional sharp
- Ensure your package manager supports multi-platform installation:
    See https://sharp.pixelplumbing.com/install#cross-platform
- Add platform-specific dependencies:
    npm install --os=darwin --cpu=arm64 sharp
- Consult the installation documentation:
    See https://sharp.pixelplumbing.com/install
      at <anonymous> (/Users/jarkius/.bun/install/cache/sharp@0.34.5@@@1/lib/sharp.js:120:13)
      at <anonymous> (/Users/jarkius/.bun/install/cache/sharp@0.34.5@@@1/lib/constructor.js:8:7)
      at <anonymous> (/Users/jarkius/.bun/install/cache/sharp@0.34.5@@@1/lib/index.js:6:7)

[VectorDB] save session session_1773641730483 failed after 3 attempts: Could not load the "sharp" module using the darwin-arm64 runtime
ERR_DLOPEN_FAILED: dlopen(/Users/jarkius/.bun/install/cache/@img/sharp-darwin-arm64@0.34.5@@@1/lib/sharp-darwin-arm64.node, 0x0001): Library not loaded: @rpath/libvips-cpp.8.17.3.dylib
  Referenced from: <43BC947D-E6CB-3FC0-8C98-B0C566F42F94> /Users/jarkius/.bun/install/cache/@img/sharp-darwin-arm64@0.34.5@@@1/lib/sharp-darwin-arm64.node
  Reason: tried: '/Users/jarkius/.bun/install/cache/@img/sharp-darwin-arm64@0.34.5@@@1/lib/../../sharp-libvips-darwin-arm64/lib/libvips-cpp.8.17.3.dylib' (no such file), '/Users/jarkius/.bun/install/cache/@img/sharp-darwin-arm64@0.34.5@@@1/lib/../../../sharp-libvips-darwin-arm64/1.2.4/lib/libvips-cpp.8.17.3.dylib' (no such file), '/Users/jarkius/.bun/install/cache/@img/sharp-darwin-arm64@0.34.5@@@1/lib/../node_modules/@img/sharp-libvips-darwin-arm64/lib/libvips-cpp.8.17.3.dylib' (no such file), '/Users/jarkius/.bun/install/cache/@img/sharp-darwin-arm64@0.34.5@@@1/lib/../../node_modules/@img/sharp-libvips-darwin-arm64/lib/libvips-cpp.8.17.3.dylib' (no such file), '/Users/jarkius/.bun/install/cache/@img/sharp-darwin-arm64@0.34.5@@@1/lib/../../../node_modules/@img/sharp-libvips-darwin-arm64/lib/libvips-cpp.8.17.3.dylib' (no such file), '/Users/jarkius/.bun/install/cache/@img/sharp-darwin-arm64@0.34.5@@@1/lib/../../../../../@img-sharp-libvips-darwin-arm64-npm-1.2.4-09e109d5ab/node_modules/@img/sharp-libvips-darwin-arm64/lib/libvips-cpp.8.17.3.dylib' (no such file), '/Users/jarkius/.bun/install/cache/@img/sharp-darwin-arm64@0.34.5@@@1/lib/../../sharp-libvips-darwin-arm64/lib/libvips-cpp.8.17.3.dylib' (no such file), '/Users/jarkius/.bun/install/cache/@img/sharp-darwin-arm64@0.34.5@@@1/lib/../../../sharp-libvips-darwin-arm64/1.2.4/lib/libvips-cpp.8.17.3.dylib' (no such file), '/Users/jarkius/.bun/install/cache/@img/sharp-darwin-arm64@0.34.5@@@1/lib/../node_modules/@img/sharp-libvips-darwin-arm64/lib/libvips-cpp.8.17.3.dylib' (no such file), '/Users/jarkius/.bun/install/cache/@img/sharp-darwin-arm64@0.34.5@@@1/lib/../../node_modules/@img/sharp-libvips-darwin-arm64/lib/libvips-cpp.8.17.3.dylib' (no such file), '/Users/jarkius/.bun/install/cache/@img/sharp-darwin-arm64@0.34.5@@@1/lib/../../../node_modules/@img/sharp-libvips-darwin-arm64/lib/libvips-cpp.8.17.3.dylib' (no such file), '/Users/jarkius/.bun/install/cache/@img/sharp-darwin-arm64@0.34.5@@@1/lib/../../../../../@img-sharp-libvips-darwin-arm64-npm-1.2.4-09e109d5ab/node_modules/@img/sharp-libvips-darwin-arm64/lib/libvips-cpp.8.17.3.dylib' (no such file)
Possible solutions:
- Ensure optional dependencies can be installed:
    npm install --include=optional sharp
- Ensure your package manager supports multi-platform installation:
    See https://sharp.pixelplumbing.com/install#cross-platform
- Add platform-specific dependencies:
    npm install --os=darwin --cpu=arm64 sharp
- Consult the installation documentation:
    See https://sharp.pixelplumbing.com/install
$ bun run scripts/memory/index.ts learn "/Users/jarkius/workspace/The-matrix/psi/memory/sessions/2026-03/2026-03-16_13.15_auto-pulse.md"
[VectorDB] Using Transformers.js with model: multilingual-e5-base
[VectorDB] Initialized with 11 collections (prefix: matrix-memory-agents)
[Transformers] Initializing model: Xenova/multilingual-e5-base...
[Transformers] Failed to initialize: 115 |   }
116 |   help.push(
117 |     '- Consult the installation documentation:',
118 |     '    See https://sharp.pixelplumbing.com/install'
119 |   );
120 |   throw new Error(help.join('\n'));
                  ^
error: Could not load the "sharp" module using the darwin-arm64 runtime
ERR_DLOPEN_FAILED: dlopen(/Users/jarkius/.bun/install/cache/@img/sharp-darwin-arm64@0.34.5@@@1/lib/sharp-darwin-arm64.node, 0x0001): Library not loaded: @rpath/libvips-cpp.8.17.3.dylib
  Referenced from: <43BC947D-E6CB-3FC0-8C98-B0C566F42F94> /Users/jarkius/.bun/install/cache/@img/sharp-darwin-arm64@0.34.5@@@1/lib/sharp-darwin-arm64.node
  Reason: tried: '/Users/jarkius/.bun/install/cache/@img/sharp-darwin-arm64@0.34.5@@@1/lib/../../sharp-libvips-darwin-arm64/lib/libvips-cpp.8.17.3.dylib' (no such file), '/Users/jarkius/.bun/install/cache/@img/sharp-darwin-arm64@0.34.5@@@1/lib/../../../sharp-libvips-darwin-arm64/1.2.4/lib/libvips-cpp.8.17.3.dylib' (no such file), '/Users/jarkius/.bun/install/cache/@img/sharp-darwin-arm64@0.34.5@@@1/lib/../node_modules/@img/sharp-libvips-darwin-arm64/lib/libvips-cpp.8.17.3.dylib' (no such file), '/Users/jarkius/.bun/install/cache/@img/sharp-darwin-arm64@0.34.5@@@1/lib/../../node_modules/@img/sharp-libvips-darwin-arm64/lib/libvips-cpp.8.17.3.dylib' (no such file), '/Users/jarkius/.bun/install/cache/@img/sharp-darwin-arm64@0.34.5@@@1/lib/../../../node_modules/@img/sharp-libvips-darwin-arm64/lib/libvips-cpp.8.17.3.dylib' (no such file), '/Users/jarkius/.bun/install/cache/@img/sharp-darwin-arm64@0.34.5@@@1/lib/../../../../../@img-sharp-libvips-darwin-arm64-npm-1.2.4-09e109d5ab/node_modules/@img/sharp-libvips-darwin-arm64/lib/libvips-cpp.8.17.3.dylib' (no such file), '/Users/jarkius/.bun/install/cache/@img/sharp-darwin-arm64@0.34.5@@@1/lib/../../sharp-libvips-darwin-arm64/lib/libvips-cpp.8.17.3.dylib' (no such file), '/Users/jarkius/.bun/install/cache/@img/sharp-darwin-arm64@0.34.5@@@1/lib/../../../sharp-libvips-darwin-arm64/1.2.4/lib/libvips-cpp.8.17.3.dylib' (no such file), '/Users/jarkius/.bun/install/cache/@img/sharp-darwin-arm64@0.34.5@@@1/lib/../node_modules/@img/sharp-libvips-darwin-arm64/lib/libvips-cpp.8.17.3.dylib' (no such file), '/Users/jarkius/.bun/install/cache/@img/sharp-darwin-arm64@0.34.5@@@1/lib/../../node_modules/@img/sharp-libvips-darwin-arm64/lib/libvips-cpp.8.17.3.dylib' (no such file), '/Users/jarkius/.bun/install/cache/@img/sharp-darwin-arm64@0.34.5@@@1/lib/../../../node_modules/@img/sharp-libvips-darwin-arm64/lib/libvips-cpp.8.17.3.dylib' (no such file), '/Users/jarkius/.bun/install/cache/@img/sharp-darwin-arm64@0.34.5@@@1/lib/../../../../../@img-sharp-libvips-darwin-arm64-npm-1.2.4-09e109d5ab/node_modules/@img/sharp-libvips-darwin-arm64/lib/libvips-cpp.8.17.3.dylib' (no such file)
Possible solutions:
- Ensure optional dependencies can be installed:
    npm install --include=optional sharp
- Ensure your package manager supports multi-platform installation:
    See https://sharp.pixelplumbing.com/install#cross-platform
- Add platform-specific dependencies:
    npm install --os=darwin --cpu=arm64 sharp
- Consult the installation documentation:
    See https://sharp.pixelplumbing.com/install
      at <anonymous> (/Users/jarkius/.bun/install/cache/sharp@0.34.5@@@1/lib/sharp.js:120:13)
      at <anonymous> (/Users/jarkius/.bun/install/cache/sharp@0.34.5@@@1/lib/constructor.js:8:7)
      at <anonymous> (/Users/jarkius/.bun/install/cache/sharp@0.34.5@@@1/lib/index.js:6:7)

[VectorDB] save learning 99 failed after 3 attempts: Could not load the "sharp" module using the darwin-arm64 runtime
ERR_DLOPEN_FAILED: dlopen(/Users/jarkius/.bun/install/cache/@img/sharp-darwin-arm64@0.34.5@@@1/lib/sharp-darwin-arm64.node, 0x0001): Library not loaded: @rpath/libvips-cpp.8.17.3.dylib
  Referenced from: <43BC947D-E6CB-3FC0-8C98-B0C566F42F94> /Users/jarkius/.bun/install/cache/@img/sharp-darwin-arm64@0.34.5@@@1/lib/sharp-darwin-arm64.node
  Reason: tried: '/Users/jarkius/.bun/install/cache/@img/sharp-darwin-arm64@0.34.5@@@1/lib/../../sharp-libvips-darwin-arm64/lib/libvips-cpp.8.17.3.dylib' (no such file), '/Users/jarkius/.bun/install/cache/@img/sharp-darwin-arm64@0.34.5@@@1/lib/../../../sharp-libvips-darwin-arm64/1.2.4/lib/libvips-cpp.8.17.3.dylib' (no such file), '/Users/jarkius/.bun/install/cache/@img/sharp-darwin-arm64@0.34.5@@@1/lib/../node_modules/@img/sharp-libvips-darwin-arm64/lib/libvips-cpp.8.17.3.dylib' (no such file), '/Users/jarkius/.bun/install/cache/@img/sharp-darwin-arm64@0.34.5@@@1/lib/../../node_modules/@img/sharp-libvips-darwin-arm64/lib/libvips-cpp.8.17.3.dylib' (no such file), '/Users/jarkius/.bun/install/cache/@img/sharp-darwin-arm64@0.34.5@@@1/lib/../../../node_modules/@img/sharp-libvips-darwin-arm64/lib/libvips-cpp.8.17.3.dylib' (no such file), '/Users/jarkius/.bun/install/cache/@img/sharp-darwin-arm64@0.34.5@@@1/lib/../../../../../@img-sharp-libvips-darwin-arm64-npm-1.2.4-09e109d5ab/node_modules/@img/sharp-libvips-darwin-arm64/lib/libvips-cpp.8.17.3.dylib' (no such file), '/Users/jarkius/.bun/install/cache/@img/sharp-darwin-arm64@0.34.5@@@1/lib/../../sharp-libvips-darwin-arm64/lib/libvips-cpp.8.17.3.dylib' (no such file), '/Users/jarkius/.bun/install/cache/@img/sharp-darwin-arm64@0.34.5@@@1/lib/../../../sharp-libvips-darwin-arm64/1.2.4/lib/libvips-cpp.8.17.3.dylib' (no such file), '/Users/jarkius/.bun/install/cache/@img/sharp-darwin-arm64@0.34.5@@@1/lib/../node_modules/@img/sharp-libvips-darwin-arm64/lib/libvips-cpp.8.17.3.dylib' (no such file), '/Users/jarkius/.bun/install/cache/@img/sharp-darwin-arm64@0.34.5@@@1/lib/../../node_modules/@img/sharp-libvips-darwin-arm64/lib/libvips-cpp.8.17.3.dylib' (no such file), '/Users/jarkius/.bun/install/cache/@img/sharp-darwin-arm64@0.34.5@@@1/lib/../../../node_modules/@img/sharp-libvips-darwin-arm64/lib/libvips-cpp.8.17.3.dylib' (no such file), '/Users/jarkius/.bun/install/cache/@img/sharp-darwin-arm64@0.34.5@@@1/lib/../../../../../@img-sharp-libvips-darwin-arm64-npm-1.2.4-09e109d5ab/node_modules/@img/sharp-libvips-darwin-arm64/lib/libvips-cpp.8.17.3.dylib' (no such file)
Possible solutions:
- Ensure optional dependencies can be installed:
    npm install --include=optional sharp
- Ensure your package manager supports multi-platform installation:
    See https://sharp.pixelplumbing.com/install#cross-platform
- Add platform-specific dependencies:
    npm install --os=darwin --cpu=arm64 sharp
- Consult the installation documentation:
    See https://sharp.pixelplumbing.com/install
$ bun run scripts/memory/index.ts save "Auto-saved session via pulse hook"
[VectorDB] Using Transformers.js with model: multilingual-e5-base
[VectorDB] Initialized with 11 collections (prefix: matrix-memory-agents)
[Transformers] Initializing model: Xenova/multilingual-e5-base...
[Transformers] Failed to initialize: 115 |   }
116 |   help.push(
117 |     '- Consult the installation documentation:',
118 |     '    See https://sharp.pixelplumbing.com/install'
119 |   );
120 |   throw new Error(help.join('\n'));
                  ^
error: Could not load the "sharp" module using the darwin-arm64 runtime
ERR_DLOPEN_FAILED: dlopen(/Users/jarkius/.bun/install/cache/@img/sharp-darwin-arm64@0.34.5@@@1/lib/sharp-darwin-arm64.node, 0x0001): Library not loaded: @rpath/libvips-cpp.8.17.3.dylib
  Referenced from: <43BC947D-E6CB-3FC0-8C98-B0C566F42F94> /Users/jarkius/.bun/install/cache/@img/sharp-darwin-arm64@0.34.5@@@1/lib/sharp-darwin-arm64.node
  Reason: tried: '/Users/jarkius/.bun/install/cache/@img/sharp-darwin-arm64@0.34.5@@@1/lib/../../sharp-libvips-darwin-arm64/lib/libvips-cpp.8.17.3.dylib' (no such file), '/Users/jarkius/.bun/install/cache/@img/sharp-darwin-arm64@0.34.5@@@1/lib/../../../sharp-libvips-darwin-arm64/1.2.4/lib/libvips-cpp.8.17.3.dylib' (no such file), '/Users/jarkius/.bun/install/cache/@img/sharp-darwin-arm64@0.34.5@@@1/lib/../node_modules/@img/sharp-libvips-darwin-arm64/lib/libvips-cpp.8.17.3.dylib' (no such file), '/Users/jarkius/.bun/install/cache/@img/sharp-darwin-arm64@0.34.5@@@1/lib/../../node_modules/@img/sharp-libvips-darwin-arm64/lib/libvips-cpp.8.17.3.dylib' (no such file), '/Users/jarkius/.bun/install/cache/@img/sharp-darwin-arm64@0.34.5@@@1/lib/../../../node_modules/@img/sharp-libvips-darwin-arm64/lib/libvips-cpp.8.17.3.dylib' (no such file), '/Users/jarkius/.bun/install/cache/@img/sharp-darwin-arm64@0.34.5@@@1/lib/../../../../../@img-sharp-libvips-darwin-arm64-npm-1.2.4-09e109d5ab/node_modules/@img/sharp-libvips-darwin-arm64/lib/libvips-cpp.8.17.3.dylib' (no such file), '/Users/jarkius/.bun/install/cache/@img/sharp-darwin-arm64@0.34.5@@@1/lib/../../sharp-libvips-darwin-arm64/lib/libvips-cpp.8.17.3.dylib' (no such file), '/Users/jarkius/.bun/install/cache/@img/sharp-darwin-arm64@0.34.5@@@1/lib/../../../sharp-libvips-darwin-arm64/1.2.4/lib/libvips-cpp.8.17.3.dylib' (no such file), '/Users/jarkius/.bun/install/cache/@img/sharp-darwin-arm64@0.34.5@@@1/lib/../node_modules/@img/sharp-libvips-darwin-arm64/lib/libvips-cpp.8.17.3.dylib' (no such file), '/Users/jarkius/.bun/install/cache/@img/sharp-darwin-arm64@0.34.5@@@1/lib/../../node_modules/@img/sharp-libvips-darwin-arm64/lib/libvips-cpp.8.17.3.dylib' (no such file), '/Users/jarkius/.bun/install/cache/@img/sharp-darwin-arm64@0.34.5@@@1/lib/../../../node_modules/@img/sharp-libvips-darwin-arm64/lib/libvips-cpp.8.17.3.dylib' (no such file), '/Users/jarkius/.bun/install/cache/@img/sharp-darwin-arm64@0.34.5@@@1/lib/../../../../../@img-sharp-libvips-darwin-arm64-npm-1.2.4-09e109d5ab/node_modules/@img/sharp-libvips-darwin-arm64/lib/libvips-cpp.8.17.3.dylib' (no such file)
Possible solutions:
- Ensure optional dependencies can be installed:
    npm install --include=optional sharp
- Ensure your package manager supports multi-platform installation:
    See https://sharp.pixelplumbing.com/install#cross-platform
- Add platform-specific dependencies:
    npm install --os=darwin --cpu=arm64 sharp
- Consult the installation documentation:
    See https://sharp.pixelplumbing.com/install
      at <anonymous> (/Users/jarkius/.bun/install/cache/sharp@0.34.5@@@1/lib/sharp.js:120:13)
      at <anonymous> (/Users/jarkius/.bun/install/cache/sharp@0.34.5@@@1/lib/constructor.js:8:7)
      at <anonymous> (/Users/jarkius/.bun/install/cache/sharp@0.34.5@@@1/lib/index.js:6:7)

[VectorDB] save session session_1773642942339 failed after 3 attempts: Could not load the "sharp" module using the darwin-arm64 runtime
ERR_DLOPEN_FAILED: dlopen(/Users/jarkius/.bun/install/cache/@img/sharp-darwin-arm64@0.34.5@@@1/lib/sharp-darwin-arm64.node, 0x0001): Library not loaded: @rpath/libvips-cpp.8.17.3.dylib
  Referenced from: <43BC947D-E6CB-3FC0-8C98-B0C566F42F94> /Users/jarkius/.bun/install/cache/@img/sharp-darwin-arm64@0.34.5@@@1/lib/sharp-darwin-arm64.node
  Reason: tried: '/Users/jarkius/.bun/install/cache/@img/sharp-darwin-arm64@0.34.5@@@1/lib/../../sharp-libvips-darwin-arm64/lib/libvips-cpp.8.17.3.dylib' (no such file), '/Users/jarkius/.bun/install/cache/@img/sharp-darwin-arm64@0.34.5@@@1/lib/../../../sharp-libvips-darwin-arm64/1.2.4/lib/libvips-cpp.8.17.3.dylib' (no such file), '/Users/jarkius/.bun/install/cache/@img/sharp-darwin-arm64@0.34.5@@@1/lib/../node_modules/@img/sharp-libvips-darwin-arm64/lib/libvips-cpp.8.17.3.dylib' (no such file), '/Users/jarkius/.bun/install/cache/@img/sharp-darwin-arm64@0.34.5@@@1/lib/../../node_modules/@img/sharp-libvips-darwin-arm64/lib/libvips-cpp.8.17.3.dylib' (no such file), '/Users/jarkius/.bun/install/cache/@img/sharp-darwin-arm64@0.34.5@@@1/lib/../../../node_modules/@img/sharp-libvips-darwin-arm64/lib/libvips-cpp.8.17.3.dylib' (no such file), '/Users/jarkius/.bun/install/cache/@img/sharp-darwin-arm64@0.34.5@@@1/lib/../../../../../@img-sharp-libvips-darwin-arm64-npm-1.2.4-09e109d5ab/node_modules/@img/sharp-libvips-darwin-arm64/lib/libvips-cpp.8.17.3.dylib' (no such file), '/Users/jarkius/.bun/install/cache/@img/sharp-darwin-arm64@0.34.5@@@1/lib/../../sharp-libvips-darwin-arm64/lib/libvips-cpp.8.17.3.dylib' (no such file), '/Users/jarkius/.bun/install/cache/@img/sharp-darwin-arm64@0.34.5@@@1/lib/../../../sharp-libvips-darwin-arm64/1.2.4/lib/libvips-cpp.8.17.3.dylib' (no such file), '/Users/jarkius/.bun/install/cache/@img/sharp-darwin-arm64@0.34.5@@@1/lib/../node_modules/@img/sharp-libvips-darwin-arm64/lib/libvips-cpp.8.17.3.dylib' (no such file), '/Users/jarkius/.bun/install/cache/@img/sharp-darwin-arm64@0.34.5@@@1/lib/../../node_modules/@img/sharp-libvips-darwin-arm64/lib/libvips-cpp.8.17.3.dylib' (no such file), '/Users/jarkius/.bun/install/cache/@img/sharp-darwin-arm64@0.34.5@@@1/lib/../../../node_modules/@img/sharp-libvips-darwin-arm64/lib/libvips-cpp.8.17.3.dylib' (no such file), '/Users/jarkius/.bun/install/cache/@img/sharp-darwin-arm64@0.34.5@@@1/lib/../../../../../@img-sharp-libvips-darwin-arm64-npm-1.2.4-09e109d5ab/node_modules/@img/sharp-libvips-darwin-arm64/lib/libvips-cpp.8.17.3.dylib' (no such file)
Possible solutions:
- Ensure optional dependencies can be installed:
    npm install --include=optional sharp
- Ensure your package manager supports multi-platform installation:
    See https://sharp.pixelplumbing.com/install#cross-platform
- Add platform-specific dependencies:
    npm install --os=darwin --cpu=arm64 sharp
- Consult the installation documentation:
    See https://sharp.pixelplumbing.com/install
$ bun run scripts/memory/index.ts learn "/Users/jarkius/workspace/The-matrix/psi/memory/sessions/2026-03/2026-03-16_13.35_auto-pulse.md"
[VectorDB] Using Transformers.js with model: multilingual-e5-base
[VectorDB] Initialized with 11 collections (prefix: matrix-memory-agents)
[Transformers] Initializing model: Xenova/multilingual-e5-base...
[Transformers] Failed to initialize: 115 |   }
116 |   help.push(
117 |     '- Consult the installation documentation:',
118 |     '    See https://sharp.pixelplumbing.com/install'
119 |   );
120 |   throw new Error(help.join('\n'));
                  ^
error: Could not load the "sharp" module using the darwin-arm64 runtime
ERR_DLOPEN_FAILED: dlopen(/Users/jarkius/.bun/install/cache/@img/sharp-darwin-arm64@0.34.5@@@1/lib/sharp-darwin-arm64.node, 0x0001): Library not loaded: @rpath/libvips-cpp.8.17.3.dylib
  Referenced from: <43BC947D-E6CB-3FC0-8C98-B0C566F42F94> /Users/jarkius/.bun/install/cache/@img/sharp-darwin-arm64@0.34.5@@@1/lib/sharp-darwin-arm64.node
  Reason: tried: '/Users/jarkius/.bun/install/cache/@img/sharp-darwin-arm64@0.34.5@@@1/lib/../../sharp-libvips-darwin-arm64/lib/libvips-cpp.8.17.3.dylib' (no such file), '/Users/jarkius/.bun/install/cache/@img/sharp-darwin-arm64@0.34.5@@@1/lib/../../../sharp-libvips-darwin-arm64/1.2.4/lib/libvips-cpp.8.17.3.dylib' (no such file), '/Users/jarkius/.bun/install/cache/@img/sharp-darwin-arm64@0.34.5@@@1/lib/../node_modules/@img/sharp-libvips-darwin-arm64/lib/libvips-cpp.8.17.3.dylib' (no such file), '/Users/jarkius/.bun/install/cache/@img/sharp-darwin-arm64@0.34.5@@@1/lib/../../node_modules/@img/sharp-libvips-darwin-arm64/lib/libvips-cpp.8.17.3.dylib' (no such file), '/Users/jarkius/.bun/install/cache/@img/sharp-darwin-arm64@0.34.5@@@1/lib/../../../node_modules/@img/sharp-libvips-darwin-arm64/lib/libvips-cpp.8.17.3.dylib' (no such file), '/Users/jarkius/.bun/install/cache/@img/sharp-darwin-arm64@0.34.5@@@1/lib/../../../../../@img-sharp-libvips-darwin-arm64-npm-1.2.4-09e109d5ab/node_modules/@img/sharp-libvips-darwin-arm64/lib/libvips-cpp.8.17.3.dylib' (no such file), '/Users/jarkius/.bun/install/cache/@img/sharp-darwin-arm64@0.34.5@@@1/lib/../../sharp-libvips-darwin-arm64/lib/libvips-cpp.8.17.3.dylib' (no such file), '/Users/jarkius/.bun/install/cache/@img/sharp-darwin-arm64@0.34.5@@@1/lib/../../../sharp-libvips-darwin-arm64/1.2.4/lib/libvips-cpp.8.17.3.dylib' (no such file), '/Users/jarkius/.bun/install/cache/@img/sharp-darwin-arm64@0.34.5@@@1/lib/../node_modules/@img/sharp-libvips-darwin-arm64/lib/libvips-cpp.8.17.3.dylib' (no such file), '/Users/jarkius/.bun/install/cache/@img/sharp-darwin-arm64@0.34.5@@@1/lib/../../node_modules/@img/sharp-libvips-darwin-arm64/lib/libvips-cpp.8.17.3.dylib' (no such file), '/Users/jarkius/.bun/install/cache/@img/sharp-darwin-arm64@0.34.5@@@1/lib/../../../node_modules/@img/sharp-libvips-darwin-arm64/lib/libvips-cpp.8.17.3.dylib' (no such file), '/Users/jarkius/.bun/install/cache/@img/sharp-darwin-arm64@0.34.5@@@1/lib/../../../../../@img-sharp-libvips-darwin-arm64-npm-1.2.4-09e109d5ab/node_modules/@img/sharp-libvips-darwin-arm64/lib/libvips-cpp.8.17.3.dylib' (no such file)
Possible solutions:
- Ensure optional dependencies can be installed:
    npm install --include=optional sharp
- Ensure your package manager supports multi-platform installation:
    See https://sharp.pixelplumbing.com/install#cross-platform
- Add platform-specific dependencies:
    npm install --os=darwin --cpu=arm64 sharp
- Consult the installation documentation:
    See https://sharp.pixelplumbing.com/install
      at <anonymous> (/Users/jarkius/.bun/install/cache/sharp@0.34.5@@@1/lib/sharp.js:120:13)
      at <anonymous> (/Users/jarkius/.bun/install/cache/sharp@0.34.5@@@1/lib/constructor.js:8:7)
      at <anonymous> (/Users/jarkius/.bun/install/cache/sharp@0.34.5@@@1/lib/index.js:6:7)

[VectorDB] save learning 100 failed after 3 attempts: Could not load the "sharp" module using the darwin-arm64 runtime
ERR_DLOPEN_FAILED: dlopen(/Users/jarkius/.bun/install/cache/@img/sharp-darwin-arm64@0.34.5@@@1/lib/sharp-darwin-arm64.node, 0x0001): Library not loaded: @rpath/libvips-cpp.8.17.3.dylib
  Referenced from: <43BC947D-E6CB-3FC0-8C98-B0C566F42F94> /Users/jarkius/.bun/install/cache/@img/sharp-darwin-arm64@0.34.5@@@1/lib/sharp-darwin-arm64.node
  Reason: tried: '/Users/jarkius/.bun/install/cache/@img/sharp-darwin-arm64@0.34.5@@@1/lib/../../sharp-libvips-darwin-arm64/lib/libvips-cpp.8.17.3.dylib' (no such file), '/Users/jarkius/.bun/install/cache/@img/sharp-darwin-arm64@0.34.5@@@1/lib/../../../sharp-libvips-darwin-arm64/1.2.4/lib/libvips-cpp.8.17.3.dylib' (no such file), '/Users/jarkius/.bun/install/cache/@img/sharp-darwin-arm64@0.34.5@@@1/lib/../node_modules/@img/sharp-libvips-darwin-arm64/lib/libvips-cpp.8.17.3.dylib' (no such file), '/Users/jarkius/.bun/install/cache/@img/sharp-darwin-arm64@0.34.5@@@1/lib/../../node_modules/@img/sharp-libvips-darwin-arm64/lib/libvips-cpp.8.17.3.dylib' (no such file), '/Users/jarkius/.bun/install/cache/@img/sharp-darwin-arm64@0.34.5@@@1/lib/../../../node_modules/@img/sharp-libvips-darwin-arm64/lib/libvips-cpp.8.17.3.dylib' (no such file), '/Users/jarkius/.bun/install/cache/@img/sharp-darwin-arm64@0.34.5@@@1/lib/../../../../../@img-sharp-libvips-darwin-arm64-npm-1.2.4-09e109d5ab/node_modules/@img/sharp-libvips-darwin-arm64/lib/libvips-cpp.8.17.3.dylib' (no such file), '/Users/jarkius/.bun/install/cache/@img/sharp-darwin-arm64@0.34.5@@@1/lib/../../sharp-libvips-darwin-arm64/lib/libvips-cpp.8.17.3.dylib' (no such file), '/Users/jarkius/.bun/install/cache/@img/sharp-darwin-arm64@0.34.5@@@1/lib/../../../sharp-libvips-darwin-arm64/1.2.4/lib/libvips-cpp.8.17.3.dylib' (no such file), '/Users/jarkius/.bun/install/cache/@img/sharp-darwin-arm64@0.34.5@@@1/lib/../node_modules/@img/sharp-libvips-darwin-arm64/lib/libvips-cpp.8.17.3.dylib' (no such file), '/Users/jarkius/.bun/install/cache/@img/sharp-darwin-arm64@0.34.5@@@1/lib/../../node_modules/@img/sharp-libvips-darwin-arm64/lib/libvips-cpp.8.17.3.dylib' (no such file), '/Users/jarkius/.bun/install/cache/@img/sharp-darwin-arm64@0.34.5@@@1/lib/../../../node_modules/@img/sharp-libvips-darwin-arm64/lib/libvips-cpp.8.17.3.dylib' (no such file), '/Users/jarkius/.bun/install/cache/@img/sharp-darwin-arm64@0.34.5@@@1/lib/../../../../../@img-sharp-libvips-darwin-arm64-npm-1.2.4-09e109d5ab/node_modules/@img/sharp-libvips-darwin-arm64/lib/libvips-cpp.8.17.3.dylib' (no such file)
Possible solutions:
- Ensure optional dependencies can be installed:
    npm install --include=optional sharp
- Ensure your package manager supports multi-platform installation:
    See https://sharp.pixelplumbing.com/install#cross-platform
- Add platform-specific dependencies:
    npm install --os=darwin --cpu=arm64 sharp
- Consult the installation documentation:
    See https://sharp.pixelplumbing.com/install
$ bun run scripts/memory/index.ts save "Auto-saved session via pulse hook"
[VectorDB] Using Transformers.js with model: multilingual-e5-base
[VectorDB] Initialized with 11 collections (prefix: matrix-memory-agents)
[Transformers] Initializing model: Xenova/multilingual-e5-base...
[Transformers] Failed to initialize: 115 |   }
116 |   help.push(
117 |     '- Consult the installation documentation:',
118 |     '    See https://sharp.pixelplumbing.com/install'
119 |   );
120 |   throw new Error(help.join('\n'));
                  ^
error: Could not load the "sharp" module using the darwin-arm64 runtime
ERR_DLOPEN_FAILED: dlopen(/Users/jarkius/.bun/install/cache/@img/sharp-darwin-arm64@0.34.5@@@1/lib/sharp-darwin-arm64.node, 0x0001): Library not loaded: @rpath/libvips-cpp.8.17.3.dylib
  Referenced from: <43BC947D-E6CB-3FC0-8C98-B0C566F42F94> /Users/jarkius/.bun/install/cache/@img/sharp-darwin-arm64@0.34.5@@@1/lib/sharp-darwin-arm64.node
  Reason: tried: '/Users/jarkius/.bun/install/cache/@img/sharp-darwin-arm64@0.34.5@@@1/lib/../../sharp-libvips-darwin-arm64/lib/libvips-cpp.8.17.3.dylib' (no such file), '/Users/jarkius/.bun/install/cache/@img/sharp-darwin-arm64@0.34.5@@@1/lib/../../../sharp-libvips-darwin-arm64/1.2.4/lib/libvips-cpp.8.17.3.dylib' (no such file), '/Users/jarkius/.bun/install/cache/@img/sharp-darwin-arm64@0.34.5@@@1/lib/../node_modules/@img/sharp-libvips-darwin-arm64/lib/libvips-cpp.8.17.3.dylib' (no such file), '/Users/jarkius/.bun/install/cache/@img/sharp-darwin-arm64@0.34.5@@@1/lib/../../node_modules/@img/sharp-libvips-darwin-arm64/lib/libvips-cpp.8.17.3.dylib' (no such file), '/Users/jarkius/.bun/install/cache/@img/sharp-darwin-arm64@0.34.5@@@1/lib/../../../node_modules/@img/sharp-libvips-darwin-arm64/lib/libvips-cpp.8.17.3.dylib' (no such file), '/Users/jarkius/.bun/install/cache/@img/sharp-darwin-arm64@0.34.5@@@1/lib/../../../../../@img-sharp-libvips-darwin-arm64-npm-1.2.4-09e109d5ab/node_modules/@img/sharp-libvips-darwin-arm64/lib/libvips-cpp.8.17.3.dylib' (no such file), '/Users/jarkius/.bun/install/cache/@img/sharp-darwin-arm64@0.34.5@@@1/lib/../../sharp-libvips-darwin-arm64/lib/libvips-cpp.8.17.3.dylib' (no such file), '/Users/jarkius/.bun/install/cache/@img/sharp-darwin-arm64@0.34.5@@@1/lib/../../../sharp-libvips-darwin-arm64/1.2.4/lib/libvips-cpp.8.17.3.dylib' (no such file), '/Users/jarkius/.bun/install/cache/@img/sharp-darwin-arm64@0.34.5@@@1/lib/../node_modules/@img/sharp-libvips-darwin-arm64/lib/libvips-cpp.8.17.3.dylib' (no such file), '/Users/jarkius/.bun/install/cache/@img/sharp-darwin-arm64@0.34.5@@@1/lib/../../node_modules/@img/sharp-libvips-darwin-arm64/lib/libvips-cpp.8.17.3.dylib' (no such file), '/Users/jarkius/.bun/install/cache/@img/sharp-darwin-arm64@0.34.5@@@1/lib/../../../node_modules/@img/sharp-libvips-darwin-arm64/lib/libvips-cpp.8.17.3.dylib' (no such file), '/Users/jarkius/.bun/install/cache/@img/sharp-darwin-arm64@0.34.5@@@1/lib/../../../../../@img-sharp-libvips-darwin-arm64-npm-1.2.4-09e109d5ab/node_modules/@img/sharp-libvips-darwin-arm64/lib/libvips-cpp.8.17.3.dylib' (no such file)
Possible solutions:
- Ensure optional dependencies can be installed:
    npm install --include=optional sharp
- Ensure your package manager supports multi-platform installation:
    See https://sharp.pixelplumbing.com/install#cross-platform
- Add platform-specific dependencies:
    npm install --os=darwin --cpu=arm64 sharp
- Consult the installation documentation:
    See https://sharp.pixelplumbing.com/install
      at <anonymous> (/Users/jarkius/.bun/install/cache/sharp@0.34.5@@@1/lib/sharp.js:120:13)
      at <anonymous> (/Users/jarkius/.bun/install/cache/sharp@0.34.5@@@1/lib/constructor.js:8:7)
      at <anonymous> (/Users/jarkius/.bun/install/cache/sharp@0.34.5@@@1/lib/index.js:6:7)

[VectorDB] save session session_1773643308868 failed after 3 attempts: Could not load the "sharp" module using the darwin-arm64 runtime
ERR_DLOPEN_FAILED: dlopen(/Users/jarkius/.bun/install/cache/@img/sharp-darwin-arm64@0.34.5@@@1/lib/sharp-darwin-arm64.node, 0x0001): Library not loaded: @rpath/libvips-cpp.8.17.3.dylib
  Referenced from: <43BC947D-E6CB-3FC0-8C98-B0C566F42F94> /Users/jarkius/.bun/install/cache/@img/sharp-darwin-arm64@0.34.5@@@1/lib/sharp-darwin-arm64.node
  Reason: tried: '/Users/jarkius/.bun/install/cache/@img/sharp-darwin-arm64@0.34.5@@@1/lib/../../sharp-libvips-darwin-arm64/lib/libvips-cpp.8.17.3.dylib' (no such file), '/Users/jarkius/.bun/install/cache/@img/sharp-darwin-arm64@0.34.5@@@1/lib/../../../sharp-libvips-darwin-arm64/1.2.4/lib/libvips-cpp.8.17.3.dylib' (no such file), '/Users/jarkius/.bun/install/cache/@img/sharp-darwin-arm64@0.34.5@@@1/lib/../node_modules/@img/sharp-libvips-darwin-arm64/lib/libvips-cpp.8.17.3.dylib' (no such file), '/Users/jarkius/.bun/install/cache/@img/sharp-darwin-arm64@0.34.5@@@1/lib/../../node_modules/@img/sharp-libvips-darwin-arm64/lib/libvips-cpp.8.17.3.dylib' (no such file), '/Users/jarkius/.bun/install/cache/@img/sharp-darwin-arm64@0.34.5@@@1/lib/../../../node_modules/@img/sharp-libvips-darwin-arm64/lib/libvips-cpp.8.17.3.dylib' (no such file), '/Users/jarkius/.bun/install/cache/@img/sharp-darwin-arm64@0.34.5@@@1/lib/../../../../../@img-sharp-libvips-darwin-arm64-npm-1.2.4-09e109d5ab/node_modules/@img/sharp-libvips-darwin-arm64/lib/libvips-cpp.8.17.3.dylib' (no such file), '/Users/jarkius/.bun/install/cache/@img/sharp-darwin-arm64@0.34.5@@@1/lib/../../sharp-libvips-darwin-arm64/lib/libvips-cpp.8.17.3.dylib' (no such file), '/Users/jarkius/.bun/install/cache/@img/sharp-darwin-arm64@0.34.5@@@1/lib/../../../sharp-libvips-darwin-arm64/1.2.4/lib/libvips-cpp.8.17.3.dylib' (no such file), '/Users/jarkius/.bun/install/cache/@img/sharp-darwin-arm64@0.34.5@@@1/lib/../node_modules/@img/sharp-libvips-darwin-arm64/lib/libvips-cpp.8.17.3.dylib' (no such file), '/Users/jarkius/.bun/install/cache/@img/sharp-darwin-arm64@0.34.5@@@1/lib/../../node_modules/@img/sharp-libvips-darwin-arm64/lib/libvips-cpp.8.17.3.dylib' (no such file), '/Users/jarkius/.bun/install/cache/@img/sharp-darwin-arm64@0.34.5@@@1/lib/../../../node_modules/@img/sharp-libvips-darwin-arm64/lib/libvips-cpp.8.17.3.dylib' (no such file), '/Users/jarkius/.bun/install/cache/@img/sharp-darwin-arm64@0.34.5@@@1/lib/../../../../../@img-sharp-libvips-darwin-arm64-npm-1.2.4-09e109d5ab/node_modules/@img/sharp-libvips-darwin-arm64/lib/libvips-cpp.8.17.3.dylib' (no such file)
Possible solutions:
- Ensure optional dependencies can be installed:
    npm install --include=optional sharp
- Ensure your package manager supports multi-platform installation:
    See https://sharp.pixelplumbing.com/install#cross-platform
- Add platform-specific dependencies:
    npm install --os=darwin --cpu=arm64 sharp
- Consult the installation documentation:
    See https://sharp.pixelplumbing.com/install
$ bun run scripts/memory/index.ts learn "/Users/jarkius/workspace/The-matrix/psi/memory/sessions/2026-03/2026-03-16_13.41_auto-pulse.md"
[VectorDB] Using Transformers.js with model: multilingual-e5-base
[VectorDB] Initialized with 11 collections (prefix: matrix-memory-agents)
[Transformers] Initializing model: Xenova/multilingual-e5-base...
[Transformers] Failed to initialize: 115 |   }
116 |   help.push(
117 |     '- Consult the installation documentation:',
118 |     '    See https://sharp.pixelplumbing.com/install'
119 |   );
120 |   throw new Error(help.join('\n'));
                  ^
error: Could not load the "sharp" module using the darwin-arm64 runtime
ERR_DLOPEN_FAILED: dlopen(/Users/jarkius/.bun/install/cache/@img/sharp-darwin-arm64@0.34.5@@@1/lib/sharp-darwin-arm64.node, 0x0001): Library not loaded: @rpath/libvips-cpp.8.17.3.dylib
  Referenced from: <43BC947D-E6CB-3FC0-8C98-B0C566F42F94> /Users/jarkius/.bun/install/cache/@img/sharp-darwin-arm64@0.34.5@@@1/lib/sharp-darwin-arm64.node
  Reason: tried: '/Users/jarkius/.bun/install/cache/@img/sharp-darwin-arm64@0.34.5@@@1/lib/../../sharp-libvips-darwin-arm64/lib/libvips-cpp.8.17.3.dylib' (no such file), '/Users/jarkius/.bun/install/cache/@img/sharp-darwin-arm64@0.34.5@@@1/lib/../../../sharp-libvips-darwin-arm64/1.2.4/lib/libvips-cpp.8.17.3.dylib' (no such file), '/Users/jarkius/.bun/install/cache/@img/sharp-darwin-arm64@0.34.5@@@1/lib/../node_modules/@img/sharp-libvips-darwin-arm64/lib/libvips-cpp.8.17.3.dylib' (no such file), '/Users/jarkius/.bun/install/cache/@img/sharp-darwin-arm64@0.34.5@@@1/lib/../../node_modules/@img/sharp-libvips-darwin-arm64/lib/libvips-cpp.8.17.3.dylib' (no such file), '/Users/jarkius/.bun/install/cache/@img/sharp-darwin-arm64@0.34.5@@@1/lib/../../../node_modules/@img/sharp-libvips-darwin-arm64/lib/libvips-cpp.8.17.3.dylib' (no such file), '/Users/jarkius/.bun/install/cache/@img/sharp-darwin-arm64@0.34.5@@@1/lib/../../../../../@img-sharp-libvips-darwin-arm64-npm-1.2.4-09e109d5ab/node_modules/@img/sharp-libvips-darwin-arm64/lib/libvips-cpp.8.17.3.dylib' (no such file), '/Users/jarkius/.bun/install/cache/@img/sharp-darwin-arm64@0.34.5@@@1/lib/../../sharp-libvips-darwin-arm64/lib/libvips-cpp.8.17.3.dylib' (no such file), '/Users/jarkius/.bun/install/cache/@img/sharp-darwin-arm64@0.34.5@@@1/lib/../../../sharp-libvips-darwin-arm64/1.2.4/lib/libvips-cpp.8.17.3.dylib' (no such file), '/Users/jarkius/.bun/install/cache/@img/sharp-darwin-arm64@0.34.5@@@1/lib/../node_modules/@img/sharp-libvips-darwin-arm64/lib/libvips-cpp.8.17.3.dylib' (no such file), '/Users/jarkius/.bun/install/cache/@img/sharp-darwin-arm64@0.34.5@@@1/lib/../../node_modules/@img/sharp-libvips-darwin-arm64/lib/libvips-cpp.8.17.3.dylib' (no such file), '/Users/jarkius/.bun/install/cache/@img/sharp-darwin-arm64@0.34.5@@@1/lib/../../../node_modules/@img/sharp-libvips-darwin-arm64/lib/libvips-cpp.8.17.3.dylib' (no such file), '/Users/jarkius/.bun/install/cache/@img/sharp-darwin-arm64@0.34.5@@@1/lib/../../../../../@img-sharp-libvips-darwin-arm64-npm-1.2.4-09e109d5ab/node_modules/@img/sharp-libvips-darwin-arm64/lib/libvips-cpp.8.17.3.dylib' (no such file)
Possible solutions:
- Ensure optional dependencies can be installed:
    npm install --include=optional sharp
- Ensure your package manager supports multi-platform installation:
    See https://sharp.pixelplumbing.com/install#cross-platform
- Add platform-specific dependencies:
    npm install --os=darwin --cpu=arm64 sharp
- Consult the installation documentation:
    See https://sharp.pixelplumbing.com/install
      at <anonymous> (/Users/jarkius/.bun/install/cache/sharp@0.34.5@@@1/lib/sharp.js:120:13)
      at <anonymous> (/Users/jarkius/.bun/install/cache/sharp@0.34.5@@@1/lib/constructor.js:8:7)
      at <anonymous> (/Users/jarkius/.bun/install/cache/sharp@0.34.5@@@1/lib/index.js:6:7)

[VectorDB] save learning 101 failed after 3 attempts: Could not load the "sharp" module using the darwin-arm64 runtime
ERR_DLOPEN_FAILED: dlopen(/Users/jarkius/.bun/install/cache/@img/sharp-darwin-arm64@0.34.5@@@1/lib/sharp-darwin-arm64.node, 0x0001): Library not loaded: @rpath/libvips-cpp.8.17.3.dylib
  Referenced from: <43BC947D-E6CB-3FC0-8C98-B0C566F42F94> /Users/jarkius/.bun/install/cache/@img/sharp-darwin-arm64@0.34.5@@@1/lib/sharp-darwin-arm64.node
  Reason: tried: '/Users/jarkius/.bun/install/cache/@img/sharp-darwin-arm64@0.34.5@@@1/lib/../../sharp-libvips-darwin-arm64/lib/libvips-cpp.8.17.3.dylib' (no such file), '/Users/jarkius/.bun/install/cache/@img/sharp-darwin-arm64@0.34.5@@@1/lib/../../../sharp-libvips-darwin-arm64/1.2.4/lib/libvips-cpp.8.17.3.dylib' (no such file), '/Users/jarkius/.bun/install/cache/@img/sharp-darwin-arm64@0.34.5@@@1/lib/../node_modules/@img/sharp-libvips-darwin-arm64/lib/libvips-cpp.8.17.3.dylib' (no such file), '/Users/jarkius/.bun/install/cache/@img/sharp-darwin-arm64@0.34.5@@@1/lib/../../node_modules/@img/sharp-libvips-darwin-arm64/lib/libvips-cpp.8.17.3.dylib' (no such file), '/Users/jarkius/.bun/install/cache/@img/sharp-darwin-arm64@0.34.5@@@1/lib/../../../node_modules/@img/sharp-libvips-darwin-arm64/lib/libvips-cpp.8.17.3.dylib' (no such file), '/Users/jarkius/.bun/install/cache/@img/sharp-darwin-arm64@0.34.5@@@1/lib/../../../../../@img-sharp-libvips-darwin-arm64-npm-1.2.4-09e109d5ab/node_modules/@img/sharp-libvips-darwin-arm64/lib/libvips-cpp.8.17.3.dylib' (no such file), '/Users/jarkius/.bun/install/cache/@img/sharp-darwin-arm64@0.34.5@@@1/lib/../../sharp-libvips-darwin-arm64/lib/libvips-cpp.8.17.3.dylib' (no such file), '/Users/jarkius/.bun/install/cache/@img/sharp-darwin-arm64@0.34.5@@@1/lib/../../../sharp-libvips-darwin-arm64/1.2.4/lib/libvips-cpp.8.17.3.dylib' (no such file), '/Users/jarkius/.bun/install/cache/@img/sharp-darwin-arm64@0.34.5@@@1/lib/../node_modules/@img/sharp-libvips-darwin-arm64/lib/libvips-cpp.8.17.3.dylib' (no such file), '/Users/jarkius/.bun/install/cache/@img/sharp-darwin-arm64@0.34.5@@@1/lib/../../node_modules/@img/sharp-libvips-darwin-arm64/lib/libvips-cpp.8.17.3.dylib' (no such file), '/Users/jarkius/.bun/install/cache/@img/sharp-darwin-arm64@0.34.5@@@1/lib/../../../node_modules/@img/sharp-libvips-darwin-arm64/lib/libvips-cpp.8.17.3.dylib' (no such file), '/Users/jarkius/.bun/install/cache/@img/sharp-darwin-arm64@0.34.5@@@1/lib/../../../../../@img-sharp-libvips-darwin-arm64-npm-1.2.4-09e109d5ab/node_modules/@img/sharp-libvips-darwin-arm64/lib/libvips-cpp.8.17.3.dylib' (no such file)
Possible solutions:
- Ensure optional dependencies can be installed:
    npm install --include=optional sharp
- Ensure your package manager supports multi-platform installation:
    See https://sharp.pixelplumbing.com/install#cross-platform
- Add platform-specific dependencies:
    npm install --os=darwin --cpu=arm64 sharp
- Consult the installation documentation:
    See https://sharp.pixelplumbing.com/install
$ bun run scripts/memory/index.ts save "Auto-saved session via pulse hook"
[VectorDB] Using Transformers.js with model: multilingual-e5-base
[VectorDB] Initialized with 11 collections (prefix: matrix-memory-agents)
[Transformers] Initializing model: Xenova/multilingual-e5-base...
[Transformers] Failed to initialize: 115 |   }
116 |   help.push(
117 |     '- Consult the installation documentation:',
118 |     '    See https://sharp.pixelplumbing.com/install'
119 |   );
120 |   throw new Error(help.join('\n'));
                  ^
error: Could not load the "sharp" module using the darwin-arm64 runtime
ERR_DLOPEN_FAILED: dlopen(/Users/jarkius/.bun/install/cache/@img/sharp-darwin-arm64@0.34.5@@@1/lib/sharp-darwin-arm64.node, 0x0001): Library not loaded: @rpath/libvips-cpp.8.17.3.dylib
  Referenced from: <43BC947D-E6CB-3FC0-8C98-B0C566F42F94> /Users/jarkius/.bun/install/cache/@img/sharp-darwin-arm64@0.34.5@@@1/lib/sharp-darwin-arm64.node
  Reason: tried: '/Users/jarkius/.bun/install/cache/@img/sharp-darwin-arm64@0.34.5@@@1/lib/../../sharp-libvips-darwin-arm64/lib/libvips-cpp.8.17.3.dylib' (no such file), '/Users/jarkius/.bun/install/cache/@img/sharp-darwin-arm64@0.34.5@@@1/lib/../../../sharp-libvips-darwin-arm64/1.2.4/lib/libvips-cpp.8.17.3.dylib' (no such file), '/Users/jarkius/.bun/install/cache/@img/sharp-darwin-arm64@0.34.5@@@1/lib/../node_modules/@img/sharp-libvips-darwin-arm64/lib/libvips-cpp.8.17.3.dylib' (no such file), '/Users/jarkius/.bun/install/cache/@img/sharp-darwin-arm64@0.34.5@@@1/lib/../../node_modules/@img/sharp-libvips-darwin-arm64/lib/libvips-cpp.8.17.3.dylib' (no such file), '/Users/jarkius/.bun/install/cache/@img/sharp-darwin-arm64@0.34.5@@@1/lib/../../../node_modules/@img/sharp-libvips-darwin-arm64/lib/libvips-cpp.8.17.3.dylib' (no such file), '/Users/jarkius/.bun/install/cache/@img/sharp-darwin-arm64@0.34.5@@@1/lib/../../../../../@img-sharp-libvips-darwin-arm64-npm-1.2.4-09e109d5ab/node_modules/@img/sharp-libvips-darwin-arm64/lib/libvips-cpp.8.17.3.dylib' (no such file), '/Users/jarkius/.bun/install/cache/@img/sharp-darwin-arm64@0.34.5@@@1/lib/../../sharp-libvips-darwin-arm64/lib/libvips-cpp.8.17.3.dylib' (no such file), '/Users/jarkius/.bun/install/cache/@img/sharp-darwin-arm64@0.34.5@@@1/lib/../../../sharp-libvips-darwin-arm64/1.2.4/lib/libvips-cpp.8.17.3.dylib' (no such file), '/Users/jarkius/.bun/install/cache/@img/sharp-darwin-arm64@0.34.5@@@1/lib/../node_modules/@img/sharp-libvips-darwin-arm64/lib/libvips-cpp.8.17.3.dylib' (no such file), '/Users/jarkius/.bun/install/cache/@img/sharp-darwin-arm64@0.34.5@@@1/lib/../../node_modules/@img/sharp-libvips-darwin-arm64/lib/libvips-cpp.8.17.3.dylib' (no such file), '/Users/jarkius/.bun/install/cache/@img/sharp-darwin-arm64@0.34.5@@@1/lib/../../../node_modules/@img/sharp-libvips-darwin-arm64/lib/libvips-cpp.8.17.3.dylib' (no such file), '/Users/jarkius/.bun/install/cache/@img/sharp-darwin-arm64@0.34.5@@@1/lib/../../../../../@img-sharp-libvips-darwin-arm64-npm-1.2.4-09e109d5ab/node_modules/@img/sharp-libvips-darwin-arm64/lib/libvips-cpp.8.17.3.dylib' (no such file)
Possible solutions:
- Ensure optional dependencies can be installed:
    npm install --include=optional sharp
- Ensure your package manager supports multi-platform installation:
    See https://sharp.pixelplumbing.com/install#cross-platform
- Add platform-specific dependencies:
    npm install --os=darwin --cpu=arm64 sharp
- Consult the installation documentation:
    See https://sharp.pixelplumbing.com/install
      at <anonymous> (/Users/jarkius/.bun/install/cache/sharp@0.34.5@@@1/lib/sharp.js:120:13)
      at <anonymous> (/Users/jarkius/.bun/install/cache/sharp@0.34.5@@@1/lib/constructor.js:8:7)
      at <anonymous> (/Users/jarkius/.bun/install/cache/sharp@0.34.5@@@1/lib/index.js:6:7)

[VectorDB] save session session_1773643321752 failed after 3 attempts: Could not load the "sharp" module using the darwin-arm64 runtime
ERR_DLOPEN_FAILED: dlopen(/Users/jarkius/.bun/install/cache/@img/sharp-darwin-arm64@0.34.5@@@1/lib/sharp-darwin-arm64.node, 0x0001): Library not loaded: @rpath/libvips-cpp.8.17.3.dylib
  Referenced from: <43BC947D-E6CB-3FC0-8C98-B0C566F42F94> /Users/jarkius/.bun/install/cache/@img/sharp-darwin-arm64@0.34.5@@@1/lib/sharp-darwin-arm64.node
  Reason: tried: '/Users/jarkius/.bun/install/cache/@img/sharp-darwin-arm64@0.34.5@@@1/lib/../../sharp-libvips-darwin-arm64/lib/libvips-cpp.8.17.3.dylib' (no such file), '/Users/jarkius/.bun/install/cache/@img/sharp-darwin-arm64@0.34.5@@@1/lib/../../../sharp-libvips-darwin-arm64/1.2.4/lib/libvips-cpp.8.17.3.dylib' (no such file), '/Users/jarkius/.bun/install/cache/@img/sharp-darwin-arm64@0.34.5@@@1/lib/../node_modules/@img/sharp-libvips-darwin-arm64/lib/libvips-cpp.8.17.3.dylib' (no such file), '/Users/jarkius/.bun/install/cache/@img/sharp-darwin-arm64@0.34.5@@@1/lib/../../node_modules/@img/sharp-libvips-darwin-arm64/lib/libvips-cpp.8.17.3.dylib' (no such file), '/Users/jarkius/.bun/install/cache/@img/sharp-darwin-arm64@0.34.5@@@1/lib/../../../node_modules/@img/sharp-libvips-darwin-arm64/lib/libvips-cpp.8.17.3.dylib' (no such file), '/Users/jarkius/.bun/install/cache/@img/sharp-darwin-arm64@0.34.5@@@1/lib/../../../../../@img-sharp-libvips-darwin-arm64-npm-1.2.4-09e109d5ab/node_modules/@img/sharp-libvips-darwin-arm64/lib/libvips-cpp.8.17.3.dylib' (no such file), '/Users/jarkius/.bun/install/cache/@img/sharp-darwin-arm64@0.34.5@@@1/lib/../../sharp-libvips-darwin-arm64/lib/libvips-cpp.8.17.3.dylib' (no such file), '/Users/jarkius/.bun/install/cache/@img/sharp-darwin-arm64@0.34.5@@@1/lib/../../../sharp-libvips-darwin-arm64/1.2.4/lib/libvips-cpp.8.17.3.dylib' (no such file), '/Users/jarkius/.bun/install/cache/@img/sharp-darwin-arm64@0.34.5@@@1/lib/../node_modules/@img/sharp-libvips-darwin-arm64/lib/libvips-cpp.8.17.3.dylib' (no such file), '/Users/jarkius/.bun/install/cache/@img/sharp-darwin-arm64@0.34.5@@@1/lib/../../node_modules/@img/sharp-libvips-darwin-arm64/lib/libvips-cpp.8.17.3.dylib' (no such file), '/Users/jarkius/.bun/install/cache/@img/sharp-darwin-arm64@0.34.5@@@1/lib/../../../node_modules/@img/sharp-libvips-darwin-arm64/lib/libvips-cpp.8.17.3.dylib' (no such file), '/Users/jarkius/.bun/install/cache/@img/sharp-darwin-arm64@0.34.5@@@1/lib/../../../../../@img-sharp-libvips-darwin-arm64-npm-1.2.4-09e109d5ab/node_modules/@img/sharp-libvips-darwin-arm64/lib/libvips-cpp.8.17.3.dylib' (no such file)
Possible solutions:
- Ensure optional dependencies can be installed:
    npm install --include=optional sharp
- Ensure your package manager supports multi-platform installation:
    See https://sharp.pixelplumbing.com/install#cross-platform
- Add platform-specific dependencies:
    npm install --os=darwin --cpu=arm64 sharp
- Consult the installation documentation:
    See https://sharp.pixelplumbing.com/install
$ bun run scripts/memory/index.ts learn "/Users/jarkius/workspace/The-matrix/psi/memory/sessions/2026-03/2026-03-16_13.42_auto-pulse.md"
[VectorDB] Using Transformers.js with model: multilingual-e5-base
[VectorDB] Initialized with 11 collections (prefix: matrix-memory-agents)
[Transformers] Initializing model: Xenova/multilingual-e5-base...
[Transformers] Failed to initialize: 115 |   }
116 |   help.push(
117 |     '- Consult the installation documentation:',
118 |     '    See https://sharp.pixelplumbing.com/install'
119 |   );
120 |   throw new Error(help.join('\n'));
                  ^
error: Could not load the "sharp" module using the darwin-arm64 runtime
ERR_DLOPEN_FAILED: dlopen(/Users/jarkius/.bun/install/cache/@img/sharp-darwin-arm64@0.34.5@@@1/lib/sharp-darwin-arm64.node, 0x0001): Library not loaded: @rpath/libvips-cpp.8.17.3.dylib
  Referenced from: <43BC947D-E6CB-3FC0-8C98-B0C566F42F94> /Users/jarkius/.bun/install/cache/@img/sharp-darwin-arm64@0.34.5@@@1/lib/sharp-darwin-arm64.node
  Reason: tried: '/Users/jarkius/.bun/install/cache/@img/sharp-darwin-arm64@0.34.5@@@1/lib/../../sharp-libvips-darwin-arm64/lib/libvips-cpp.8.17.3.dylib' (no such file), '/Users/jarkius/.bun/install/cache/@img/sharp-darwin-arm64@0.34.5@@@1/lib/../../../sharp-libvips-darwin-arm64/1.2.4/lib/libvips-cpp.8.17.3.dylib' (no such file), '/Users/jarkius/.bun/install/cache/@img/sharp-darwin-arm64@0.34.5@@@1/lib/../node_modules/@img/sharp-libvips-darwin-arm64/lib/libvips-cpp.8.17.3.dylib' (no such file), '/Users/jarkius/.bun/install/cache/@img/sharp-darwin-arm64@0.34.5@@@1/lib/../../node_modules/@img/sharp-libvips-darwin-arm64/lib/libvips-cpp.8.17.3.dylib' (no such file), '/Users/jarkius/.bun/install/cache/@img/sharp-darwin-arm64@0.34.5@@@1/lib/../../../node_modules/@img/sharp-libvips-darwin-arm64/lib/libvips-cpp.8.17.3.dylib' (no such file), '/Users/jarkius/.bun/install/cache/@img/sharp-darwin-arm64@0.34.5@@@1/lib/../../../../../@img-sharp-libvips-darwin-arm64-npm-1.2.4-09e109d5ab/node_modules/@img/sharp-libvips-darwin-arm64/lib/libvips-cpp.8.17.3.dylib' (no such file), '/Users/jarkius/.bun/install/cache/@img/sharp-darwin-arm64@0.34.5@@@1/lib/../../sharp-libvips-darwin-arm64/lib/libvips-cpp.8.17.3.dylib' (no such file), '/Users/jarkius/.bun/install/cache/@img/sharp-darwin-arm64@0.34.5@@@1/lib/../../../sharp-libvips-darwin-arm64/1.2.4/lib/libvips-cpp.8.17.3.dylib' (no such file), '/Users/jarkius/.bun/install/cache/@img/sharp-darwin-arm64@0.34.5@@@1/lib/../node_modules/@img/sharp-libvips-darwin-arm64/lib/libvips-cpp.8.17.3.dylib' (no such file), '/Users/jarkius/.bun/install/cache/@img/sharp-darwin-arm64@0.34.5@@@1/lib/../../node_modules/@img/sharp-libvips-darwin-arm64/lib/libvips-cpp.8.17.3.dylib' (no such file), '/Users/jarkius/.bun/install/cache/@img/sharp-darwin-arm64@0.34.5@@@1/lib/../../../node_modules/@img/sharp-libvips-darwin-arm64/lib/libvips-cpp.8.17.3.dylib' (no such file), '/Users/jarkius/.bun/install/cache/@img/sharp-darwin-arm64@0.34.5@@@1/lib/../../../../../@img-sharp-libvips-darwin-arm64-npm-1.2.4-09e109d5ab/node_modules/@img/sharp-libvips-darwin-arm64/lib/libvips-cpp.8.17.3.dylib' (no such file)
Possible solutions:
- Ensure optional dependencies can be installed:
    npm install --include=optional sharp
- Ensure your package manager supports multi-platform installation:
    See https://sharp.pixelplumbing.com/install#cross-platform
- Add platform-specific dependencies:
    npm install --os=darwin --cpu=arm64 sharp
- Consult the installation documentation:
    See https://sharp.pixelplumbing.com/install
      at <anonymous> (/Users/jarkius/.bun/install/cache/sharp@0.34.5@@@1/lib/sharp.js:120:13)
      at <anonymous> (/Users/jarkius/.bun/install/cache/sharp@0.34.5@@@1/lib/constructor.js:8:7)
      at <anonymous> (/Users/jarkius/.bun/install/cache/sharp@0.34.5@@@1/lib/index.js:6:7)

[VectorDB] save learning 102 failed after 3 attempts: Could not load the "sharp" module using the darwin-arm64 runtime
ERR_DLOPEN_FAILED: dlopen(/Users/jarkius/.bun/install/cache/@img/sharp-darwin-arm64@0.34.5@@@1/lib/sharp-darwin-arm64.node, 0x0001): Library not loaded: @rpath/libvips-cpp.8.17.3.dylib
  Referenced from: <43BC947D-E6CB-3FC0-8C98-B0C566F42F94> /Users/jarkius/.bun/install/cache/@img/sharp-darwin-arm64@0.34.5@@@1/lib/sharp-darwin-arm64.node
  Reason: tried: '/Users/jarkius/.bun/install/cache/@img/sharp-darwin-arm64@0.34.5@@@1/lib/../../sharp-libvips-darwin-arm64/lib/libvips-cpp.8.17.3.dylib' (no such file), '/Users/jarkius/.bun/install/cache/@img/sharp-darwin-arm64@0.34.5@@@1/lib/../../../sharp-libvips-darwin-arm64/1.2.4/lib/libvips-cpp.8.17.3.dylib' (no such file), '/Users/jarkius/.bun/install/cache/@img/sharp-darwin-arm64@0.34.5@@@1/lib/../node_modules/@img/sharp-libvips-darwin-arm64/lib/libvips-cpp.8.17.3.dylib' (no such file), '/Users/jarkius/.bun/install/cache/@img/sharp-darwin-arm64@0.34.5@@@1/lib/../../node_modules/@img/sharp-libvips-darwin-arm64/lib/libvips-cpp.8.17.3.dylib' (no such file), '/Users/jarkius/.bun/install/cache/@img/sharp-darwin-arm64@0.34.5@@@1/lib/../../../node_modules/@img/sharp-libvips-darwin-arm64/lib/libvips-cpp.8.17.3.dylib' (no such file), '/Users/jarkius/.bun/install/cache/@img/sharp-darwin-arm64@0.34.5@@@1/lib/../../../../../@img-sharp-libvips-darwin-arm64-npm-1.2.4-09e109d5ab/node_modules/@img/sharp-libvips-darwin-arm64/lib/libvips-cpp.8.17.3.dylib' (no such file), '/Users/jarkius/.bun/install/cache/@img/sharp-darwin-arm64@0.34.5@@@1/lib/../../sharp-libvips-darwin-arm64/lib/libvips-cpp.8.17.3.dylib' (no such file), '/Users/jarkius/.bun/install/cache/@img/sharp-darwin-arm64@0.34.5@@@1/lib/../../../sharp-libvips-darwin-arm64/1.2.4/lib/libvips-cpp.8.17.3.dylib' (no such file), '/Users/jarkius/.bun/install/cache/@img/sharp-darwin-arm64@0.34.5@@@1/lib/../node_modules/@img/sharp-libvips-darwin-arm64/lib/libvips-cpp.8.17.3.dylib' (no such file), '/Users/jarkius/.bun/install/cache/@img/sharp-darwin-arm64@0.34.5@@@1/lib/../../node_modules/@img/sharp-libvips-darwin-arm64/lib/libvips-cpp.8.17.3.dylib' (no such file), '/Users/jarkius/.bun/install/cache/@img/sharp-darwin-arm64@0.34.5@@@1/lib/../../../node_modules/@img/sharp-libvips-darwin-arm64/lib/libvips-cpp.8.17.3.dylib' (no such file), '/Users/jarkius/.bun/install/cache/@img/sharp-darwin-arm64@0.34.5@@@1/lib/../../../../../@img-sharp-libvips-darwin-arm64-npm-1.2.4-09e109d5ab/node_modules/@img/sharp-libvips-darwin-arm64/lib/libvips-cpp.8.17.3.dylib' (no such file)
Possible solutions:
- Ensure optional dependencies can be installed:
    npm install --include=optional sharp
- Ensure your package manager supports multi-platform installation:
    See https://sharp.pixelplumbing.com/install#cross-platform
- Add platform-specific dependencies:
    npm install --os=darwin --cpu=arm64 sharp
- Consult the installation documentation:
    See https://sharp.pixelplumbing.com/install
$ bun run scripts/memory/index.ts save "Auto-saved session via pulse hook"
[VectorDB] Using Transformers.js with model: multilingual-e5-base
[VectorDB] Initialized with 11 collections (prefix: matrix-memory-agents)
[Transformers] Initializing model: Xenova/multilingual-e5-base...
[Transformers] Failed to initialize: 115 |   }
116 |   help.push(
117 |     '- Consult the installation documentation:',
118 |     '    See https://sharp.pixelplumbing.com/install'
119 |   );
120 |   throw new Error(help.join('\n'));
                  ^
error: Could not load the "sharp" module using the darwin-arm64 runtime
ERR_DLOPEN_FAILED: dlopen(/Users/jarkius/.bun/install/cache/@img/sharp-darwin-arm64@0.34.5@@@1/lib/sharp-darwin-arm64.node, 0x0001): Library not loaded: @rpath/libvips-cpp.8.17.3.dylib
  Referenced from: <43BC947D-E6CB-3FC0-8C98-B0C566F42F94> /Users/jarkius/.bun/install/cache/@img/sharp-darwin-arm64@0.34.5@@@1/lib/sharp-darwin-arm64.node
  Reason: tried: '/Users/jarkius/.bun/install/cache/@img/sharp-darwin-arm64@0.34.5@@@1/lib/../../sharp-libvips-darwin-arm64/lib/libvips-cpp.8.17.3.dylib' (no such file), '/Users/jarkius/.bun/install/cache/@img/sharp-darwin-arm64@0.34.5@@@1/lib/../../../sharp-libvips-darwin-arm64/1.2.4/lib/libvips-cpp.8.17.3.dylib' (no such file), '/Users/jarkius/.bun/install/cache/@img/sharp-darwin-arm64@0.34.5@@@1/lib/../node_modules/@img/sharp-libvips-darwin-arm64/lib/libvips-cpp.8.17.3.dylib' (no such file), '/Users/jarkius/.bun/install/cache/@img/sharp-darwin-arm64@0.34.5@@@1/lib/../../node_modules/@img/sharp-libvips-darwin-arm64/lib/libvips-cpp.8.17.3.dylib' (no such file), '/Users/jarkius/.bun/install/cache/@img/sharp-darwin-arm64@0.34.5@@@1/lib/../../../node_modules/@img/sharp-libvips-darwin-arm64/lib/libvips-cpp.8.17.3.dylib' (no such file), '/Users/jarkius/.bun/install/cache/@img/sharp-darwin-arm64@0.34.5@@@1/lib/../../../../../@img-sharp-libvips-darwin-arm64-npm-1.2.4-09e109d5ab/node_modules/@img/sharp-libvips-darwin-arm64/lib/libvips-cpp.8.17.3.dylib' (no such file), '/Users/jarkius/.bun/install/cache/@img/sharp-darwin-arm64@0.34.5@@@1/lib/../../sharp-libvips-darwin-arm64/lib/libvips-cpp.8.17.3.dylib' (no such file), '/Users/jarkius/.bun/install/cache/@img/sharp-darwin-arm64@0.34.5@@@1/lib/../../../sharp-libvips-darwin-arm64/1.2.4/lib/libvips-cpp.8.17.3.dylib' (no such file), '/Users/jarkius/.bun/install/cache/@img/sharp-darwin-arm64@0.34.5@@@1/lib/../node_modules/@img/sharp-libvips-darwin-arm64/lib/libvips-cpp.8.17.3.dylib' (no such file), '/Users/jarkius/.bun/install/cache/@img/sharp-darwin-arm64@0.34.5@@@1/lib/../../node_modules/@img/sharp-libvips-darwin-arm64/lib/libvips-cpp.8.17.3.dylib' (no such file), '/Users/jarkius/.bun/install/cache/@img/sharp-darwin-arm64@0.34.5@@@1/lib/../../../node_modules/@img/sharp-libvips-darwin-arm64/lib/libvips-cpp.8.17.3.dylib' (no such file), '/Users/jarkius/.bun/install/cache/@img/sharp-darwin-arm64@0.34.5@@@1/lib/../../../../../@img-sharp-libvips-darwin-arm64-npm-1.2.4-09e109d5ab/node_modules/@img/sharp-libvips-darwin-arm64/lib/libvips-cpp.8.17.3.dylib' (no such file)
Possible solutions:
- Ensure optional dependencies can be installed:
    npm install --include=optional sharp
- Ensure your package manager supports multi-platform installation:
    See https://sharp.pixelplumbing.com/install#cross-platform
- Add platform-specific dependencies:
    npm install --os=darwin --cpu=arm64 sharp
- Consult the installation documentation:
    See https://sharp.pixelplumbing.com/install
      at <anonymous> (/Users/jarkius/.bun/install/cache/sharp@0.34.5@@@1/lib/sharp.js:120:13)
      at <anonymous> (/Users/jarkius/.bun/install/cache/sharp@0.34.5@@@1/lib/constructor.js:8:7)
      at <anonymous> (/Users/jarkius/.bun/install/cache/sharp@0.34.5@@@1/lib/index.js:6:7)

[VectorDB] save session session_1773643562852 failed after 3 attempts: Could not load the "sharp" module using the darwin-arm64 runtime
ERR_DLOPEN_FAILED: dlopen(/Users/jarkius/.bun/install/cache/@img/sharp-darwin-arm64@0.34.5@@@1/lib/sharp-darwin-arm64.node, 0x0001): Library not loaded: @rpath/libvips-cpp.8.17.3.dylib
  Referenced from: <43BC947D-E6CB-3FC0-8C98-B0C566F42F94> /Users/jarkius/.bun/install/cache/@img/sharp-darwin-arm64@0.34.5@@@1/lib/sharp-darwin-arm64.node
  Reason: tried: '/Users/jarkius/.bun/install/cache/@img/sharp-darwin-arm64@0.34.5@@@1/lib/../../sharp-libvips-darwin-arm64/lib/libvips-cpp.8.17.3.dylib' (no such file), '/Users/jarkius/.bun/install/cache/@img/sharp-darwin-arm64@0.34.5@@@1/lib/../../../sharp-libvips-darwin-arm64/1.2.4/lib/libvips-cpp.8.17.3.dylib' (no such file), '/Users/jarkius/.bun/install/cache/@img/sharp-darwin-arm64@0.34.5@@@1/lib/../node_modules/@img/sharp-libvips-darwin-arm64/lib/libvips-cpp.8.17.3.dylib' (no such file), '/Users/jarkius/.bun/install/cache/@img/sharp-darwin-arm64@0.34.5@@@1/lib/../../node_modules/@img/sharp-libvips-darwin-arm64/lib/libvips-cpp.8.17.3.dylib' (no such file), '/Users/jarkius/.bun/install/cache/@img/sharp-darwin-arm64@0.34.5@@@1/lib/../../../node_modules/@img/sharp-libvips-darwin-arm64/lib/libvips-cpp.8.17.3.dylib' (no such file), '/Users/jarkius/.bun/install/cache/@img/sharp-darwin-arm64@0.34.5@@@1/lib/../../../../../@img-sharp-libvips-darwin-arm64-npm-1.2.4-09e109d5ab/node_modules/@img/sharp-libvips-darwin-arm64/lib/libvips-cpp.8.17.3.dylib' (no such file), '/Users/jarkius/.bun/install/cache/@img/sharp-darwin-arm64@0.34.5@@@1/lib/../../sharp-libvips-darwin-arm64/lib/libvips-cpp.8.17.3.dylib' (no such file), '/Users/jarkius/.bun/install/cache/@img/sharp-darwin-arm64@0.34.5@@@1/lib/../../../sharp-libvips-darwin-arm64/1.2.4/lib/libvips-cpp.8.17.3.dylib' (no such file), '/Users/jarkius/.bun/install/cache/@img/sharp-darwin-arm64@0.34.5@@@1/lib/../node_modules/@img/sharp-libvips-darwin-arm64/lib/libvips-cpp.8.17.3.dylib' (no such file), '/Users/jarkius/.bun/install/cache/@img/sharp-darwin-arm64@0.34.5@@@1/lib/../../node_modules/@img/sharp-libvips-darwin-arm64/lib/libvips-cpp.8.17.3.dylib' (no such file), '/Users/jarkius/.bun/install/cache/@img/sharp-darwin-arm64@0.34.5@@@1/lib/../../../node_modules/@img/sharp-libvips-darwin-arm64/lib/libvips-cpp.8.17.3.dylib' (no such file), '/Users/jarkius/.bun/install/cache/@img/sharp-darwin-arm64@0.34.5@@@1/lib/../../../../../@img-sharp-libvips-darwin-arm64-npm-1.2.4-09e109d5ab/node_modules/@img/sharp-libvips-darwin-arm64/lib/libvips-cpp.8.17.3.dylib' (no such file)
Possible solutions:
- Ensure optional dependencies can be installed:
    npm install --include=optional sharp
- Ensure your package manager supports multi-platform installation:
    See https://sharp.pixelplumbing.com/install#cross-platform
- Add platform-specific dependencies:
    npm install --os=darwin --cpu=arm64 sharp
- Consult the installation documentation:
    See https://sharp.pixelplumbing.com/install
$ bun run scripts/memory/index.ts learn "/Users/jarkius/workspace/The-matrix/psi/memory/sessions/2026-03/2026-03-16_13.46_auto-pulse.md"
[VectorDB] Using Transformers.js with model: multilingual-e5-base
[VectorDB] Initialized with 11 collections (prefix: matrix-memory-agents)
[Transformers] Initializing model: Xenova/multilingual-e5-base...
[Transformers] Failed to initialize: 115 |   }
116 |   help.push(
117 |     '- Consult the installation documentation:',
118 |     '    See https://sharp.pixelplumbing.com/install'
119 |   );
120 |   throw new Error(help.join('\n'));
                  ^
error: Could not load the "sharp" module using the darwin-arm64 runtime
ERR_DLOPEN_FAILED: dlopen(/Users/jarkius/.bun/install/cache/@img/sharp-darwin-arm64@0.34.5@@@1/lib/sharp-darwin-arm64.node, 0x0001): Library not loaded: @rpath/libvips-cpp.8.17.3.dylib
  Referenced from: <43BC947D-E6CB-3FC0-8C98-B0C566F42F94> /Users/jarkius/.bun/install/cache/@img/sharp-darwin-arm64@0.34.5@@@1/lib/sharp-darwin-arm64.node
  Reason: tried: '/Users/jarkius/.bun/install/cache/@img/sharp-darwin-arm64@0.34.5@@@1/lib/../../sharp-libvips-darwin-arm64/lib/libvips-cpp.8.17.3.dylib' (no such file), '/Users/jarkius/.bun/install/cache/@img/sharp-darwin-arm64@0.34.5@@@1/lib/../../../sharp-libvips-darwin-arm64/1.2.4/lib/libvips-cpp.8.17.3.dylib' (no such file), '/Users/jarkius/.bun/install/cache/@img/sharp-darwin-arm64@0.34.5@@@1/lib/../node_modules/@img/sharp-libvips-darwin-arm64/lib/libvips-cpp.8.17.3.dylib' (no such file), '/Users/jarkius/.bun/install/cache/@img/sharp-darwin-arm64@0.34.5@@@1/lib/../../node_modules/@img/sharp-libvips-darwin-arm64/lib/libvips-cpp.8.17.3.dylib' (no such file), '/Users/jarkius/.bun/install/cache/@img/sharp-darwin-arm64@0.34.5@@@1/lib/../../../node_modules/@img/sharp-libvips-darwin-arm64/lib/libvips-cpp.8.17.3.dylib' (no such file), '/Users/jarkius/.bun/install/cache/@img/sharp-darwin-arm64@0.34.5@@@1/lib/../../../../../@img-sharp-libvips-darwin-arm64-npm-1.2.4-09e109d5ab/node_modules/@img/sharp-libvips-darwin-arm64/lib/libvips-cpp.8.17.3.dylib' (no such file), '/Users/jarkius/.bun/install/cache/@img/sharp-darwin-arm64@0.34.5@@@1/lib/../../sharp-libvips-darwin-arm64/lib/libvips-cpp.8.17.3.dylib' (no such file), '/Users/jarkius/.bun/install/cache/@img/sharp-darwin-arm64@0.34.5@@@1/lib/../../../sharp-libvips-darwin-arm64/1.2.4/lib/libvips-cpp.8.17.3.dylib' (no such file), '/Users/jarkius/.bun/install/cache/@img/sharp-darwin-arm64@0.34.5@@@1/lib/../node_modules/@img/sharp-libvips-darwin-arm64/lib/libvips-cpp.8.17.3.dylib' (no such file), '/Users/jarkius/.bun/install/cache/@img/sharp-darwin-arm64@0.34.5@@@1/lib/../../node_modules/@img/sharp-libvips-darwin-arm64/lib/libvips-cpp.8.17.3.dylib' (no such file), '/Users/jarkius/.bun/install/cache/@img/sharp-darwin-arm64@0.34.5@@@1/lib/../../../node_modules/@img/sharp-libvips-darwin-arm64/lib/libvips-cpp.8.17.3.dylib' (no such file), '/Users/jarkius/.bun/install/cache/@img/sharp-darwin-arm64@0.34.5@@@1/lib/../../../../../@img-sharp-libvips-darwin-arm64-npm-1.2.4-09e109d5ab/node_modules/@img/sharp-libvips-darwin-arm64/lib/libvips-cpp.8.17.3.dylib' (no such file)
Possible solutions:
- Ensure optional dependencies can be installed:
    npm install --include=optional sharp
- Ensure your package manager supports multi-platform installation:
    See https://sharp.pixelplumbing.com/install#cross-platform
- Add platform-specific dependencies:
    npm install --os=darwin --cpu=arm64 sharp
- Consult the installation documentation:
    See https://sharp.pixelplumbing.com/install
      at <anonymous> (/Users/jarkius/.bun/install/cache/sharp@0.34.5@@@1/lib/sharp.js:120:13)
      at <anonymous> (/Users/jarkius/.bun/install/cache/sharp@0.34.5@@@1/lib/constructor.js:8:7)
      at <anonymous> (/Users/jarkius/.bun/install/cache/sharp@0.34.5@@@1/lib/index.js:6:7)

[VectorDB] save learning 103 failed after 3 attempts: Could not load the "sharp" module using the darwin-arm64 runtime
ERR_DLOPEN_FAILED: dlopen(/Users/jarkius/.bun/install/cache/@img/sharp-darwin-arm64@0.34.5@@@1/lib/sharp-darwin-arm64.node, 0x0001): Library not loaded: @rpath/libvips-cpp.8.17.3.dylib
  Referenced from: <43BC947D-E6CB-3FC0-8C98-B0C566F42F94> /Users/jarkius/.bun/install/cache/@img/sharp-darwin-arm64@0.34.5@@@1/lib/sharp-darwin-arm64.node
  Reason: tried: '/Users/jarkius/.bun/install/cache/@img/sharp-darwin-arm64@0.34.5@@@1/lib/../../sharp-libvips-darwin-arm64/lib/libvips-cpp.8.17.3.dylib' (no such file), '/Users/jarkius/.bun/install/cache/@img/sharp-darwin-arm64@0.34.5@@@1/lib/../../../sharp-libvips-darwin-arm64/1.2.4/lib/libvips-cpp.8.17.3.dylib' (no such file), '/Users/jarkius/.bun/install/cache/@img/sharp-darwin-arm64@0.34.5@@@1/lib/../node_modules/@img/sharp-libvips-darwin-arm64/lib/libvips-cpp.8.17.3.dylib' (no such file), '/Users/jarkius/.bun/install/cache/@img/sharp-darwin-arm64@0.34.5@@@1/lib/../../node_modules/@img/sharp-libvips-darwin-arm64/lib/libvips-cpp.8.17.3.dylib' (no such file), '/Users/jarkius/.bun/install/cache/@img/sharp-darwin-arm64@0.34.5@@@1/lib/../../../node_modules/@img/sharp-libvips-darwin-arm64/lib/libvips-cpp.8.17.3.dylib' (no such file), '/Users/jarkius/.bun/install/cache/@img/sharp-darwin-arm64@0.34.5@@@1/lib/../../../../../@img-sharp-libvips-darwin-arm64-npm-1.2.4-09e109d5ab/node_modules/@img/sharp-libvips-darwin-arm64/lib/libvips-cpp.8.17.3.dylib' (no such file), '/Users/jarkius/.bun/install/cache/@img/sharp-darwin-arm64@0.34.5@@@1/lib/../../sharp-libvips-darwin-arm64/lib/libvips-cpp.8.17.3.dylib' (no such file), '/Users/jarkius/.bun/install/cache/@img/sharp-darwin-arm64@0.34.5@@@1/lib/../../../sharp-libvips-darwin-arm64/1.2.4/lib/libvips-cpp.8.17.3.dylib' (no such file), '/Users/jarkius/.bun/install/cache/@img/sharp-darwin-arm64@0.34.5@@@1/lib/../node_modules/@img/sharp-libvips-darwin-arm64/lib/libvips-cpp.8.17.3.dylib' (no such file), '/Users/jarkius/.bun/install/cache/@img/sharp-darwin-arm64@0.34.5@@@1/lib/../../node_modules/@img/sharp-libvips-darwin-arm64/lib/libvips-cpp.8.17.3.dylib' (no such file), '/Users/jarkius/.bun/install/cache/@img/sharp-darwin-arm64@0.34.5@@@1/lib/../../../node_modules/@img/sharp-libvips-darwin-arm64/lib/libvips-cpp.8.17.3.dylib' (no such file), '/Users/jarkius/.bun/install/cache/@img/sharp-darwin-arm64@0.34.5@@@1/lib/../../../../../@img-sharp-libvips-darwin-arm64-npm-1.2.4-09e109d5ab/node_modules/@img/sharp-libvips-darwin-arm64/lib/libvips-cpp.8.17.3.dylib' (no such file)
Possible solutions:
- Ensure optional dependencies can be installed:
    npm install --include=optional sharp
- Ensure your package manager supports multi-platform installation:
    See https://sharp.pixelplumbing.com/install#cross-platform
- Add platform-specific dependencies:
    npm install --os=darwin --cpu=arm64 sharp
- Consult the installation documentation:
    See https://sharp.pixelplumbing.com/install
$ bun run scripts/memory/index.ts save "Auto-saved session via pulse hook"
[VectorDB] Using Transformers.js with model: multilingual-e5-base
[VectorDB] Initialized with 11 collections (prefix: matrix-memory-agents)
[Transformers] Initializing model: Xenova/multilingual-e5-base...
[Transformers] Failed to initialize: 115 |   }
116 |   help.push(
117 |     '- Consult the installation documentation:',
118 |     '    See https://sharp.pixelplumbing.com/install'
119 |   );
120 |   throw new Error(help.join('\n'));
                  ^
error: Could not load the "sharp" module using the darwin-arm64 runtime
ERR_DLOPEN_FAILED: dlopen(/Users/jarkius/.bun/install/cache/@img/sharp-darwin-arm64@0.34.5@@@1/lib/sharp-darwin-arm64.node, 0x0001): Library not loaded: @rpath/libvips-cpp.8.17.3.dylib
  Referenced from: <43BC947D-E6CB-3FC0-8C98-B0C566F42F94> /Users/jarkius/.bun/install/cache/@img/sharp-darwin-arm64@0.34.5@@@1/lib/sharp-darwin-arm64.node
  Reason: tried: '/Users/jarkius/.bun/install/cache/@img/sharp-darwin-arm64@0.34.5@@@1/lib/../../sharp-libvips-darwin-arm64/lib/libvips-cpp.8.17.3.dylib' (no such file), '/Users/jarkius/.bun/install/cache/@img/sharp-darwin-arm64@0.34.5@@@1/lib/../../../sharp-libvips-darwin-arm64/1.2.4/lib/libvips-cpp.8.17.3.dylib' (no such file), '/Users/jarkius/.bun/install/cache/@img/sharp-darwin-arm64@0.34.5@@@1/lib/../node_modules/@img/sharp-libvips-darwin-arm64/lib/libvips-cpp.8.17.3.dylib' (no such file), '/Users/jarkius/.bun/install/cache/@img/sharp-darwin-arm64@0.34.5@@@1/lib/../../node_modules/@img/sharp-libvips-darwin-arm64/lib/libvips-cpp.8.17.3.dylib' (no such file), '/Users/jarkius/.bun/install/cache/@img/sharp-darwin-arm64@0.34.5@@@1/lib/../../../node_modules/@img/sharp-libvips-darwin-arm64/lib/libvips-cpp.8.17.3.dylib' (no such file), '/Users/jarkius/.bun/install/cache/@img/sharp-darwin-arm64@0.34.5@@@1/lib/../../../../../@img-sharp-libvips-darwin-arm64-npm-1.2.4-09e109d5ab/node_modules/@img/sharp-libvips-darwin-arm64/lib/libvips-cpp.8.17.3.dylib' (no such file), '/Users/jarkius/.bun/install/cache/@img/sharp-darwin-arm64@0.34.5@@@1/lib/../../sharp-libvips-darwin-arm64/lib/libvips-cpp.8.17.3.dylib' (no such file), '/Users/jarkius/.bun/install/cache/@img/sharp-darwin-arm64@0.34.5@@@1/lib/../../../sharp-libvips-darwin-arm64/1.2.4/lib/libvips-cpp.8.17.3.dylib' (no such file), '/Users/jarkius/.bun/install/cache/@img/sharp-darwin-arm64@0.34.5@@@1/lib/../node_modules/@img/sharp-libvips-darwin-arm64/lib/libvips-cpp.8.17.3.dylib' (no such file), '/Users/jarkius/.bun/install/cache/@img/sharp-darwin-arm64@0.34.5@@@1/lib/../../node_modules/@img/sharp-libvips-darwin-arm64/lib/libvips-cpp.8.17.3.dylib' (no such file), '/Users/jarkius/.bun/install/cache/@img/sharp-darwin-arm64@0.34.5@@@1/lib/../../../node_modules/@img/sharp-libvips-darwin-arm64/lib/libvips-cpp.8.17.3.dylib' (no such file), '/Users/jarkius/.bun/install/cache/@img/sharp-darwin-arm64@0.34.5@@@1/lib/../../../../../@img-sharp-libvips-darwin-arm64-npm-1.2.4-09e109d5ab/node_modules/@img/sharp-libvips-darwin-arm64/lib/libvips-cpp.8.17.3.dylib' (no such file)
Possible solutions:
- Ensure optional dependencies can be installed:
    npm install --include=optional sharp
- Ensure your package manager supports multi-platform installation:
    See https://sharp.pixelplumbing.com/install#cross-platform
- Add platform-specific dependencies:
    npm install --os=darwin --cpu=arm64 sharp
- Consult the installation documentation:
    See https://sharp.pixelplumbing.com/install
      at <anonymous> (/Users/jarkius/.bun/install/cache/sharp@0.34.5@@@1/lib/sharp.js:120:13)
      at <anonymous> (/Users/jarkius/.bun/install/cache/sharp@0.34.5@@@1/lib/constructor.js:8:7)
      at <anonymous> (/Users/jarkius/.bun/install/cache/sharp@0.34.5@@@1/lib/index.js:6:7)

[VectorDB] save session session_1773643985160 failed after 3 attempts: Could not load the "sharp" module using the darwin-arm64 runtime
ERR_DLOPEN_FAILED: dlopen(/Users/jarkius/.bun/install/cache/@img/sharp-darwin-arm64@0.34.5@@@1/lib/sharp-darwin-arm64.node, 0x0001): Library not loaded: @rpath/libvips-cpp.8.17.3.dylib
  Referenced from: <43BC947D-E6CB-3FC0-8C98-B0C566F42F94> /Users/jarkius/.bun/install/cache/@img/sharp-darwin-arm64@0.34.5@@@1/lib/sharp-darwin-arm64.node
  Reason: tried: '/Users/jarkius/.bun/install/cache/@img/sharp-darwin-arm64@0.34.5@@@1/lib/../../sharp-libvips-darwin-arm64/lib/libvips-cpp.8.17.3.dylib' (no such file), '/Users/jarkius/.bun/install/cache/@img/sharp-darwin-arm64@0.34.5@@@1/lib/../../../sharp-libvips-darwin-arm64/1.2.4/lib/libvips-cpp.8.17.3.dylib' (no such file), '/Users/jarkius/.bun/install/cache/@img/sharp-darwin-arm64@0.34.5@@@1/lib/../node_modules/@img/sharp-libvips-darwin-arm64/lib/libvips-cpp.8.17.3.dylib' (no such file), '/Users/jarkius/.bun/install/cache/@img/sharp-darwin-arm64@0.34.5@@@1/lib/../../node_modules/@img/sharp-libvips-darwin-arm64/lib/libvips-cpp.8.17.3.dylib' (no such file), '/Users/jarkius/.bun/install/cache/@img/sharp-darwin-arm64@0.34.5@@@1/lib/../../../node_modules/@img/sharp-libvips-darwin-arm64/lib/libvips-cpp.8.17.3.dylib' (no such file), '/Users/jarkius/.bun/install/cache/@img/sharp-darwin-arm64@0.34.5@@@1/lib/../../../../../@img-sharp-libvips-darwin-arm64-npm-1.2.4-09e109d5ab/node_modules/@img/sharp-libvips-darwin-arm64/lib/libvips-cpp.8.17.3.dylib' (no such file), '/Users/jarkius/.bun/install/cache/@img/sharp-darwin-arm64@0.34.5@@@1/lib/../../sharp-libvips-darwin-arm64/lib/libvips-cpp.8.17.3.dylib' (no such file), '/Users/jarkius/.bun/install/cache/@img/sharp-darwin-arm64@0.34.5@@@1/lib/../../../sharp-libvips-darwin-arm64/1.2.4/lib/libvips-cpp.8.17.3.dylib' (no such file), '/Users/jarkius/.bun/install/cache/@img/sharp-darwin-arm64@0.34.5@@@1/lib/../node_modules/@img/sharp-libvips-darwin-arm64/lib/libvips-cpp.8.17.3.dylib' (no such file), '/Users/jarkius/.bun/install/cache/@img/sharp-darwin-arm64@0.34.5@@@1/lib/../../node_modules/@img/sharp-libvips-darwin-arm64/lib/libvips-cpp.8.17.3.dylib' (no such file), '/Users/jarkius/.bun/install/cache/@img/sharp-darwin-arm64@0.34.5@@@1/lib/../../../node_modules/@img/sharp-libvips-darwin-arm64/lib/libvips-cpp.8.17.3.dylib' (no such file), '/Users/jarkius/.bun/install/cache/@img/sharp-darwin-arm64@0.34.5@@@1/lib/../../../../../@img-sharp-libvips-darwin-arm64-npm-1.2.4-09e109d5ab/node_modules/@img/sharp-libvips-darwin-arm64/lib/libvips-cpp.8.17.3.dylib' (no such file)
Possible solutions:
- Ensure optional dependencies can be installed:
    npm install --include=optional sharp
- Ensure your package manager supports multi-platform installation:
    See https://sharp.pixelplumbing.com/install#cross-platform
- Add platform-specific dependencies:
    npm install --os=darwin --cpu=arm64 sharp
- Consult the installation documentation:
    See https://sharp.pixelplumbing.com/install
$ bun run scripts/memory/index.ts learn "/Users/jarkius/workspace/The-matrix/psi/memory/sessions/2026-03/2026-03-16_13.53_auto-pulse.md"
[VectorDB] Using Transformers.js with model: multilingual-e5-base
[VectorDB] Initialized with 11 collections (prefix: matrix-memory-agents)
[Transformers] Initializing model: Xenova/multilingual-e5-base...
[Transformers] Failed to initialize: 115 |   }
116 |   help.push(
117 |     '- Consult the installation documentation:',
118 |     '    See https://sharp.pixelplumbing.com/install'
119 |   );
120 |   throw new Error(help.join('\n'));
                  ^
error: Could not load the "sharp" module using the darwin-arm64 runtime
ERR_DLOPEN_FAILED: dlopen(/Users/jarkius/.bun/install/cache/@img/sharp-darwin-arm64@0.34.5@@@1/lib/sharp-darwin-arm64.node, 0x0001): Library not loaded: @rpath/libvips-cpp.8.17.3.dylib
  Referenced from: <43BC947D-E6CB-3FC0-8C98-B0C566F42F94> /Users/jarkius/.bun/install/cache/@img/sharp-darwin-arm64@0.34.5@@@1/lib/sharp-darwin-arm64.node
  Reason: tried: '/Users/jarkius/.bun/install/cache/@img/sharp-darwin-arm64@0.34.5@@@1/lib/../../sharp-libvips-darwin-arm64/lib/libvips-cpp.8.17.3.dylib' (no such file), '/Users/jarkius/.bun/install/cache/@img/sharp-darwin-arm64@0.34.5@@@1/lib/../../../sharp-libvips-darwin-arm64/1.2.4/lib/libvips-cpp.8.17.3.dylib' (no such file), '/Users/jarkius/.bun/install/cache/@img/sharp-darwin-arm64@0.34.5@@@1/lib/../node_modules/@img/sharp-libvips-darwin-arm64/lib/libvips-cpp.8.17.3.dylib' (no such file), '/Users/jarkius/.bun/install/cache/@img/sharp-darwin-arm64@0.34.5@@@1/lib/../../node_modules/@img/sharp-libvips-darwin-arm64/lib/libvips-cpp.8.17.3.dylib' (no such file), '/Users/jarkius/.bun/install/cache/@img/sharp-darwin-arm64@0.34.5@@@1/lib/../../../node_modules/@img/sharp-libvips-darwin-arm64/lib/libvips-cpp.8.17.3.dylib' (no such file), '/Users/jarkius/.bun/install/cache/@img/sharp-darwin-arm64@0.34.5@@@1/lib/../../../../../@img-sharp-libvips-darwin-arm64-npm-1.2.4-09e109d5ab/node_modules/@img/sharp-libvips-darwin-arm64/lib/libvips-cpp.8.17.3.dylib' (no such file), '/Users/jarkius/.bun/install/cache/@img/sharp-darwin-arm64@0.34.5@@@1/lib/../../sharp-libvips-darwin-arm64/lib/libvips-cpp.8.17.3.dylib' (no such file), '/Users/jarkius/.bun/install/cache/@img/sharp-darwin-arm64@0.34.5@@@1/lib/../../../sharp-libvips-darwin-arm64/1.2.4/lib/libvips-cpp.8.17.3.dylib' (no such file), '/Users/jarkius/.bun/install/cache/@img/sharp-darwin-arm64@0.34.5@@@1/lib/../node_modules/@img/sharp-libvips-darwin-arm64/lib/libvips-cpp.8.17.3.dylib' (no such file), '/Users/jarkius/.bun/install/cache/@img/sharp-darwin-arm64@0.34.5@@@1/lib/../../node_modules/@img/sharp-libvips-darwin-arm64/lib/libvips-cpp.8.17.3.dylib' (no such file), '/Users/jarkius/.bun/install/cache/@img/sharp-darwin-arm64@0.34.5@@@1/lib/../../../node_modules/@img/sharp-libvips-darwin-arm64/lib/libvips-cpp.8.17.3.dylib' (no such file), '/Users/jarkius/.bun/install/cache/@img/sharp-darwin-arm64@0.34.5@@@1/lib/../../../../../@img-sharp-libvips-darwin-arm64-npm-1.2.4-09e109d5ab/node_modules/@img/sharp-libvips-darwin-arm64/lib/libvips-cpp.8.17.3.dylib' (no such file)
Possible solutions:
- Ensure optional dependencies can be installed:
    npm install --include=optional sharp
- Ensure your package manager supports multi-platform installation:
    See https://sharp.pixelplumbing.com/install#cross-platform
- Add platform-specific dependencies:
    npm install --os=darwin --cpu=arm64 sharp
- Consult the installation documentation:
    See https://sharp.pixelplumbing.com/install
      at <anonymous> (/Users/jarkius/.bun/install/cache/sharp@0.34.5@@@1/lib/sharp.js:120:13)
      at <anonymous> (/Users/jarkius/.bun/install/cache/sharp@0.34.5@@@1/lib/constructor.js:8:7)
      at <anonymous> (/Users/jarkius/.bun/install/cache/sharp@0.34.5@@@1/lib/index.js:6:7)

[VectorDB] save learning 104 failed after 3 attempts: Could not load the "sharp" module using the darwin-arm64 runtime
ERR_DLOPEN_FAILED: dlopen(/Users/jarkius/.bun/install/cache/@img/sharp-darwin-arm64@0.34.5@@@1/lib/sharp-darwin-arm64.node, 0x0001): Library not loaded: @rpath/libvips-cpp.8.17.3.dylib
  Referenced from: <43BC947D-E6CB-3FC0-8C98-B0C566F42F94> /Users/jarkius/.bun/install/cache/@img/sharp-darwin-arm64@0.34.5@@@1/lib/sharp-darwin-arm64.node
  Reason: tried: '/Users/jarkius/.bun/install/cache/@img/sharp-darwin-arm64@0.34.5@@@1/lib/../../sharp-libvips-darwin-arm64/lib/libvips-cpp.8.17.3.dylib' (no such file), '/Users/jarkius/.bun/install/cache/@img/sharp-darwin-arm64@0.34.5@@@1/lib/../../../sharp-libvips-darwin-arm64/1.2.4/lib/libvips-cpp.8.17.3.dylib' (no such file), '/Users/jarkius/.bun/install/cache/@img/sharp-darwin-arm64@0.34.5@@@1/lib/../node_modules/@img/sharp-libvips-darwin-arm64/lib/libvips-cpp.8.17.3.dylib' (no such file), '/Users/jarkius/.bun/install/cache/@img/sharp-darwin-arm64@0.34.5@@@1/lib/../../node_modules/@img/sharp-libvips-darwin-arm64/lib/libvips-cpp.8.17.3.dylib' (no such file), '/Users/jarkius/.bun/install/cache/@img/sharp-darwin-arm64@0.34.5@@@1/lib/../../../node_modules/@img/sharp-libvips-darwin-arm64/lib/libvips-cpp.8.17.3.dylib' (no such file), '/Users/jarkius/.bun/install/cache/@img/sharp-darwin-arm64@0.34.5@@@1/lib/../../../../../@img-sharp-libvips-darwin-arm64-npm-1.2.4-09e109d5ab/node_modules/@img/sharp-libvips-darwin-arm64/lib/libvips-cpp.8.17.3.dylib' (no such file), '/Users/jarkius/.bun/install/cache/@img/sharp-darwin-arm64@0.34.5@@@1/lib/../../sharp-libvips-darwin-arm64/lib/libvips-cpp.8.17.3.dylib' (no such file), '/Users/jarkius/.bun/install/cache/@img/sharp-darwin-arm64@0.34.5@@@1/lib/../../../sharp-libvips-darwin-arm64/1.2.4/lib/libvips-cpp.8.17.3.dylib' (no such file), '/Users/jarkius/.bun/install/cache/@img/sharp-darwin-arm64@0.34.5@@@1/lib/../node_modules/@img/sharp-libvips-darwin-arm64/lib/libvips-cpp.8.17.3.dylib' (no such file), '/Users/jarkius/.bun/install/cache/@img/sharp-darwin-arm64@0.34.5@@@1/lib/../../node_modules/@img/sharp-libvips-darwin-arm64/lib/libvips-cpp.8.17.3.dylib' (no such file), '/Users/jarkius/.bun/install/cache/@img/sharp-darwin-arm64@0.34.5@@@1/lib/../../../node_modules/@img/sharp-libvips-darwin-arm64/lib/libvips-cpp.8.17.3.dylib' (no such file), '/Users/jarkius/.bun/install/cache/@img/sharp-darwin-arm64@0.34.5@@@1/lib/../../../../../@img-sharp-libvips-darwin-arm64-npm-1.2.4-09e109d5ab/node_modules/@img/sharp-libvips-darwin-arm64/lib/libvips-cpp.8.17.3.dylib' (no such file)
Possible solutions:
- Ensure optional dependencies can be installed:
    npm install --include=optional sharp
- Ensure your package manager supports multi-platform installation:
    See https://sharp.pixelplumbing.com/install#cross-platform
- Add platform-specific dependencies:
    npm install --os=darwin --cpu=arm64 sharp
- Consult the installation documentation:
    See https://sharp.pixelplumbing.com/install
$ bun run scripts/memory/index.ts save "Auto-saved session via pulse hook"
[VectorDB] Using Transformers.js with model: multilingual-e5-base
[VectorDB] Initialized with 11 collections (prefix: matrix-memory-agents)
[Transformers] Initializing model: Xenova/multilingual-e5-base...
[Transformers] Failed to initialize: 115 |   }
116 |   help.push(
117 |     '- Consult the installation documentation:',
118 |     '    See https://sharp.pixelplumbing.com/install'
119 |   );
120 |   throw new Error(help.join('\n'));
                  ^
error: Could not load the "sharp" module using the darwin-arm64 runtime
ERR_DLOPEN_FAILED: dlopen(/Users/jarkius/.bun/install/cache/@img/sharp-darwin-arm64@0.34.5@@@1/lib/sharp-darwin-arm64.node, 0x0001): Library not loaded: @rpath/libvips-cpp.8.17.3.dylib
  Referenced from: <43BC947D-E6CB-3FC0-8C98-B0C566F42F94> /Users/jarkius/.bun/install/cache/@img/sharp-darwin-arm64@0.34.5@@@1/lib/sharp-darwin-arm64.node
  Reason: tried: '/Users/jarkius/.bun/install/cache/@img/sharp-darwin-arm64@0.34.5@@@1/lib/../../sharp-libvips-darwin-arm64/lib/libvips-cpp.8.17.3.dylib' (no such file), '/Users/jarkius/.bun/install/cache/@img/sharp-darwin-arm64@0.34.5@@@1/lib/../../../sharp-libvips-darwin-arm64/1.2.4/lib/libvips-cpp.8.17.3.dylib' (no such file), '/Users/jarkius/.bun/install/cache/@img/sharp-darwin-arm64@0.34.5@@@1/lib/../node_modules/@img/sharp-libvips-darwin-arm64/lib/libvips-cpp.8.17.3.dylib' (no such file), '/Users/jarkius/.bun/install/cache/@img/sharp-darwin-arm64@0.34.5@@@1/lib/../../node_modules/@img/sharp-libvips-darwin-arm64/lib/libvips-cpp.8.17.3.dylib' (no such file), '/Users/jarkius/.bun/install/cache/@img/sharp-darwin-arm64@0.34.5@@@1/lib/../../../node_modules/@img/sharp-libvips-darwin-arm64/lib/libvips-cpp.8.17.3.dylib' (no such file), '/Users/jarkius/.bun/install/cache/@img/sharp-darwin-arm64@0.34.5@@@1/lib/../../../../../@img-sharp-libvips-darwin-arm64-npm-1.2.4-09e109d5ab/node_modules/@img/sharp-libvips-darwin-arm64/lib/libvips-cpp.8.17.3.dylib' (no such file), '/Users/jarkius/.bun/install/cache/@img/sharp-darwin-arm64@0.34.5@@@1/lib/../../sharp-libvips-darwin-arm64/lib/libvips-cpp.8.17.3.dylib' (no such file), '/Users/jarkius/.bun/install/cache/@img/sharp-darwin-arm64@0.34.5@@@1/lib/../../../sharp-libvips-darwin-arm64/1.2.4/lib/libvips-cpp.8.17.3.dylib' (no such file), '/Users/jarkius/.bun/install/cache/@img/sharp-darwin-arm64@0.34.5@@@1/lib/../node_modules/@img/sharp-libvips-darwin-arm64/lib/libvips-cpp.8.17.3.dylib' (no such file), '/Users/jarkius/.bun/install/cache/@img/sharp-darwin-arm64@0.34.5@@@1/lib/../../node_modules/@img/sharp-libvips-darwin-arm64/lib/libvips-cpp.8.17.3.dylib' (no such file), '/Users/jarkius/.bun/install/cache/@img/sharp-darwin-arm64@0.34.5@@@1/lib/../../../node_modules/@img/sharp-libvips-darwin-arm64/lib/libvips-cpp.8.17.3.dylib' (no such file), '/Users/jarkius/.bun/install/cache/@img/sharp-darwin-arm64@0.34.5@@@1/lib/../../../../../@img-sharp-libvips-darwin-arm64-npm-1.2.4-09e109d5ab/node_modules/@img/sharp-libvips-darwin-arm64/lib/libvips-cpp.8.17.3.dylib' (no such file)
Possible solutions:
- Ensure optional dependencies can be installed:
    npm install --include=optional sharp
- Ensure your package manager supports multi-platform installation:
    See https://sharp.pixelplumbing.com/install#cross-platform
- Add platform-specific dependencies:
    npm install --os=darwin --cpu=arm64 sharp
- Consult the installation documentation:
    See https://sharp.pixelplumbing.com/install
      at <anonymous> (/Users/jarkius/.bun/install/cache/sharp@0.34.5@@@1/lib/sharp.js:120:13)
      at <anonymous> (/Users/jarkius/.bun/install/cache/sharp@0.34.5@@@1/lib/constructor.js:8:7)
      at <anonymous> (/Users/jarkius/.bun/install/cache/sharp@0.34.5@@@1/lib/index.js:6:7)

[VectorDB] save session session_1773644283785 failed after 3 attempts: Could not load the "sharp" module using the darwin-arm64 runtime
ERR_DLOPEN_FAILED: dlopen(/Users/jarkius/.bun/install/cache/@img/sharp-darwin-arm64@0.34.5@@@1/lib/sharp-darwin-arm64.node, 0x0001): Library not loaded: @rpath/libvips-cpp.8.17.3.dylib
  Referenced from: <43BC947D-E6CB-3FC0-8C98-B0C566F42F94> /Users/jarkius/.bun/install/cache/@img/sharp-darwin-arm64@0.34.5@@@1/lib/sharp-darwin-arm64.node
  Reason: tried: '/Users/jarkius/.bun/install/cache/@img/sharp-darwin-arm64@0.34.5@@@1/lib/../../sharp-libvips-darwin-arm64/lib/libvips-cpp.8.17.3.dylib' (no such file), '/Users/jarkius/.bun/install/cache/@img/sharp-darwin-arm64@0.34.5@@@1/lib/../../../sharp-libvips-darwin-arm64/1.2.4/lib/libvips-cpp.8.17.3.dylib' (no such file), '/Users/jarkius/.bun/install/cache/@img/sharp-darwin-arm64@0.34.5@@@1/lib/../node_modules/@img/sharp-libvips-darwin-arm64/lib/libvips-cpp.8.17.3.dylib' (no such file), '/Users/jarkius/.bun/install/cache/@img/sharp-darwin-arm64@0.34.5@@@1/lib/../../node_modules/@img/sharp-libvips-darwin-arm64/lib/libvips-cpp.8.17.3.dylib' (no such file), '/Users/jarkius/.bun/install/cache/@img/sharp-darwin-arm64@0.34.5@@@1/lib/../../../node_modules/@img/sharp-libvips-darwin-arm64/lib/libvips-cpp.8.17.3.dylib' (no such file), '/Users/jarkius/.bun/install/cache/@img/sharp-darwin-arm64@0.34.5@@@1/lib/../../../../../@img-sharp-libvips-darwin-arm64-npm-1.2.4-09e109d5ab/node_modules/@img/sharp-libvips-darwin-arm64/lib/libvips-cpp.8.17.3.dylib' (no such file), '/Users/jarkius/.bun/install/cache/@img/sharp-darwin-arm64@0.34.5@@@1/lib/../../sharp-libvips-darwin-arm64/lib/libvips-cpp.8.17.3.dylib' (no such file), '/Users/jarkius/.bun/install/cache/@img/sharp-darwin-arm64@0.34.5@@@1/lib/../../../sharp-libvips-darwin-arm64/1.2.4/lib/libvips-cpp.8.17.3.dylib' (no such file), '/Users/jarkius/.bun/install/cache/@img/sharp-darwin-arm64@0.34.5@@@1/lib/../node_modules/@img/sharp-libvips-darwin-arm64/lib/libvips-cpp.8.17.3.dylib' (no such file), '/Users/jarkius/.bun/install/cache/@img/sharp-darwin-arm64@0.34.5@@@1/lib/../../node_modules/@img/sharp-libvips-darwin-arm64/lib/libvips-cpp.8.17.3.dylib' (no such file), '/Users/jarkius/.bun/install/cache/@img/sharp-darwin-arm64@0.34.5@@@1/lib/../../../node_modules/@img/sharp-libvips-darwin-arm64/lib/libvips-cpp.8.17.3.dylib' (no such file), '/Users/jarkius/.bun/install/cache/@img/sharp-darwin-arm64@0.34.5@@@1/lib/../../../../../@img-sharp-libvips-darwin-arm64-npm-1.2.4-09e109d5ab/node_modules/@img/sharp-libvips-darwin-arm64/lib/libvips-cpp.8.17.3.dylib' (no such file)
Possible solutions:
- Ensure optional dependencies can be installed:
    npm install --include=optional sharp
- Ensure your package manager supports multi-platform installation:
    See https://sharp.pixelplumbing.com/install#cross-platform
- Add platform-specific dependencies:
    npm install --os=darwin --cpu=arm64 sharp
- Consult the installation documentation:
    See https://sharp.pixelplumbing.com/install
$ bun run scripts/memory/index.ts learn "/Users/jarkius/workspace/The-matrix/psi/memory/sessions/2026-03/2026-03-16_13.58_auto-pulse.md"
[VectorDB] Using Transformers.js with model: multilingual-e5-base
[VectorDB] Initialized with 11 collections (prefix: matrix-memory-agents)
[Transformers] Initializing model: Xenova/multilingual-e5-base...
[Transformers] Failed to initialize: 115 |   }
116 |   help.push(
117 |     '- Consult the installation documentation:',
118 |     '    See https://sharp.pixelplumbing.com/install'
119 |   );
120 |   throw new Error(help.join('\n'));
                  ^
error: Could not load the "sharp" module using the darwin-arm64 runtime
ERR_DLOPEN_FAILED: dlopen(/Users/jarkius/.bun/install/cache/@img/sharp-darwin-arm64@0.34.5@@@1/lib/sharp-darwin-arm64.node, 0x0001): Library not loaded: @rpath/libvips-cpp.8.17.3.dylib
  Referenced from: <43BC947D-E6CB-3FC0-8C98-B0C566F42F94> /Users/jarkius/.bun/install/cache/@img/sharp-darwin-arm64@0.34.5@@@1/lib/sharp-darwin-arm64.node
  Reason: tried: '/Users/jarkius/.bun/install/cache/@img/sharp-darwin-arm64@0.34.5@@@1/lib/../../sharp-libvips-darwin-arm64/lib/libvips-cpp.8.17.3.dylib' (no such file), '/Users/jarkius/.bun/install/cache/@img/sharp-darwin-arm64@0.34.5@@@1/lib/../../../sharp-libvips-darwin-arm64/1.2.4/lib/libvips-cpp.8.17.3.dylib' (no such file), '/Users/jarkius/.bun/install/cache/@img/sharp-darwin-arm64@0.34.5@@@1/lib/../node_modules/@img/sharp-libvips-darwin-arm64/lib/libvips-cpp.8.17.3.dylib' (no such file), '/Users/jarkius/.bun/install/cache/@img/sharp-darwin-arm64@0.34.5@@@1/lib/../../node_modules/@img/sharp-libvips-darwin-arm64/lib/libvips-cpp.8.17.3.dylib' (no such file), '/Users/jarkius/.bun/install/cache/@img/sharp-darwin-arm64@0.34.5@@@1/lib/../../../node_modules/@img/sharp-libvips-darwin-arm64/lib/libvips-cpp.8.17.3.dylib' (no such file), '/Users/jarkius/.bun/install/cache/@img/sharp-darwin-arm64@0.34.5@@@1/lib/../../../../../@img-sharp-libvips-darwin-arm64-npm-1.2.4-09e109d5ab/node_modules/@img/sharp-libvips-darwin-arm64/lib/libvips-cpp.8.17.3.dylib' (no such file), '/Users/jarkius/.bun/install/cache/@img/sharp-darwin-arm64@0.34.5@@@1/lib/../../sharp-libvips-darwin-arm64/lib/libvips-cpp.8.17.3.dylib' (no such file), '/Users/jarkius/.bun/install/cache/@img/sharp-darwin-arm64@0.34.5@@@1/lib/../../../sharp-libvips-darwin-arm64/1.2.4/lib/libvips-cpp.8.17.3.dylib' (no such file), '/Users/jarkius/.bun/install/cache/@img/sharp-darwin-arm64@0.34.5@@@1/lib/../node_modules/@img/sharp-libvips-darwin-arm64/lib/libvips-cpp.8.17.3.dylib' (no such file), '/Users/jarkius/.bun/install/cache/@img/sharp-darwin-arm64@0.34.5@@@1/lib/../../node_modules/@img/sharp-libvips-darwin-arm64/lib/libvips-cpp.8.17.3.dylib' (no such file), '/Users/jarkius/.bun/install/cache/@img/sharp-darwin-arm64@0.34.5@@@1/lib/../../../node_modules/@img/sharp-libvips-darwin-arm64/lib/libvips-cpp.8.17.3.dylib' (no such file), '/Users/jarkius/.bun/install/cache/@img/sharp-darwin-arm64@0.34.5@@@1/lib/../../../../../@img-sharp-libvips-darwin-arm64-npm-1.2.4-09e109d5ab/node_modules/@img/sharp-libvips-darwin-arm64/lib/libvips-cpp.8.17.3.dylib' (no such file)
Possible solutions:
- Ensure optional dependencies can be installed:
    npm install --include=optional sharp
- Ensure your package manager supports multi-platform installation:
    See https://sharp.pixelplumbing.com/install#cross-platform
- Add platform-specific dependencies:
    npm install --os=darwin --cpu=arm64 sharp
- Consult the installation documentation:
    See https://sharp.pixelplumbing.com/install
      at <anonymous> (/Users/jarkius/.bun/install/cache/sharp@0.34.5@@@1/lib/sharp.js:120:13)
      at <anonymous> (/Users/jarkius/.bun/install/cache/sharp@0.34.5@@@1/lib/constructor.js:8:7)
      at <anonymous> (/Users/jarkius/.bun/install/cache/sharp@0.34.5@@@1/lib/index.js:6:7)

[VectorDB] save learning 105 failed after 3 attempts: Could not load the "sharp" module using the darwin-arm64 runtime
ERR_DLOPEN_FAILED: dlopen(/Users/jarkius/.bun/install/cache/@img/sharp-darwin-arm64@0.34.5@@@1/lib/sharp-darwin-arm64.node, 0x0001): Library not loaded: @rpath/libvips-cpp.8.17.3.dylib
  Referenced from: <43BC947D-E6CB-3FC0-8C98-B0C566F42F94> /Users/jarkius/.bun/install/cache/@img/sharp-darwin-arm64@0.34.5@@@1/lib/sharp-darwin-arm64.node
  Reason: tried: '/Users/jarkius/.bun/install/cache/@img/sharp-darwin-arm64@0.34.5@@@1/lib/../../sharp-libvips-darwin-arm64/lib/libvips-cpp.8.17.3.dylib' (no such file), '/Users/jarkius/.bun/install/cache/@img/sharp-darwin-arm64@0.34.5@@@1/lib/../../../sharp-libvips-darwin-arm64/1.2.4/lib/libvips-cpp.8.17.3.dylib' (no such file), '/Users/jarkius/.bun/install/cache/@img/sharp-darwin-arm64@0.34.5@@@1/lib/../node_modules/@img/sharp-libvips-darwin-arm64/lib/libvips-cpp.8.17.3.dylib' (no such file), '/Users/jarkius/.bun/install/cache/@img/sharp-darwin-arm64@0.34.5@@@1/lib/../../node_modules/@img/sharp-libvips-darwin-arm64/lib/libvips-cpp.8.17.3.dylib' (no such file), '/Users/jarkius/.bun/install/cache/@img/sharp-darwin-arm64@0.34.5@@@1/lib/../../../node_modules/@img/sharp-libvips-darwin-arm64/lib/libvips-cpp.8.17.3.dylib' (no such file), '/Users/jarkius/.bun/install/cache/@img/sharp-darwin-arm64@0.34.5@@@1/lib/../../../../../@img-sharp-libvips-darwin-arm64-npm-1.2.4-09e109d5ab/node_modules/@img/sharp-libvips-darwin-arm64/lib/libvips-cpp.8.17.3.dylib' (no such file), '/Users/jarkius/.bun/install/cache/@img/sharp-darwin-arm64@0.34.5@@@1/lib/../../sharp-libvips-darwin-arm64/lib/libvips-cpp.8.17.3.dylib' (no such file), '/Users/jarkius/.bun/install/cache/@img/sharp-darwin-arm64@0.34.5@@@1/lib/../../../sharp-libvips-darwin-arm64/1.2.4/lib/libvips-cpp.8.17.3.dylib' (no such file), '/Users/jarkius/.bun/install/cache/@img/sharp-darwin-arm64@0.34.5@@@1/lib/../node_modules/@img/sharp-libvips-darwin-arm64/lib/libvips-cpp.8.17.3.dylib' (no such file), '/Users/jarkius/.bun/install/cache/@img/sharp-darwin-arm64@0.34.5@@@1/lib/../../node_modules/@img/sharp-libvips-darwin-arm64/lib/libvips-cpp.8.17.3.dylib' (no such file), '/Users/jarkius/.bun/install/cache/@img/sharp-darwin-arm64@0.34.5@@@1/lib/../../../node_modules/@img/sharp-libvips-darwin-arm64/lib/libvips-cpp.8.17.3.dylib' (no such file), '/Users/jarkius/.bun/install/cache/@img/sharp-darwin-arm64@0.34.5@@@1/lib/../../../../../@img-sharp-libvips-darwin-arm64-npm-1.2.4-09e109d5ab/node_modules/@img/sharp-libvips-darwin-arm64/lib/libvips-cpp.8.17.3.dylib' (no such file)
Possible solutions:
- Ensure optional dependencies can be installed:
    npm install --include=optional sharp
- Ensure your package manager supports multi-platform installation:
    See https://sharp.pixelplumbing.com/install#cross-platform
- Add platform-specific dependencies:
    npm install --os=darwin --cpu=arm64 sharp
- Consult the installation documentation:
    See https://sharp.pixelplumbing.com/install
$ bun run scripts/memory/index.ts save "Auto-saved session via pulse hook"
[VectorDB] Using Transformers.js with model: multilingual-e5-base
[VectorDB] Initialized with 11 collections (prefix: matrix-memory-agents)
[Transformers] Initializing model: Xenova/multilingual-e5-base...
[Transformers] Failed to initialize: 115 |   }
116 |   help.push(
117 |     '- Consult the installation documentation:',
118 |     '    See https://sharp.pixelplumbing.com/install'
119 |   );
120 |   throw new Error(help.join('\n'));
                  ^
error: Could not load the "sharp" module using the darwin-arm64 runtime
ERR_DLOPEN_FAILED: dlopen(/Users/jarkius/.bun/install/cache/@img/sharp-darwin-arm64@0.34.5@@@1/lib/sharp-darwin-arm64.node, 0x0001): Library not loaded: @rpath/libvips-cpp.8.17.3.dylib
  Referenced from: <43BC947D-E6CB-3FC0-8C98-B0C566F42F94> /Users/jarkius/.bun/install/cache/@img/sharp-darwin-arm64@0.34.5@@@1/lib/sharp-darwin-arm64.node
  Reason: tried: '/Users/jarkius/.bun/install/cache/@img/sharp-darwin-arm64@0.34.5@@@1/lib/../../sharp-libvips-darwin-arm64/lib/libvips-cpp.8.17.3.dylib' (no such file), '/Users/jarkius/.bun/install/cache/@img/sharp-darwin-arm64@0.34.5@@@1/lib/../../../sharp-libvips-darwin-arm64/1.2.4/lib/libvips-cpp.8.17.3.dylib' (no such file), '/Users/jarkius/.bun/install/cache/@img/sharp-darwin-arm64@0.34.5@@@1/lib/../node_modules/@img/sharp-libvips-darwin-arm64/lib/libvips-cpp.8.17.3.dylib' (no such file), '/Users/jarkius/.bun/install/cache/@img/sharp-darwin-arm64@0.34.5@@@1/lib/../../node_modules/@img/sharp-libvips-darwin-arm64/lib/libvips-cpp.8.17.3.dylib' (no such file), '/Users/jarkius/.bun/install/cache/@img/sharp-darwin-arm64@0.34.5@@@1/lib/../../../node_modules/@img/sharp-libvips-darwin-arm64/lib/libvips-cpp.8.17.3.dylib' (no such file), '/Users/jarkius/.bun/install/cache/@img/sharp-darwin-arm64@0.34.5@@@1/lib/../../../../../@img-sharp-libvips-darwin-arm64-npm-1.2.4-09e109d5ab/node_modules/@img/sharp-libvips-darwin-arm64/lib/libvips-cpp.8.17.3.dylib' (no such file), '/Users/jarkius/.bun/install/cache/@img/sharp-darwin-arm64@0.34.5@@@1/lib/../../sharp-libvips-darwin-arm64/lib/libvips-cpp.8.17.3.dylib' (no such file), '/Users/jarkius/.bun/install/cache/@img/sharp-darwin-arm64@0.34.5@@@1/lib/../../../sharp-libvips-darwin-arm64/1.2.4/lib/libvips-cpp.8.17.3.dylib' (no such file), '/Users/jarkius/.bun/install/cache/@img/sharp-darwin-arm64@0.34.5@@@1/lib/../node_modules/@img/sharp-libvips-darwin-arm64/lib/libvips-cpp.8.17.3.dylib' (no such file), '/Users/jarkius/.bun/install/cache/@img/sharp-darwin-arm64@0.34.5@@@1/lib/../../node_modules/@img/sharp-libvips-darwin-arm64/lib/libvips-cpp.8.17.3.dylib' (no such file), '/Users/jarkius/.bun/install/cache/@img/sharp-darwin-arm64@0.34.5@@@1/lib/../../../node_modules/@img/sharp-libvips-darwin-arm64/lib/libvips-cpp.8.17.3.dylib' (no such file), '/Users/jarkius/.bun/install/cache/@img/sharp-darwin-arm64@0.34.5@@@1/lib/../../../../../@img-sharp-libvips-darwin-arm64-npm-1.2.4-09e109d5ab/node_modules/@img/sharp-libvips-darwin-arm64/lib/libvips-cpp.8.17.3.dylib' (no such file)
Possible solutions:
- Ensure optional dependencies can be installed:
    npm install --include=optional sharp
- Ensure your package manager supports multi-platform installation:
    See https://sharp.pixelplumbing.com/install#cross-platform
- Add platform-specific dependencies:
    npm install --os=darwin --cpu=arm64 sharp
- Consult the installation documentation:
    See https://sharp.pixelplumbing.com/install
      at <anonymous> (/Users/jarkius/.bun/install/cache/sharp@0.34.5@@@1/lib/sharp.js:120:13)
      at <anonymous> (/Users/jarkius/.bun/install/cache/sharp@0.34.5@@@1/lib/constructor.js:8:7)
      at <anonymous> (/Users/jarkius/.bun/install/cache/sharp@0.34.5@@@1/lib/index.js:6:7)

[VectorDB] save session session_1773644552268 failed after 3 attempts: Could not load the "sharp" module using the darwin-arm64 runtime
ERR_DLOPEN_FAILED: dlopen(/Users/jarkius/.bun/install/cache/@img/sharp-darwin-arm64@0.34.5@@@1/lib/sharp-darwin-arm64.node, 0x0001): Library not loaded: @rpath/libvips-cpp.8.17.3.dylib
  Referenced from: <43BC947D-E6CB-3FC0-8C98-B0C566F42F94> /Users/jarkius/.bun/install/cache/@img/sharp-darwin-arm64@0.34.5@@@1/lib/sharp-darwin-arm64.node
  Reason: tried: '/Users/jarkius/.bun/install/cache/@img/sharp-darwin-arm64@0.34.5@@@1/lib/../../sharp-libvips-darwin-arm64/lib/libvips-cpp.8.17.3.dylib' (no such file), '/Users/jarkius/.bun/install/cache/@img/sharp-darwin-arm64@0.34.5@@@1/lib/../../../sharp-libvips-darwin-arm64/1.2.4/lib/libvips-cpp.8.17.3.dylib' (no such file), '/Users/jarkius/.bun/install/cache/@img/sharp-darwin-arm64@0.34.5@@@1/lib/../node_modules/@img/sharp-libvips-darwin-arm64/lib/libvips-cpp.8.17.3.dylib' (no such file), '/Users/jarkius/.bun/install/cache/@img/sharp-darwin-arm64@0.34.5@@@1/lib/../../node_modules/@img/sharp-libvips-darwin-arm64/lib/libvips-cpp.8.17.3.dylib' (no such file), '/Users/jarkius/.bun/install/cache/@img/sharp-darwin-arm64@0.34.5@@@1/lib/../../../node_modules/@img/sharp-libvips-darwin-arm64/lib/libvips-cpp.8.17.3.dylib' (no such file), '/Users/jarkius/.bun/install/cache/@img/sharp-darwin-arm64@0.34.5@@@1/lib/../../../../../@img-sharp-libvips-darwin-arm64-npm-1.2.4-09e109d5ab/node_modules/@img/sharp-libvips-darwin-arm64/lib/libvips-cpp.8.17.3.dylib' (no such file), '/Users/jarkius/.bun/install/cache/@img/sharp-darwin-arm64@0.34.5@@@1/lib/../../sharp-libvips-darwin-arm64/lib/libvips-cpp.8.17.3.dylib' (no such file), '/Users/jarkius/.bun/install/cache/@img/sharp-darwin-arm64@0.34.5@@@1/lib/../../../sharp-libvips-darwin-arm64/1.2.4/lib/libvips-cpp.8.17.3.dylib' (no such file), '/Users/jarkius/.bun/install/cache/@img/sharp-darwin-arm64@0.34.5@@@1/lib/../node_modules/@img/sharp-libvips-darwin-arm64/lib/libvips-cpp.8.17.3.dylib' (no such file), '/Users/jarkius/.bun/install/cache/@img/sharp-darwin-arm64@0.34.5@@@1/lib/../../node_modules/@img/sharp-libvips-darwin-arm64/lib/libvips-cpp.8.17.3.dylib' (no such file), '/Users/jarkius/.bun/install/cache/@img/sharp-darwin-arm64@0.34.5@@@1/lib/../../../node_modules/@img/sharp-libvips-darwin-arm64/lib/libvips-cpp.8.17.3.dylib' (no such file), '/Users/jarkius/.bun/install/cache/@img/sharp-darwin-arm64@0.34.5@@@1/lib/../../../../../@img-sharp-libvips-darwin-arm64-npm-1.2.4-09e109d5ab/node_modules/@img/sharp-libvips-darwin-arm64/lib/libvips-cpp.8.17.3.dylib' (no such file)
Possible solutions:
- Ensure optional dependencies can be installed:
    npm install --include=optional sharp
- Ensure your package manager supports multi-platform installation:
    See https://sharp.pixelplumbing.com/install#cross-platform
- Add platform-specific dependencies:
    npm install --os=darwin --cpu=arm64 sharp
- Consult the installation documentation:
    See https://sharp.pixelplumbing.com/install
$ bun run scripts/memory/index.ts learn "/Users/jarkius/workspace/The-matrix/psi/memory/sessions/2026-03/2026-03-16_14.02_auto-pulse.md"
[VectorDB] Using Transformers.js with model: multilingual-e5-base
[VectorDB] Initialized with 11 collections (prefix: matrix-memory-agents)
[Transformers] Initializing model: Xenova/multilingual-e5-base...
[Transformers] Failed to initialize: 115 |   }
116 |   help.push(
117 |     '- Consult the installation documentation:',
118 |     '    See https://sharp.pixelplumbing.com/install'
119 |   );
120 |   throw new Error(help.join('\n'));
                  ^
error: Could not load the "sharp" module using the darwin-arm64 runtime
ERR_DLOPEN_FAILED: dlopen(/Users/jarkius/.bun/install/cache/@img/sharp-darwin-arm64@0.34.5@@@1/lib/sharp-darwin-arm64.node, 0x0001): Library not loaded: @rpath/libvips-cpp.8.17.3.dylib
  Referenced from: <43BC947D-E6CB-3FC0-8C98-B0C566F42F94> /Users/jarkius/.bun/install/cache/@img/sharp-darwin-arm64@0.34.5@@@1/lib/sharp-darwin-arm64.node
  Reason: tried: '/Users/jarkius/.bun/install/cache/@img/sharp-darwin-arm64@0.34.5@@@1/lib/../../sharp-libvips-darwin-arm64/lib/libvips-cpp.8.17.3.dylib' (no such file), '/Users/jarkius/.bun/install/cache/@img/sharp-darwin-arm64@0.34.5@@@1/lib/../../../sharp-libvips-darwin-arm64/1.2.4/lib/libvips-cpp.8.17.3.dylib' (no such file), '/Users/jarkius/.bun/install/cache/@img/sharp-darwin-arm64@0.34.5@@@1/lib/../node_modules/@img/sharp-libvips-darwin-arm64/lib/libvips-cpp.8.17.3.dylib' (no such file), '/Users/jarkius/.bun/install/cache/@img/sharp-darwin-arm64@0.34.5@@@1/lib/../../node_modules/@img/sharp-libvips-darwin-arm64/lib/libvips-cpp.8.17.3.dylib' (no such file), '/Users/jarkius/.bun/install/cache/@img/sharp-darwin-arm64@0.34.5@@@1/lib/../../../node_modules/@img/sharp-libvips-darwin-arm64/lib/libvips-cpp.8.17.3.dylib' (no such file), '/Users/jarkius/.bun/install/cache/@img/sharp-darwin-arm64@0.34.5@@@1/lib/../../../../../@img-sharp-libvips-darwin-arm64-npm-1.2.4-09e109d5ab/node_modules/@img/sharp-libvips-darwin-arm64/lib/libvips-cpp.8.17.3.dylib' (no such file), '/Users/jarkius/.bun/install/cache/@img/sharp-darwin-arm64@0.34.5@@@1/lib/../../sharp-libvips-darwin-arm64/lib/libvips-cpp.8.17.3.dylib' (no such file), '/Users/jarkius/.bun/install/cache/@img/sharp-darwin-arm64@0.34.5@@@1/lib/../../../sharp-libvips-darwin-arm64/1.2.4/lib/libvips-cpp.8.17.3.dylib' (no such file), '/Users/jarkius/.bun/install/cache/@img/sharp-darwin-arm64@0.34.5@@@1/lib/../node_modules/@img/sharp-libvips-darwin-arm64/lib/libvips-cpp.8.17.3.dylib' (no such file), '/Users/jarkius/.bun/install/cache/@img/sharp-darwin-arm64@0.34.5@@@1/lib/../../node_modules/@img/sharp-libvips-darwin-arm64/lib/libvips-cpp.8.17.3.dylib' (no such file), '/Users/jarkius/.bun/install/cache/@img/sharp-darwin-arm64@0.34.5@@@1/lib/../../../node_modules/@img/sharp-libvips-darwin-arm64/lib/libvips-cpp.8.17.3.dylib' (no such file), '/Users/jarkius/.bun/install/cache/@img/sharp-darwin-arm64@0.34.5@@@1/lib/../../../../../@img-sharp-libvips-darwin-arm64-npm-1.2.4-09e109d5ab/node_modules/@img/sharp-libvips-darwin-arm64/lib/libvips-cpp.8.17.3.dylib' (no such file)
Possible solutions:
- Ensure optional dependencies can be installed:
    npm install --include=optional sharp
- Ensure your package manager supports multi-platform installation:
    See https://sharp.pixelplumbing.com/install#cross-platform
- Add platform-specific dependencies:
    npm install --os=darwin --cpu=arm64 sharp
- Consult the installation documentation:
    See https://sharp.pixelplumbing.com/install
      at <anonymous> (/Users/jarkius/.bun/install/cache/sharp@0.34.5@@@1/lib/sharp.js:120:13)
      at <anonymous> (/Users/jarkius/.bun/install/cache/sharp@0.34.5@@@1/lib/constructor.js:8:7)
      at <anonymous> (/Users/jarkius/.bun/install/cache/sharp@0.34.5@@@1/lib/index.js:6:7)

[VectorDB] save learning 106 failed after 3 attempts: Could not load the "sharp" module using the darwin-arm64 runtime
ERR_DLOPEN_FAILED: dlopen(/Users/jarkius/.bun/install/cache/@img/sharp-darwin-arm64@0.34.5@@@1/lib/sharp-darwin-arm64.node, 0x0001): Library not loaded: @rpath/libvips-cpp.8.17.3.dylib
  Referenced from: <43BC947D-E6CB-3FC0-8C98-B0C566F42F94> /Users/jarkius/.bun/install/cache/@img/sharp-darwin-arm64@0.34.5@@@1/lib/sharp-darwin-arm64.node
  Reason: tried: '/Users/jarkius/.bun/install/cache/@img/sharp-darwin-arm64@0.34.5@@@1/lib/../../sharp-libvips-darwin-arm64/lib/libvips-cpp.8.17.3.dylib' (no such file), '/Users/jarkius/.bun/install/cache/@img/sharp-darwin-arm64@0.34.5@@@1/lib/../../../sharp-libvips-darwin-arm64/1.2.4/lib/libvips-cpp.8.17.3.dylib' (no such file), '/Users/jarkius/.bun/install/cache/@img/sharp-darwin-arm64@0.34.5@@@1/lib/../node_modules/@img/sharp-libvips-darwin-arm64/lib/libvips-cpp.8.17.3.dylib' (no such file), '/Users/jarkius/.bun/install/cache/@img/sharp-darwin-arm64@0.34.5@@@1/lib/../../node_modules/@img/sharp-libvips-darwin-arm64/lib/libvips-cpp.8.17.3.dylib' (no such file), '/Users/jarkius/.bun/install/cache/@img/sharp-darwin-arm64@0.34.5@@@1/lib/../../../node_modules/@img/sharp-libvips-darwin-arm64/lib/libvips-cpp.8.17.3.dylib' (no such file), '/Users/jarkius/.bun/install/cache/@img/sharp-darwin-arm64@0.34.5@@@1/lib/../../../../../@img-sharp-libvips-darwin-arm64-npm-1.2.4-09e109d5ab/node_modules/@img/sharp-libvips-darwin-arm64/lib/libvips-cpp.8.17.3.dylib' (no such file), '/Users/jarkius/.bun/install/cache/@img/sharp-darwin-arm64@0.34.5@@@1/lib/../../sharp-libvips-darwin-arm64/lib/libvips-cpp.8.17.3.dylib' (no such file), '/Users/jarkius/.bun/install/cache/@img/sharp-darwin-arm64@0.34.5@@@1/lib/../../../sharp-libvips-darwin-arm64/1.2.4/lib/libvips-cpp.8.17.3.dylib' (no such file), '/Users/jarkius/.bun/install/cache/@img/sharp-darwin-arm64@0.34.5@@@1/lib/../node_modules/@img/sharp-libvips-darwin-arm64/lib/libvips-cpp.8.17.3.dylib' (no such file), '/Users/jarkius/.bun/install/cache/@img/sharp-darwin-arm64@0.34.5@@@1/lib/../../node_modules/@img/sharp-libvips-darwin-arm64/lib/libvips-cpp.8.17.3.dylib' (no such file), '/Users/jarkius/.bun/install/cache/@img/sharp-darwin-arm64@0.34.5@@@1/lib/../../../node_modules/@img/sharp-libvips-darwin-arm64/lib/libvips-cpp.8.17.3.dylib' (no such file), '/Users/jarkius/.bun/install/cache/@img/sharp-darwin-arm64@0.34.5@@@1/lib/../../../../../@img-sharp-libvips-darwin-arm64-npm-1.2.4-09e109d5ab/node_modules/@img/sharp-libvips-darwin-arm64/lib/libvips-cpp.8.17.3.dylib' (no such file)
Possible solutions:
- Ensure optional dependencies can be installed:
    npm install --include=optional sharp
- Ensure your package manager supports multi-platform installation:
    See https://sharp.pixelplumbing.com/install#cross-platform
- Add platform-specific dependencies:
    npm install --os=darwin --cpu=arm64 sharp
- Consult the installation documentation:
    See https://sharp.pixelplumbing.com/install
$ bun run scripts/memory/index.ts save "Auto-saved session via pulse hook"
[VectorDB] Using Transformers.js with model: multilingual-e5-base
[VectorDB] Initialized with 11 collections (prefix: matrix-memory-agents)
[Transformers] Initializing model: Xenova/multilingual-e5-base...
[Transformers] Failed to initialize: 115 |   }
116 |   help.push(
117 |     '- Consult the installation documentation:',
118 |     '    See https://sharp.pixelplumbing.com/install'
119 |   );
120 |   throw new Error(help.join('\n'));
                  ^
error: Could not load the "sharp" module using the darwin-arm64 runtime
ERR_DLOPEN_FAILED: dlopen(/Users/jarkius/.bun/install/cache/@img/sharp-darwin-arm64@0.34.5@@@1/lib/sharp-darwin-arm64.node, 0x0001): Library not loaded: @rpath/libvips-cpp.8.17.3.dylib
  Referenced from: <43BC947D-E6CB-3FC0-8C98-B0C566F42F94> /Users/jarkius/.bun/install/cache/@img/sharp-darwin-arm64@0.34.5@@@1/lib/sharp-darwin-arm64.node
  Reason: tried: '/Users/jarkius/.bun/install/cache/@img/sharp-darwin-arm64@0.34.5@@@1/lib/../../sharp-libvips-darwin-arm64/lib/libvips-cpp.8.17.3.dylib' (no such file), '/Users/jarkius/.bun/install/cache/@img/sharp-darwin-arm64@0.34.5@@@1/lib/../../../sharp-libvips-darwin-arm64/1.2.4/lib/libvips-cpp.8.17.3.dylib' (no such file), '/Users/jarkius/.bun/install/cache/@img/sharp-darwin-arm64@0.34.5@@@1/lib/../node_modules/@img/sharp-libvips-darwin-arm64/lib/libvips-cpp.8.17.3.dylib' (no such file), '/Users/jarkius/.bun/install/cache/@img/sharp-darwin-arm64@0.34.5@@@1/lib/../../node_modules/@img/sharp-libvips-darwin-arm64/lib/libvips-cpp.8.17.3.dylib' (no such file), '/Users/jarkius/.bun/install/cache/@img/sharp-darwin-arm64@0.34.5@@@1/lib/../../../node_modules/@img/sharp-libvips-darwin-arm64/lib/libvips-cpp.8.17.3.dylib' (no such file), '/Users/jarkius/.bun/install/cache/@img/sharp-darwin-arm64@0.34.5@@@1/lib/../../../../../@img-sharp-libvips-darwin-arm64-npm-1.2.4-09e109d5ab/node_modules/@img/sharp-libvips-darwin-arm64/lib/libvips-cpp.8.17.3.dylib' (no such file), '/Users/jarkius/.bun/install/cache/@img/sharp-darwin-arm64@0.34.5@@@1/lib/../../sharp-libvips-darwin-arm64/lib/libvips-cpp.8.17.3.dylib' (no such file), '/Users/jarkius/.bun/install/cache/@img/sharp-darwin-arm64@0.34.5@@@1/lib/../../../sharp-libvips-darwin-arm64/1.2.4/lib/libvips-cpp.8.17.3.dylib' (no such file), '/Users/jarkius/.bun/install/cache/@img/sharp-darwin-arm64@0.34.5@@@1/lib/../node_modules/@img/sharp-libvips-darwin-arm64/lib/libvips-cpp.8.17.3.dylib' (no such file), '/Users/jarkius/.bun/install/cache/@img/sharp-darwin-arm64@0.34.5@@@1/lib/../../node_modules/@img/sharp-libvips-darwin-arm64/lib/libvips-cpp.8.17.3.dylib' (no such file), '/Users/jarkius/.bun/install/cache/@img/sharp-darwin-arm64@0.34.5@@@1/lib/../../../node_modules/@img/sharp-libvips-darwin-arm64/lib/libvips-cpp.8.17.3.dylib' (no such file), '/Users/jarkius/.bun/install/cache/@img/sharp-darwin-arm64@0.34.5@@@1/lib/../../../../../@img-sharp-libvips-darwin-arm64-npm-1.2.4-09e109d5ab/node_modules/@img/sharp-libvips-darwin-arm64/lib/libvips-cpp.8.17.3.dylib' (no such file)
Possible solutions:
- Ensure optional dependencies can be installed:
    npm install --include=optional sharp
- Ensure your package manager supports multi-platform installation:
    See https://sharp.pixelplumbing.com/install#cross-platform
- Add platform-specific dependencies:
    npm install --os=darwin --cpu=arm64 sharp
- Consult the installation documentation:
    See https://sharp.pixelplumbing.com/install
      at <anonymous> (/Users/jarkius/.bun/install/cache/sharp@0.34.5@@@1/lib/sharp.js:120:13)
      at <anonymous> (/Users/jarkius/.bun/install/cache/sharp@0.34.5@@@1/lib/constructor.js:8:7)
      at <anonymous> (/Users/jarkius/.bun/install/cache/sharp@0.34.5@@@1/lib/index.js:6:7)

[VectorDB] save session session_1773644603828 failed after 3 attempts: Could not load the "sharp" module using the darwin-arm64 runtime
ERR_DLOPEN_FAILED: dlopen(/Users/jarkius/.bun/install/cache/@img/sharp-darwin-arm64@0.34.5@@@1/lib/sharp-darwin-arm64.node, 0x0001): Library not loaded: @rpath/libvips-cpp.8.17.3.dylib
  Referenced from: <43BC947D-E6CB-3FC0-8C98-B0C566F42F94> /Users/jarkius/.bun/install/cache/@img/sharp-darwin-arm64@0.34.5@@@1/lib/sharp-darwin-arm64.node
  Reason: tried: '/Users/jarkius/.bun/install/cache/@img/sharp-darwin-arm64@0.34.5@@@1/lib/../../sharp-libvips-darwin-arm64/lib/libvips-cpp.8.17.3.dylib' (no such file), '/Users/jarkius/.bun/install/cache/@img/sharp-darwin-arm64@0.34.5@@@1/lib/../../../sharp-libvips-darwin-arm64/1.2.4/lib/libvips-cpp.8.17.3.dylib' (no such file), '/Users/jarkius/.bun/install/cache/@img/sharp-darwin-arm64@0.34.5@@@1/lib/../node_modules/@img/sharp-libvips-darwin-arm64/lib/libvips-cpp.8.17.3.dylib' (no such file), '/Users/jarkius/.bun/install/cache/@img/sharp-darwin-arm64@0.34.5@@@1/lib/../../node_modules/@img/sharp-libvips-darwin-arm64/lib/libvips-cpp.8.17.3.dylib' (no such file), '/Users/jarkius/.bun/install/cache/@img/sharp-darwin-arm64@0.34.5@@@1/lib/../../../node_modules/@img/sharp-libvips-darwin-arm64/lib/libvips-cpp.8.17.3.dylib' (no such file), '/Users/jarkius/.bun/install/cache/@img/sharp-darwin-arm64@0.34.5@@@1/lib/../../../../../@img-sharp-libvips-darwin-arm64-npm-1.2.4-09e109d5ab/node_modules/@img/sharp-libvips-darwin-arm64/lib/libvips-cpp.8.17.3.dylib' (no such file), '/Users/jarkius/.bun/install/cache/@img/sharp-darwin-arm64@0.34.5@@@1/lib/../../sharp-libvips-darwin-arm64/lib/libvips-cpp.8.17.3.dylib' (no such file), '/Users/jarkius/.bun/install/cache/@img/sharp-darwin-arm64@0.34.5@@@1/lib/../../../sharp-libvips-darwin-arm64/1.2.4/lib/libvips-cpp.8.17.3.dylib' (no such file), '/Users/jarkius/.bun/install/cache/@img/sharp-darwin-arm64@0.34.5@@@1/lib/../node_modules/@img/sharp-libvips-darwin-arm64/lib/libvips-cpp.8.17.3.dylib' (no such file), '/Users/jarkius/.bun/install/cache/@img/sharp-darwin-arm64@0.34.5@@@1/lib/../../node_modules/@img/sharp-libvips-darwin-arm64/lib/libvips-cpp.8.17.3.dylib' (no such file), '/Users/jarkius/.bun/install/cache/@img/sharp-darwin-arm64@0.34.5@@@1/lib/../../../node_modules/@img/sharp-libvips-darwin-arm64/lib/libvips-cpp.8.17.3.dylib' (no such file), '/Users/jarkius/.bun/install/cache/@img/sharp-darwin-arm64@0.34.5@@@1/lib/../../../../../@img-sharp-libvips-darwin-arm64-npm-1.2.4-09e109d5ab/node_modules/@img/sharp-libvips-darwin-arm64/lib/libvips-cpp.8.17.3.dylib' (no such file)
Possible solutions:
- Ensure optional dependencies can be installed:
    npm install --include=optional sharp
- Ensure your package manager supports multi-platform installation:
    See https://sharp.pixelplumbing.com/install#cross-platform
- Add platform-specific dependencies:
    npm install --os=darwin --cpu=arm64 sharp
- Consult the installation documentation:
    See https://sharp.pixelplumbing.com/install
$ bun run scripts/memory/index.ts learn "/Users/jarkius/workspace/The-matrix/psi/memory/sessions/2026-03/2026-03-16_14.03_auto-pulse.md"
[VectorDB] Using Transformers.js with model: multilingual-e5-base
[VectorDB] Initialized with 11 collections (prefix: matrix-memory-agents)
[Transformers] Initializing model: Xenova/multilingual-e5-base...
[Transformers] Failed to initialize: 115 |   }
116 |   help.push(
117 |     '- Consult the installation documentation:',
118 |     '    See https://sharp.pixelplumbing.com/install'
119 |   );
120 |   throw new Error(help.join('\n'));
                  ^
error: Could not load the "sharp" module using the darwin-arm64 runtime
ERR_DLOPEN_FAILED: dlopen(/Users/jarkius/.bun/install/cache/@img/sharp-darwin-arm64@0.34.5@@@1/lib/sharp-darwin-arm64.node, 0x0001): Library not loaded: @rpath/libvips-cpp.8.17.3.dylib
  Referenced from: <43BC947D-E6CB-3FC0-8C98-B0C566F42F94> /Users/jarkius/.bun/install/cache/@img/sharp-darwin-arm64@0.34.5@@@1/lib/sharp-darwin-arm64.node
  Reason: tried: '/Users/jarkius/.bun/install/cache/@img/sharp-darwin-arm64@0.34.5@@@1/lib/../../sharp-libvips-darwin-arm64/lib/libvips-cpp.8.17.3.dylib' (no such file), '/Users/jarkius/.bun/install/cache/@img/sharp-darwin-arm64@0.34.5@@@1/lib/../../../sharp-libvips-darwin-arm64/1.2.4/lib/libvips-cpp.8.17.3.dylib' (no such file), '/Users/jarkius/.bun/install/cache/@img/sharp-darwin-arm64@0.34.5@@@1/lib/../node_modules/@img/sharp-libvips-darwin-arm64/lib/libvips-cpp.8.17.3.dylib' (no such file), '/Users/jarkius/.bun/install/cache/@img/sharp-darwin-arm64@0.34.5@@@1/lib/../../node_modules/@img/sharp-libvips-darwin-arm64/lib/libvips-cpp.8.17.3.dylib' (no such file), '/Users/jarkius/.bun/install/cache/@img/sharp-darwin-arm64@0.34.5@@@1/lib/../../../node_modules/@img/sharp-libvips-darwin-arm64/lib/libvips-cpp.8.17.3.dylib' (no such file), '/Users/jarkius/.bun/install/cache/@img/sharp-darwin-arm64@0.34.5@@@1/lib/../../../../../@img-sharp-libvips-darwin-arm64-npm-1.2.4-09e109d5ab/node_modules/@img/sharp-libvips-darwin-arm64/lib/libvips-cpp.8.17.3.dylib' (no such file), '/Users/jarkius/.bun/install/cache/@img/sharp-darwin-arm64@0.34.5@@@1/lib/../../sharp-libvips-darwin-arm64/lib/libvips-cpp.8.17.3.dylib' (no such file), '/Users/jarkius/.bun/install/cache/@img/sharp-darwin-arm64@0.34.5@@@1/lib/../../../sharp-libvips-darwin-arm64/1.2.4/lib/libvips-cpp.8.17.3.dylib' (no such file), '/Users/jarkius/.bun/install/cache/@img/sharp-darwin-arm64@0.34.5@@@1/lib/../node_modules/@img/sharp-libvips-darwin-arm64/lib/libvips-cpp.8.17.3.dylib' (no such file), '/Users/jarkius/.bun/install/cache/@img/sharp-darwin-arm64@0.34.5@@@1/lib/../../node_modules/@img/sharp-libvips-darwin-arm64/lib/libvips-cpp.8.17.3.dylib' (no such file), '/Users/jarkius/.bun/install/cache/@img/sharp-darwin-arm64@0.34.5@@@1/lib/../../../node_modules/@img/sharp-libvips-darwin-arm64/lib/libvips-cpp.8.17.3.dylib' (no such file), '/Users/jarkius/.bun/install/cache/@img/sharp-darwin-arm64@0.34.5@@@1/lib/../../../../../@img-sharp-libvips-darwin-arm64-npm-1.2.4-09e109d5ab/node_modules/@img/sharp-libvips-darwin-arm64/lib/libvips-cpp.8.17.3.dylib' (no such file)
Possible solutions:
- Ensure optional dependencies can be installed:
    npm install --include=optional sharp
- Ensure your package manager supports multi-platform installation:
    See https://sharp.pixelplumbing.com/install#cross-platform
- Add platform-specific dependencies:
    npm install --os=darwin --cpu=arm64 sharp
- Consult the installation documentation:
    See https://sharp.pixelplumbing.com/install
      at <anonymous> (/Users/jarkius/.bun/install/cache/sharp@0.34.5@@@1/lib/sharp.js:120:13)
      at <anonymous> (/Users/jarkius/.bun/install/cache/sharp@0.34.5@@@1/lib/constructor.js:8:7)
      at <anonymous> (/Users/jarkius/.bun/install/cache/sharp@0.34.5@@@1/lib/index.js:6:7)

[VectorDB] save learning 107 failed after 3 attempts: Could not load the "sharp" module using the darwin-arm64 runtime
ERR_DLOPEN_FAILED: dlopen(/Users/jarkius/.bun/install/cache/@img/sharp-darwin-arm64@0.34.5@@@1/lib/sharp-darwin-arm64.node, 0x0001): Library not loaded: @rpath/libvips-cpp.8.17.3.dylib
  Referenced from: <43BC947D-E6CB-3FC0-8C98-B0C566F42F94> /Users/jarkius/.bun/install/cache/@img/sharp-darwin-arm64@0.34.5@@@1/lib/sharp-darwin-arm64.node
  Reason: tried: '/Users/jarkius/.bun/install/cache/@img/sharp-darwin-arm64@0.34.5@@@1/lib/../../sharp-libvips-darwin-arm64/lib/libvips-cpp.8.17.3.dylib' (no such file), '/Users/jarkius/.bun/install/cache/@img/sharp-darwin-arm64@0.34.5@@@1/lib/../../../sharp-libvips-darwin-arm64/1.2.4/lib/libvips-cpp.8.17.3.dylib' (no such file), '/Users/jarkius/.bun/install/cache/@img/sharp-darwin-arm64@0.34.5@@@1/lib/../node_modules/@img/sharp-libvips-darwin-arm64/lib/libvips-cpp.8.17.3.dylib' (no such file), '/Users/jarkius/.bun/install/cache/@img/sharp-darwin-arm64@0.34.5@@@1/lib/../../node_modules/@img/sharp-libvips-darwin-arm64/lib/libvips-cpp.8.17.3.dylib' (no such file), '/Users/jarkius/.bun/install/cache/@img/sharp-darwin-arm64@0.34.5@@@1/lib/../../../node_modules/@img/sharp-libvips-darwin-arm64/lib/libvips-cpp.8.17.3.dylib' (no such file), '/Users/jarkius/.bun/install/cache/@img/sharp-darwin-arm64@0.34.5@@@1/lib/../../../../../@img-sharp-libvips-darwin-arm64-npm-1.2.4-09e109d5ab/node_modules/@img/sharp-libvips-darwin-arm64/lib/libvips-cpp.8.17.3.dylib' (no such file), '/Users/jarkius/.bun/install/cache/@img/sharp-darwin-arm64@0.34.5@@@1/lib/../../sharp-libvips-darwin-arm64/lib/libvips-cpp.8.17.3.dylib' (no such file), '/Users/jarkius/.bun/install/cache/@img/sharp-darwin-arm64@0.34.5@@@1/lib/../../../sharp-libvips-darwin-arm64/1.2.4/lib/libvips-cpp.8.17.3.dylib' (no such file), '/Users/jarkius/.bun/install/cache/@img/sharp-darwin-arm64@0.34.5@@@1/lib/../node_modules/@img/sharp-libvips-darwin-arm64/lib/libvips-cpp.8.17.3.dylib' (no such file), '/Users/jarkius/.bun/install/cache/@img/sharp-darwin-arm64@0.34.5@@@1/lib/../../node_modules/@img/sharp-libvips-darwin-arm64/lib/libvips-cpp.8.17.3.dylib' (no such file), '/Users/jarkius/.bun/install/cache/@img/sharp-darwin-arm64@0.34.5@@@1/lib/../../../node_modules/@img/sharp-libvips-darwin-arm64/lib/libvips-cpp.8.17.3.dylib' (no such file), '/Users/jarkius/.bun/install/cache/@img/sharp-darwin-arm64@0.34.5@@@1/lib/../../../../../@img-sharp-libvips-darwin-arm64-npm-1.2.4-09e109d5ab/node_modules/@img/sharp-libvips-darwin-arm64/lib/libvips-cpp.8.17.3.dylib' (no such file)
Possible solutions:
- Ensure optional dependencies can be installed:
    npm install --include=optional sharp
- Ensure your package manager supports multi-platform installation:
    See https://sharp.pixelplumbing.com/install#cross-platform
- Add platform-specific dependencies:
    npm install --os=darwin --cpu=arm64 sharp
- Consult the installation documentation:
    See https://sharp.pixelplumbing.com/install
$ bun run scripts/memory/index.ts save "Auto-saved session via pulse hook"
The system cannot find the path specified.
The system cannot find the path specified.
The system cannot find the path specified.
The system cannot find the path specified.
warning: in the working copy of '.claude/hooks/core/matrix-activate-agent.sh', LF will be replaced by CRLF the next time Git touches it
warning: in the working copy of '.claude/hooks/core/matrix-artifact.sh', LF will be replaced by CRLF the next time Git touches it
warning: in the working copy of '.claude/hooks/core/matrix-comm.sh', LF will be replaced by CRLF the next time Git touches it
warning: in the working copy of '.claude/hooks/core/matrix-diagnostic.sh', LF will be replaced by CRLF the next time Git touches it
warning: in the working copy of '.claude/hooks/core/matrix-dispatch.sh', LF will be replaced by CRLF the next time Git touches it
warning: in the working copy of '.claude/hooks/core/matrix-lock-check.sh', LF will be replaced by CRLF the next time Git touches it
warning: in the working copy of '.claude/hooks/core/matrix-permission-gate.sh', LF will be replaced by CRLF the next time Git touches it
warning: in the working copy of '.claude/hooks/core/matrix-return.sh', LF will be replaced by CRLF the next time Git touches it
warning: in the working copy of '.claude/hooks/core/matrix-services.sh', LF will be replaced by CRLF the next time Git touches it
warning: in the working copy of '.claude/hooks/core/matrix-session-start.sh', LF will be replaced by CRLF the next time Git touches it
warning: in the working copy of '.claude/hooks/core/matrix-source-bash-guard.sh', LF will be replaced by CRLF the next time Git touches it
warning: in the working copy of '.claude/hooks/core/matrix-source-guard.sh', LF will be replaced by CRLF the next time Git touches it
warning: in the working copy of '.claude/hooks/core/matrix-spawn.sh', LF will be replaced by CRLF the next time Git touches it
warning: in the working copy of '.claude/hooks/core/matrix-subagent-complete.sh', LF will be replaced by CRLF the next time Git touches it
warning: in the working copy of '.claude/hooks/core/matrix-subagent-start.sh', LF will be replaced by CRLF the next time Git touches it
warning: in the working copy of '.claude/hooks/core/matrix-task-completed.sh', LF will be replaced by CRLF the next time Git touches it
warning: in the working copy of '.claude/hooks/core/matrix-teammate-idle.sh', LF will be replaced by CRLF the next time Git touches it
warning: in the working copy of '.claude/hooks/core/stop.sh', LF will be replaced by CRLF the next time Git touches it
warning: in the working copy of '.claude/hooks/pulse/pulse-agent-messenger.sh', LF will be replaced by CRLF the next time Git touches it
warning: in the working copy of '.claude/hooks/pulse/pulse-auto-evolve.sh', LF will be replaced by CRLF the next time Git touches it
warning: in the working copy of '.claude/hooks/pulse/pulse-auto-git.sh', LF will be replaced by CRLF the next time Git touches it
warning: in the working copy of '.claude/hooks/pulse/pulse-context-compressor.sh', LF will be replaced by CRLF the next time Git touches it
warning: in the working copy of '.claude/hooks/pulse/pulse-context-loader.sh', LF will be replaced by CRLF the next time Git touches it
warning: in the working copy of '.claude/hooks/pulse/pulse-dashboard.sh', LF will be replaced by CRLF the next time Git touches it
warning: in the working copy of '.claude/hooks/pulse/pulse-dispatch-bundler.sh', LF will be replaced by CRLF the next time Git touches it
warning: in the working copy of '.claude/hooks/pulse/pulse-dispatch-learner.sh', LF will be replaced by CRLF the next time Git touches it
warning: in the working copy of '.claude/hooks/pulse/pulse-event-dispatcher.sh', LF will be replaced by CRLF the next time Git touches it
warning: in the working copy of '.claude/hooks/pulse/pulse-event-writer.sh', LF will be replaced by CRLF the next time Git touches it
warning: in the working copy of '.claude/hooks/pulse/pulse-metrics.sh', LF will be replaced by CRLF the next time Git touches it
warning: in the working copy of '.claude/hooks/pulse/pulse-notification-intel.sh', LF will be replaced by CRLF the next time Git touches it
warning: in the working copy of '.claude/hooks/pulse/pulse-pattern-scanner.sh', LF will be replaced by CRLF the next time Git touches it
warning: in the working copy of '.claude/hooks/pulse/pulse-post-action.sh', LF will be replaced by CRLF the next time Git touches it
warning: in the working copy of '.claude/hooks/pulse/pulse-pre-compact.sh', LF will be replaced by CRLF the next time Git touches it
warning: in the working copy of '.claude/hooks/pulse/pulse-proactive-boot.sh', LF will be replaced by CRLF the next time Git touches it
warning: in the working copy of '.claude/hooks/pulse/pulse-proactive-intel.sh', LF will be replaced by CRLF the next time Git touches it
warning: in the working copy of '.claude/hooks/pulse/pulse-self-heal.sh', LF will be replaced by CRLF the next time Git touches it
warning: in the working copy of '.claude/hooks/pulse/pulse-session-continuity.sh', LF will be replaced by CRLF the next time Git touches it
warning: in the working copy of '.claude/hooks/pulse/pulse-session-end.sh', LF will be replaced by CRLF the next time Git touches it
warning: in the working copy of '.claude/hooks/pulse/pulse-skill-discovery.sh', LF will be replaced by CRLF the next time Git touches it
warning: in the working copy of '.claude/hooks/pulse/pulse-smart-router.sh', LF will be replaced by CRLF the next time Git touches it
warning: in the working copy of '.claude/hooks/pulse/pulse-team-orchestrator.sh', LF will be replaced by CRLF the next time Git touches it
warning: in the working copy of '.claude/hooks/pulse/pulse-watchdog.sh', LF will be replaced by CRLF the next time Git touches it
warning: in the working copy of '.claude/hooks/util/configure-rdp-mode.sh', LF will be replaced by CRLF the next time Git touches it
warning: in the working copy of '.claude/hooks/util/github-star-reminder.sh', LF will be replaced by CRLF the next time Git touches it
warning: in the working copy of '.claude/hooks/util/learn-manager.sh', LF will be replaced by CRLF the next time Git touches it
warning: in the working copy of '.claude/hooks/util/migrate-background-music.sh', LF will be replaced by CRLF the next time Git touches it
warning: in the working copy of '.claude/hooks/util/migrate-to-agentvibes.sh', LF will be replaced by CRLF the next time Git touches it
warning: in the working copy of '.claude/hooks/util/session-memory-save.sh', LF will be replaced by CRLF the next time Git touches it
warning: in the working copy of '.claude/hooks/util/task-sync.sh', LF will be replaced by CRLF the next time Git touches it
warning: in the working copy of '.claude/hooks/voice/audio-processor.sh', LF will be replaced by CRLF the next time Git touches it
warning: in the working copy of '.claude/hooks/voice/background-music-manager.sh', LF will be replaced by CRLF the next time Git touches it
warning: in the working copy of '.claude/hooks/voice/bmad-party-manager.sh', LF will be replaced by CRLF the next time Git touches it
warning: in the working copy of '.claude/hooks/voice/bmad-speak-enhanced.sh', LF will be replaced by CRLF the next time Git touches it
warning: in the working copy of '.claude/hooks/voice/bmad-speak.sh', LF will be replaced by CRLF the next time Git touches it
warning: in the working copy of '.claude/hooks/voice/bmad-tts-injector.sh', LF will be replaced by CRLF the next time Git touches it
warning: in the working copy of '.claude/hooks/voice/bmad-voice-manager.sh', LF will be replaced by CRLF the next time Git touches it
warning: in the working copy of '.claude/hooks/voice/bootstrap-voice.sh', LF will be replaced by CRLF the next time Git touches it
warning: in the working copy of '.claude/hooks/voice/download-extra-voices.sh', LF will be replaced by CRLF the next time Git touches it
warning: in the working copy of '.claude/hooks/voice/effects-manager.sh', LF will be replaced by CRLF the next time Git touches it
warning: in the working copy of '.claude/hooks/voice/language-manager.sh', LF will be replaced by CRLF the next time Git touches it
warning: in the working copy of '.claude/hooks/voice/macos-voice-manager.sh', LF will be replaced by CRLF the next time Git touches it
warning: in the working copy of '.claude/hooks/voice/matrix-verify-voices.sh', LF will be replaced by CRLF the next time Git touches it
warning: in the working copy of '.claude/hooks/voice/optimize-background-music.sh', LF will be replaced by CRLF the next time Git touches it
warning: in the working copy of '.claude/hooks/voice/personality-manager.sh', LF will be replaced by CRLF the next time Git touches it
warning: in the working copy of '.claude/hooks/voice/piper-download-voices.sh', LF will be replaced by CRLF the next time Git touches it
warning: in the working copy of '.claude/hooks/voice/piper-installer.sh', LF will be replaced by CRLF the next time Git touches it
warning: in the working copy of '.claude/hooks/voice/piper-multispeaker-registry.sh', LF will be replaced by CRLF the next time Git touches it
warning: in the working copy of '.claude/hooks/voice/piper-voice-manager.sh', LF will be replaced by CRLF the next time Git touches it
warning: in the working copy of '.claude/hooks/voice/play-tts-enhanced.sh', LF will be replaced by CRLF the next time Git touches it
warning: in the working copy of '.claude/hooks/voice/play-tts-macos.sh', LF will be replaced by CRLF the next time Git touches it
warning: in the working copy of '.claude/hooks/voice/play-tts-piper.sh', LF will be replaced by CRLF the next time Git touches it
warning: in the working copy of '.claude/hooks/voice/play-tts.sh', LF will be replaced by CRLF the next time Git touches it
warning: in the working copy of '.claude/hooks/voice/provider-commands.sh', LF will be replaced by CRLF the next time Git touches it
warning: in the working copy of '.claude/hooks/voice/provider-manager.sh', LF will be replaced by CRLF the next time Git touches it
warning: in the working copy of '.claude/hooks/voice/quick-tts.sh', LF will be replaced by CRLF the next time Git touches it
warning: in the working copy of '.claude/hooks/voice/replay-target-audio.sh', LF will be replaced by CRLF the next time Git touches it
warning: in the working copy of '.claude/hooks/voice/sentiment-manager.sh', LF will be replaced by CRLF the next time Git touches it
warning: in the working copy of '.claude/hooks/voice/speed-manager.sh', LF will be replaced by CRLF the next time Git touches it
warning: in the working copy of '.claude/hooks/voice/translate-manager.sh', LF will be replaced by CRLF the next time Git touches it
warning: in the working copy of '.claude/hooks/voice/verbosity-manager.sh', LF will be replaced by CRLF the next time Git touches it
warning: in the working copy of 'psi/state/pulse/events.jsonl', LF will be replaced by CRLF the next time Git touches it
warning: in the working copy of '.claude/hooks/core/matrix-activate-agent.sh', LF will be replaced by CRLF the next time Git touches it
warning: in the working copy of '.claude/hooks/core/matrix-artifact.sh', LF will be replaced by CRLF the next time Git touches it
warning: in the working copy of '.claude/hooks/core/matrix-comm.sh', LF will be replaced by CRLF the next time Git touches it
warning: in the working copy of '.claude/hooks/core/matrix-diagnostic.sh', LF will be replaced by CRLF the next time Git touches it
warning: in the working copy of '.claude/hooks/core/matrix-dispatch.sh', LF will be replaced by CRLF the next time Git touches it
warning: in the working copy of '.claude/hooks/core/matrix-lock-check.sh', LF will be replaced by CRLF the next time Git touches it
warning: in the working copy of '.claude/hooks/core/matrix-permission-gate.sh', LF will be replaced by CRLF the next time Git touches it
warning: in the working copy of '.claude/hooks/core/matrix-return.sh', LF will be replaced by CRLF the next time Git touches it
warning: in the working copy of '.claude/hooks/core/matrix-services.sh', LF will be replaced by CRLF the next time Git touches it
warning: in the working copy of '.claude/hooks/core/matrix-session-start.sh', LF will be replaced by CRLF the next time Git touches it
warning: in the working copy of '.claude/hooks/core/matrix-source-bash-guard.sh', LF will be replaced by CRLF the next time Git touches it
warning: in the working copy of '.claude/hooks/core/matrix-source-guard.sh', LF will be replaced by CRLF the next time Git touches it
warning: in the working copy of '.claude/hooks/core/matrix-spawn.sh', LF will be replaced by CRLF the next time Git touches it
warning: in the working copy of '.claude/hooks/core/matrix-subagent-complete.sh', LF will be replaced by CRLF the next time Git touches it
warning: in the working copy of '.claude/hooks/core/matrix-subagent-start.sh', LF will be replaced by CRLF the next time Git touches it
warning: in the working copy of '.claude/hooks/core/matrix-task-completed.sh', LF will be replaced by CRLF the next time Git touches it
warning: in the working copy of '.claude/hooks/core/matrix-teammate-idle.sh', LF will be replaced by CRLF the next time Git touches it
warning: in the working copy of '.claude/hooks/core/stop.sh', LF will be replaced by CRLF the next time Git touches it
warning: in the working copy of '.claude/hooks/pulse/pulse-agent-messenger.sh', LF will be replaced by CRLF the next time Git touches it
warning: in the working copy of '.claude/hooks/pulse/pulse-auto-evolve.sh', LF will be replaced by CRLF the next time Git touches it
warning: in the working copy of '.claude/hooks/pulse/pulse-auto-git.sh', LF will be replaced by CRLF the next time Git touches it
warning: in the working copy of '.claude/hooks/pulse/pulse-context-compressor.sh', LF will be replaced by CRLF the next time Git touches it
warning: in the working copy of '.claude/hooks/pulse/pulse-context-loader.sh', LF will be replaced by CRLF the next time Git touches it
warning: in the working copy of '.claude/hooks/pulse/pulse-dashboard.sh', LF will be replaced by CRLF the next time Git touches it
warning: in the working copy of '.claude/hooks/pulse/pulse-dispatch-bundler.sh', LF will be replaced by CRLF the next time Git touches it
warning: in the working copy of '.claude/hooks/pulse/pulse-dispatch-learner.sh', LF will be replaced by CRLF the next time Git touches it
warning: in the working copy of '.claude/hooks/pulse/pulse-event-dispatcher.sh', LF will be replaced by CRLF the next time Git touches it
warning: in the working copy of '.claude/hooks/pulse/pulse-event-writer.sh', LF will be replaced by CRLF the next time Git touches it
warning: in the working copy of '.claude/hooks/pulse/pulse-metrics.sh', LF will be replaced by CRLF the next time Git touches it
warning: in the working copy of '.claude/hooks/pulse/pulse-notification-intel.sh', LF will be replaced by CRLF the next time Git touches it
warning: in the working copy of '.claude/hooks/pulse/pulse-pattern-scanner.sh', LF will be replaced by CRLF the next time Git touches it
warning: in the working copy of '.claude/hooks/pulse/pulse-post-action.sh', LF will be replaced by CRLF the next time Git touches it
warning: in the working copy of '.claude/hooks/pulse/pulse-pre-compact.sh', LF will be replaced by CRLF the next time Git touches it
warning: in the working copy of '.claude/hooks/pulse/pulse-proactive-boot.sh', LF will be replaced by CRLF the next time Git touches it
warning: in the working copy of '.claude/hooks/pulse/pulse-proactive-intel.sh', LF will be replaced by CRLF the next time Git touches it
warning: in the working copy of '.claude/hooks/pulse/pulse-self-heal.sh', LF will be replaced by CRLF the next time Git touches it
warning: in the working copy of '.claude/hooks/pulse/pulse-session-continuity.sh', LF will be replaced by CRLF the next time Git touches it
warning: in the working copy of '.claude/hooks/pulse/pulse-session-end.sh', LF will be replaced by CRLF the next time Git touches it
warning: in the working copy of '.claude/hooks/pulse/pulse-skill-discovery.sh', LF will be replaced by CRLF the next time Git touches it
warning: in the working copy of '.claude/hooks/pulse/pulse-smart-router.sh', LF will be replaced by CRLF the next time Git touches it
warning: in the working copy of '.claude/hooks/pulse/pulse-team-orchestrator.sh', LF will be replaced by CRLF the next time Git touches it
warning: in the working copy of '.claude/hooks/pulse/pulse-watchdog.sh', LF will be replaced by CRLF the next time Git touches it
warning: in the working copy of '.claude/hooks/util/configure-rdp-mode.sh', LF will be replaced by CRLF the next time Git touches it
warning: in the working copy of '.claude/hooks/util/github-star-reminder.sh', LF will be replaced by CRLF the next time Git touches it
warning: in the working copy of '.claude/hooks/util/learn-manager.sh', LF will be replaced by CRLF the next time Git touches it
warning: in the working copy of '.claude/hooks/util/migrate-background-music.sh', LF will be replaced by CRLF the next time Git touches it
warning: in the working copy of '.claude/hooks/util/migrate-to-agentvibes.sh', LF will be replaced by CRLF the next time Git touches it
warning: in the working copy of '.claude/hooks/util/session-memory-save.sh', LF will be replaced by CRLF the next time Git touches it
warning: in the working copy of '.claude/hooks/voice/audio-processor.sh', LF will be replaced by CRLF the next time Git touches it
warning: in the working copy of '.claude/hooks/voice/background-music-manager.sh', LF will be replaced by CRLF the next time Git touches it
warning: in the working copy of '.claude/hooks/voice/bmad-party-manager.sh', LF will be replaced by CRLF the next time Git touches it
warning: in the working copy of '.claude/hooks/voice/bmad-speak-enhanced.sh', LF will be replaced by CRLF the next time Git touches it
warning: in the working copy of '.claude/hooks/voice/bmad-speak.sh', LF will be replaced by CRLF the next time Git touches it
warning: in the working copy of '.claude/hooks/voice/bmad-tts-injector.sh', LF will be replaced by CRLF the next time Git touches it
warning: in the working copy of '.claude/hooks/voice/bmad-voice-manager.sh', LF will be replaced by CRLF the next time Git touches it
warning: in the working copy of '.claude/hooks/voice/bootstrap-voice.sh', LF will be replaced by CRLF the next time Git touches it
warning: in the working copy of '.claude/hooks/voice/download-extra-voices.sh', LF will be replaced by CRLF the next time Git touches it
warning: in the working copy of '.claude/hooks/voice/effects-manager.sh', LF will be replaced by CRLF the next time Git touches it
warning: in the working copy of '.claude/hooks/voice/language-manager.sh', LF will be replaced by CRLF the next time Git touches it
warning: in the working copy of '.claude/hooks/voice/macos-voice-manager.sh', LF will be replaced by CRLF the next time Git touches it
warning: in the working copy of '.claude/hooks/voice/matrix-verify-voices.sh', LF will be replaced by CRLF the next time Git touches it
warning: in the working copy of '.claude/hooks/voice/optimize-background-music.sh', LF will be replaced by CRLF the next time Git touches it
warning: in the working copy of '.claude/hooks/voice/personality-manager.sh', LF will be replaced by CRLF the next time Git touches it
warning: in the working copy of '.claude/hooks/voice/piper-download-voices.sh', LF will be replaced by CRLF the next time Git touches it
warning: in the working copy of '.claude/hooks/voice/piper-installer.sh', LF will be replaced by CRLF the next time Git touches it
warning: in the working copy of '.claude/hooks/voice/piper-multispeaker-registry.sh', LF will be replaced by CRLF the next time Git touches it
warning: in the working copy of '.claude/hooks/voice/piper-voice-manager.sh', LF will be replaced by CRLF the next time Git touches it
warning: in the working copy of '.claude/hooks/voice/play-tts-enhanced.sh', LF will be replaced by CRLF the next time Git touches it
warning: in the working copy of '.claude/hooks/voice/play-tts-macos.sh', LF will be replaced by CRLF the next time Git touches it
warning: in the working copy of '.claude/hooks/voice/play-tts-piper.sh', LF will be replaced by CRLF the next time Git touches it
warning: in the working copy of '.claude/hooks/voice/play-tts.sh', LF will be replaced by CRLF the next time Git touches it
warning: in the working copy of '.claude/hooks/voice/provider-commands.sh', LF will be replaced by CRLF the next time Git touches it
warning: in the working copy of '.claude/hooks/voice/provider-manager.sh', LF will be replaced by CRLF the next time Git touches it
warning: in the working copy of '.claude/hooks/voice/quick-tts.sh', LF will be replaced by CRLF the next time Git touches it
warning: in the working copy of '.claude/hooks/voice/replay-target-audio.sh', LF will be replaced by CRLF the next time Git touches it
warning: in the working copy of '.claude/hooks/voice/sentiment-manager.sh', LF will be replaced by CRLF the next time Git touches it
warning: in the working copy of '.claude/hooks/voice/speed-manager.sh', LF will be replaced by CRLF the next time Git touches it
warning: in the working copy of '.claude/hooks/voice/translate-manager.sh', LF will be replaced by CRLF the next time Git touches it
warning: in the working copy of '.claude/hooks/voice/verbosity-manager.sh', LF will be replaced by CRLF the next time Git touches it
warning: in the working copy of 'psi/state/pulse/events.jsonl', LF will be replaced by CRLF the next time Git touches it
[VectorDB] Using Transformers.js with model: multilingual-e5-base
[VectorDB] Failed to initialize: 4645 |     if (offlineError(err)) {
4646 |       throw new ChromaConnectionError(
4647 |         "Failed to connect to chromadb. Make sure your server is running and try again. If you are running from a browser, make sure that your chromadb instance is configured to allow requests from the current origin using the CHROMA_SERVER_CORS_ALLOW_ORIGINS environment variable."
4648 |       );
4649 |     }
4650 |     throw new ChromaConnectionError("Failed to connect to Chroma");
                 ^
ChromaConnectionError: Failed to connect to Chroma
 cause: undefined,

      at <anonymous> (C:\Users\jsanitareephon\.bun\install\cache\chromadb@3.4.0@@@1\dist\chromadb.mjs:4650:11)
      at async <anonymous> (C:\Users\jsanitareephon\.bun\install\cache\chromadb@3.4.0@@@1\dist\chromadb.mjs:338:32)
      at async getOrCreateCollection (C:\Users\jsanitareephon\.bun\install\cache\chromadb@3.4.0@@@1\dist\chromadb.mjs:5154:46)
      at async initVectorDB (C:\Workspace\Dev\the-matrix\src\memory\vector-db.ts:500:33)
      at async saveCurrentSession (C:\Workspace\Dev\the-matrix\scripts\memory\save-session.ts:723:11)

$ bun run scripts/memory/index.ts learn "C:/Workspace/Dev/the-matrix/psi/memory/sessions/2026-03/2026-03-20_14.01_auto-pulse.md"
[VectorDB] Using Transformers.js with model: multilingual-e5-base
[VectorDB] Failed to initialize: 4645 |     if (offlineError(err)) {
4646 |       throw new ChromaConnectionError(
4647 |         "Failed to connect to chromadb. Make sure your server is running and try again. If you are running from a browser, make sure that your chromadb instance is configured to allow requests from the current origin using the CHROMA_SERVER_CORS_ALLOW_ORIGINS environment variable."
4648 |       );
4649 |     }
4650 |     throw new ChromaConnectionError("Failed to connect to Chroma");
                 ^
ChromaConnectionError: Failed to connect to Chroma
 cause: undefined,

      at <anonymous> (C:\Users\jsanitareephon\.bun\install\cache\chromadb@3.4.0@@@1\dist\chromadb.mjs:4650:11)
      at async <anonymous> (C:\Users\jsanitareephon\.bun\install\cache\chromadb@3.4.0@@@1\dist\chromadb.mjs:338:32)
      at async getOrCreateCollection (C:\Users\jsanitareephon\.bun\install\cache\chromadb@3.4.0@@@1\dist\chromadb.mjs:5154:46)
      at async initVectorDB (C:\Workspace\Dev\the-matrix\src\memory\vector-db.ts:500:33)
      at async saveLearning (C:\Workspace\Dev\the-matrix\scripts\memory\learn.ts:578:11)
      at async learnFromFile (C:\Workspace\Dev\the-matrix\scripts\memory\learn.ts:157:15)
      at async main (C:\Workspace\Dev\the-matrix\scripts\memory\learn.ts:720:15)

$ bun run scripts/memory/index.ts save "Auto-saved session via pulse hook"
The system cannot find the path specified.
The system cannot find the path specified.
The system cannot find the path specified.
The system cannot find the path specified.
warning: in the working copy of '.claude/hooks/core/matrix-activate-agent.sh', LF will be replaced by CRLF the next time Git touches it
warning: in the working copy of '.claude/hooks/core/matrix-artifact.sh', LF will be replaced by CRLF the next time Git touches it
warning: in the working copy of '.claude/hooks/core/matrix-comm.sh', LF will be replaced by CRLF the next time Git touches it
warning: in the working copy of '.claude/hooks/core/matrix-diagnostic.sh', LF will be replaced by CRLF the next time Git touches it
warning: in the working copy of '.claude/hooks/core/matrix-dispatch.sh', LF will be replaced by CRLF the next time Git touches it
warning: in the working copy of '.claude/hooks/core/matrix-lock-check.sh', LF will be replaced by CRLF the next time Git touches it
warning: in the working copy of '.claude/hooks/core/matrix-permission-gate.sh', LF will be replaced by CRLF the next time Git touches it
warning: in the working copy of '.claude/hooks/core/matrix-return.sh', LF will be replaced by CRLF the next time Git touches it
warning: in the working copy of '.claude/hooks/core/matrix-services.sh', LF will be replaced by CRLF the next time Git touches it
warning: in the working copy of '.claude/hooks/core/matrix-session-start.sh', LF will be replaced by CRLF the next time Git touches it
warning: in the working copy of '.claude/hooks/core/matrix-source-bash-guard.sh', LF will be replaced by CRLF the next time Git touches it
warning: in the working copy of '.claude/hooks/core/matrix-source-guard.sh', LF will be replaced by CRLF the next time Git touches it
warning: in the working copy of '.claude/hooks/core/matrix-spawn.sh', LF will be replaced by CRLF the next time Git touches it
warning: in the working copy of '.claude/hooks/core/matrix-subagent-complete.sh', LF will be replaced by CRLF the next time Git touches it
warning: in the working copy of '.claude/hooks/core/matrix-subagent-start.sh', LF will be replaced by CRLF the next time Git touches it
warning: in the working copy of '.claude/hooks/core/matrix-task-completed.sh', LF will be replaced by CRLF the next time Git touches it
warning: in the working copy of '.claude/hooks/core/matrix-teammate-idle.sh', LF will be replaced by CRLF the next time Git touches it
warning: in the working copy of '.claude/hooks/core/stop.sh', LF will be replaced by CRLF the next time Git touches it
warning: in the working copy of '.claude/hooks/pulse/pulse-agent-messenger.sh', LF will be replaced by CRLF the next time Git touches it
warning: in the working copy of '.claude/hooks/pulse/pulse-auto-evolve.sh', LF will be replaced by CRLF the next time Git touches it
warning: in the working copy of '.claude/hooks/pulse/pulse-auto-git.sh', LF will be replaced by CRLF the next time Git touches it
warning: in the working copy of '.claude/hooks/pulse/pulse-context-compressor.sh', LF will be replaced by CRLF the next time Git touches it
warning: in the working copy of '.claude/hooks/pulse/pulse-context-loader.sh', LF will be replaced by CRLF the next time Git touches it
warning: in the working copy of '.claude/hooks/pulse/pulse-dashboard.sh', LF will be replaced by CRLF the next time Git touches it
warning: in the working copy of '.claude/hooks/pulse/pulse-dispatch-bundler.sh', LF will be replaced by CRLF the next time Git touches it
warning: in the working copy of '.claude/hooks/pulse/pulse-dispatch-learner.sh', LF will be replaced by CRLF the next time Git touches it
warning: in the working copy of '.claude/hooks/pulse/pulse-event-dispatcher.sh', LF will be replaced by CRLF the next time Git touches it
warning: in the working copy of '.claude/hooks/pulse/pulse-event-writer.sh', LF will be replaced by CRLF the next time Git touches it
warning: in the working copy of '.claude/hooks/pulse/pulse-metrics.sh', LF will be replaced by CRLF the next time Git touches it
warning: in the working copy of '.claude/hooks/pulse/pulse-notification-intel.sh', LF will be replaced by CRLF the next time Git touches it
warning: in the working copy of '.claude/hooks/pulse/pulse-pattern-scanner.sh', LF will be replaced by CRLF the next time Git touches it
warning: in the working copy of '.claude/hooks/pulse/pulse-post-action.sh', LF will be replaced by CRLF the next time Git touches it
warning: in the working copy of '.claude/hooks/pulse/pulse-pre-compact.sh', LF will be replaced by CRLF the next time Git touches it
warning: in the working copy of '.claude/hooks/pulse/pulse-proactive-boot.sh', LF will be replaced by CRLF the next time Git touches it
warning: in the working copy of '.claude/hooks/pulse/pulse-proactive-intel.sh', LF will be replaced by CRLF the next time Git touches it
warning: in the working copy of '.claude/hooks/pulse/pulse-self-heal.sh', LF will be replaced by CRLF the next time Git touches it
warning: in the working copy of '.claude/hooks/pulse/pulse-session-continuity.sh', LF will be replaced by CRLF the next time Git touches it
warning: in the working copy of '.claude/hooks/pulse/pulse-session-end.sh', LF will be replaced by CRLF the next time Git touches it
warning: in the working copy of '.claude/hooks/pulse/pulse-skill-discovery.sh', LF will be replaced by CRLF the next time Git touches it
warning: in the working copy of '.claude/hooks/pulse/pulse-smart-router.sh', LF will be replaced by CRLF the next time Git touches it
warning: in the working copy of '.claude/hooks/pulse/pulse-team-orchestrator.sh', LF will be replaced by CRLF the next time Git touches it
warning: in the working copy of '.claude/hooks/pulse/pulse-watchdog.sh', LF will be replaced by CRLF the next time Git touches it
warning: in the working copy of '.claude/hooks/util/configure-rdp-mode.sh', LF will be replaced by CRLF the next time Git touches it
warning: in the working copy of '.claude/hooks/util/github-star-reminder.sh', LF will be replaced by CRLF the next time Git touches it
warning: in the working copy of '.claude/hooks/util/learn-manager.sh', LF will be replaced by CRLF the next time Git touches it
warning: in the working copy of '.claude/hooks/util/migrate-background-music.sh', LF will be replaced by CRLF the next time Git touches it
warning: in the working copy of '.claude/hooks/util/migrate-to-agentvibes.sh', LF will be replaced by CRLF the next time Git touches it
warning: in the working copy of '.claude/hooks/util/session-memory-save.sh', LF will be replaced by CRLF the next time Git touches it
warning: in the working copy of '.claude/hooks/voice/audio-processor.sh', LF will be replaced by CRLF the next time Git touches it
warning: in the working copy of '.claude/hooks/voice/background-music-manager.sh', LF will be replaced by CRLF the next time Git touches it
warning: in the working copy of '.claude/hooks/voice/bmad-party-manager.sh', LF will be replaced by CRLF the next time Git touches it
warning: in the working copy of '.claude/hooks/voice/bmad-speak-enhanced.sh', LF will be replaced by CRLF the next time Git touches it
warning: in the working copy of '.claude/hooks/voice/bmad-speak.sh', LF will be replaced by CRLF the next time Git touches it
warning: in the working copy of '.claude/hooks/voice/bmad-tts-injector.sh', LF will be replaced by CRLF the next time Git touches it
warning: in the working copy of '.claude/hooks/voice/bmad-voice-manager.sh', LF will be replaced by CRLF the next time Git touches it
warning: in the working copy of '.claude/hooks/voice/bootstrap-voice.sh', LF will be replaced by CRLF the next time Git touches it
warning: in the working copy of '.claude/hooks/voice/download-extra-voices.sh', LF will be replaced by CRLF the next time Git touches it
warning: in the working copy of '.claude/hooks/voice/effects-manager.sh', LF will be replaced by CRLF the next time Git touches it
warning: in the working copy of '.claude/hooks/voice/language-manager.sh', LF will be replaced by CRLF the next time Git touches it
warning: in the working copy of '.claude/hooks/voice/macos-voice-manager.sh', LF will be replaced by CRLF the next time Git touches it
warning: in the working copy of '.claude/hooks/voice/matrix-verify-voices.sh', LF will be replaced by CRLF the next time Git touches it
warning: in the working copy of '.claude/hooks/voice/optimize-background-music.sh', LF will be replaced by CRLF the next time Git touches it
warning: in the working copy of '.claude/hooks/voice/personality-manager.sh', LF will be replaced by CRLF the next time Git touches it
warning: in the working copy of '.claude/hooks/voice/piper-download-voices.sh', LF will be replaced by CRLF the next time Git touches it
warning: in the working copy of '.claude/hooks/voice/piper-installer.sh', LF will be replaced by CRLF the next time Git touches it
warning: in the working copy of '.claude/hooks/voice/piper-multispeaker-registry.sh', LF will be replaced by CRLF the next time Git touches it
warning: in the working copy of '.claude/hooks/voice/piper-voice-manager.sh', LF will be replaced by CRLF the next time Git touches it
warning: in the working copy of '.claude/hooks/voice/play-tts-enhanced.sh', LF will be replaced by CRLF the next time Git touches it
warning: in the working copy of '.claude/hooks/voice/play-tts-macos.sh', LF will be replaced by CRLF the next time Git touches it
warning: in the working copy of '.claude/hooks/voice/play-tts-piper.sh', LF will be replaced by CRLF the next time Git touches it
warning: in the working copy of '.claude/hooks/voice/play-tts.sh', LF will be replaced by CRLF the next time Git touches it
warning: in the working copy of '.claude/hooks/voice/provider-commands.sh', LF will be replaced by CRLF the next time Git touches it
warning: in the working copy of '.claude/hooks/voice/provider-manager.sh', LF will be replaced by CRLF the next time Git touches it
warning: in the working copy of '.claude/hooks/voice/quick-tts.sh', LF will be replaced by CRLF the next time Git touches it
warning: in the working copy of '.claude/hooks/voice/replay-target-audio.sh', LF will be replaced by CRLF the next time Git touches it
warning: in the working copy of '.claude/hooks/voice/sentiment-manager.sh', LF will be replaced by CRLF the next time Git touches it
warning: in the working copy of '.claude/hooks/voice/speed-manager.sh', LF will be replaced by CRLF the next time Git touches it
warning: in the working copy of '.claude/hooks/voice/translate-manager.sh', LF will be replaced by CRLF the next time Git touches it
warning: in the working copy of '.claude/hooks/voice/verbosity-manager.sh', LF will be replaced by CRLF the next time Git touches it
warning: in the working copy of 'psi/state/pulse/events.jsonl', LF will be replaced by CRLF the next time Git touches it
warning: in the working copy of 'psi/state/pulse/memory-errors.log', LF will be replaced by CRLF the next time Git touches it
warning: in the working copy of '.claude/hooks/core/matrix-activate-agent.sh', LF will be replaced by CRLF the next time Git touches it
warning: in the working copy of '.claude/hooks/core/matrix-artifact.sh', LF will be replaced by CRLF the next time Git touches it
warning: in the working copy of '.claude/hooks/core/matrix-comm.sh', LF will be replaced by CRLF the next time Git touches it
warning: in the working copy of '.claude/hooks/core/matrix-diagnostic.sh', LF will be replaced by CRLF the next time Git touches it
warning: in the working copy of '.claude/hooks/core/matrix-dispatch.sh', LF will be replaced by CRLF the next time Git touches it
warning: in the working copy of '.claude/hooks/core/matrix-lock-check.sh', LF will be replaced by CRLF the next time Git touches it
warning: in the working copy of '.claude/hooks/core/matrix-permission-gate.sh', LF will be replaced by CRLF the next time Git touches it
warning: in the working copy of '.claude/hooks/core/matrix-return.sh', LF will be replaced by CRLF the next time Git touches it
warning: in the working copy of '.claude/hooks/core/matrix-services.sh', LF will be replaced by CRLF the next time Git touches it
warning: in the working copy of '.claude/hooks/core/matrix-session-start.sh', LF will be replaced by CRLF the next time Git touches it
warning: in the working copy of '.claude/hooks/core/matrix-source-bash-guard.sh', LF will be replaced by CRLF the next time Git touches it
warning: in the working copy of '.claude/hooks/core/matrix-source-guard.sh', LF will be replaced by CRLF the next time Git touches it
warning: in the working copy of '.claude/hooks/core/matrix-spawn.sh', LF will be replaced by CRLF the next time Git touches it
warning: in the working copy of '.claude/hooks/core/matrix-subagent-complete.sh', LF will be replaced by CRLF the next time Git touches it
warning: in the working copy of '.claude/hooks/core/matrix-subagent-start.sh', LF will be replaced by CRLF the next time Git touches it
warning: in the working copy of '.claude/hooks/core/matrix-task-completed.sh', LF will be replaced by CRLF the next time Git touches it
warning: in the working copy of '.claude/hooks/core/matrix-teammate-idle.sh', LF will be replaced by CRLF the next time Git touches it
warning: in the working copy of '.claude/hooks/core/stop.sh', LF will be replaced by CRLF the next time Git touches it
warning: in the working copy of '.claude/hooks/pulse/pulse-agent-messenger.sh', LF will be replaced by CRLF the next time Git touches it
warning: in the working copy of '.claude/hooks/pulse/pulse-auto-evolve.sh', LF will be replaced by CRLF the next time Git touches it
warning: in the working copy of '.claude/hooks/pulse/pulse-auto-git.sh', LF will be replaced by CRLF the next time Git touches it
warning: in the working copy of '.claude/hooks/pulse/pulse-context-compressor.sh', LF will be replaced by CRLF the next time Git touches it
warning: in the working copy of '.claude/hooks/pulse/pulse-context-loader.sh', LF will be replaced by CRLF the next time Git touches it
warning: in the working copy of '.claude/hooks/pulse/pulse-dashboard.sh', LF will be replaced by CRLF the next time Git touches it
warning: in the working copy of '.claude/hooks/pulse/pulse-dispatch-bundler.sh', LF will be replaced by CRLF the next time Git touches it
warning: in the working copy of '.claude/hooks/pulse/pulse-dispatch-learner.sh', LF will be replaced by CRLF the next time Git touches it
warning: in the working copy of '.claude/hooks/pulse/pulse-event-dispatcher.sh', LF will be replaced by CRLF the next time Git touches it
warning: in the working copy of '.claude/hooks/pulse/pulse-event-writer.sh', LF will be replaced by CRLF the next time Git touches it
warning: in the working copy of '.claude/hooks/pulse/pulse-metrics.sh', LF will be replaced by CRLF the next time Git touches it
warning: in the working copy of '.claude/hooks/pulse/pulse-notification-intel.sh', LF will be replaced by CRLF the next time Git touches it
warning: in the working copy of '.claude/hooks/pulse/pulse-pattern-scanner.sh', LF will be replaced by CRLF the next time Git touches it
warning: in the working copy of '.claude/hooks/pulse/pulse-post-action.sh', LF will be replaced by CRLF the next time Git touches it
warning: in the working copy of '.claude/hooks/pulse/pulse-pre-compact.sh', LF will be replaced by CRLF the next time Git touches it
warning: in the working copy of '.claude/hooks/pulse/pulse-proactive-boot.sh', LF will be replaced by CRLF the next time Git touches it
warning: in the working copy of '.claude/hooks/pulse/pulse-proactive-intel.sh', LF will be replaced by CRLF the next time Git touches it
warning: in the working copy of '.claude/hooks/pulse/pulse-self-heal.sh', LF will be replaced by CRLF the next time Git touches it
warning: in the working copy of '.claude/hooks/pulse/pulse-session-continuity.sh', LF will be replaced by CRLF the next time Git touches it
warning: in the working copy of '.claude/hooks/pulse/pulse-session-end.sh', LF will be replaced by CRLF the next time Git touches it
warning: in the working copy of '.claude/hooks/pulse/pulse-skill-discovery.sh', LF will be replaced by CRLF the next time Git touches it
warning: in the working copy of '.claude/hooks/pulse/pulse-smart-router.sh', LF will be replaced by CRLF the next time Git touches it
warning: in the working copy of '.claude/hooks/pulse/pulse-team-orchestrator.sh', LF will be replaced by CRLF the next time Git touches it
warning: in the working copy of '.claude/hooks/pulse/pulse-watchdog.sh', LF will be replaced by CRLF the next time Git touches it
warning: in the working copy of '.claude/hooks/util/configure-rdp-mode.sh', LF will be replaced by CRLF the next time Git touches it
warning: in the working copy of '.claude/hooks/util/github-star-reminder.sh', LF will be replaced by CRLF the next time Git touches it
warning: in the working copy of '.claude/hooks/util/learn-manager.sh', LF will be replaced by CRLF the next time Git touches it
warning: in the working copy of '.claude/hooks/util/migrate-background-music.sh', LF will be replaced by CRLF the next time Git touches it
warning: in the working copy of '.claude/hooks/util/migrate-to-agentvibes.sh', LF will be replaced by CRLF the next time Git touches it
warning: in the working copy of '.claude/hooks/util/session-memory-save.sh', LF will be replaced by CRLF the next time Git touches it
warning: in the working copy of '.claude/hooks/voice/audio-processor.sh', LF will be replaced by CRLF the next time Git touches it
warning: in the working copy of '.claude/hooks/voice/background-music-manager.sh', LF will be replaced by CRLF the next time Git touches it
warning: in the working copy of '.claude/hooks/voice/bmad-party-manager.sh', LF will be replaced by CRLF the next time Git touches it
warning: in the working copy of '.claude/hooks/voice/bmad-speak-enhanced.sh', LF will be replaced by CRLF the next time Git touches it
warning: in the working copy of '.claude/hooks/voice/bmad-speak.sh', LF will be replaced by CRLF the next time Git touches it
warning: in the working copy of '.claude/hooks/voice/bmad-tts-injector.sh', LF will be replaced by CRLF the next time Git touches it
warning: in the working copy of '.claude/hooks/voice/bmad-voice-manager.sh', LF will be replaced by CRLF the next time Git touches it
warning: in the working copy of '.claude/hooks/voice/bootstrap-voice.sh', LF will be replaced by CRLF the next time Git touches it
warning: in the working copy of '.claude/hooks/voice/download-extra-voices.sh', LF will be replaced by CRLF the next time Git touches it
warning: in the working copy of '.claude/hooks/voice/effects-manager.sh', LF will be replaced by CRLF the next time Git touches it
warning: in the working copy of '.claude/hooks/voice/language-manager.sh', LF will be replaced by CRLF the next time Git touches it
warning: in the working copy of '.claude/hooks/voice/macos-voice-manager.sh', LF will be replaced by CRLF the next time Git touches it
warning: in the working copy of '.claude/hooks/voice/matrix-verify-voices.sh', LF will be replaced by CRLF the next time Git touches it
warning: in the working copy of '.claude/hooks/voice/optimize-background-music.sh', LF will be replaced by CRLF the next time Git touches it
warning: in the working copy of '.claude/hooks/voice/personality-manager.sh', LF will be replaced by CRLF the next time Git touches it
warning: in the working copy of '.claude/hooks/voice/piper-download-voices.sh', LF will be replaced by CRLF the next time Git touches it
warning: in the working copy of '.claude/hooks/voice/piper-installer.sh', LF will be replaced by CRLF the next time Git touches it
warning: in the working copy of '.claude/hooks/voice/piper-multispeaker-registry.sh', LF will be replaced by CRLF the next time Git touches it
warning: in the working copy of '.claude/hooks/voice/piper-voice-manager.sh', LF will be replaced by CRLF the next time Git touches it
warning: in the working copy of '.claude/hooks/voice/play-tts-enhanced.sh', LF will be replaced by CRLF the next time Git touches it
warning: in the working copy of '.claude/hooks/voice/play-tts-macos.sh', LF will be replaced by CRLF the next time Git touches it
warning: in the working copy of '.claude/hooks/voice/play-tts-piper.sh', LF will be replaced by CRLF the next time Git touches it
warning: in the working copy of '.claude/hooks/voice/play-tts.sh', LF will be replaced by CRLF the next time Git touches it
warning: in the working copy of '.claude/hooks/voice/provider-commands.sh', LF will be replaced by CRLF the next time Git touches it
warning: in the working copy of '.claude/hooks/voice/provider-manager.sh', LF will be replaced by CRLF the next time Git touches it
warning: in the working copy of '.claude/hooks/voice/quick-tts.sh', LF will be replaced by CRLF the next time Git touches it
warning: in the working copy of '.claude/hooks/voice/replay-target-audio.sh', LF will be replaced by CRLF the next time Git touches it
warning: in the working copy of '.claude/hooks/voice/sentiment-manager.sh', LF will be replaced by CRLF the next time Git touches it
warning: in the working copy of '.claude/hooks/voice/speed-manager.sh', LF will be replaced by CRLF the next time Git touches it
warning: in the working copy of '.claude/hooks/voice/translate-manager.sh', LF will be replaced by CRLF the next time Git touches it
warning: in the working copy of '.claude/hooks/voice/verbosity-manager.sh', LF will be replaced by CRLF the next time Git touches it
warning: in the working copy of 'psi/state/pulse/events.jsonl', LF will be replaced by CRLF the next time Git touches it
warning: in the working copy of 'psi/state/pulse/memory-errors.log', LF will be replaced by CRLF the next time Git touches it
[VectorDB] Using Transformers.js with model: multilingual-e5-base
[VectorDB] Failed to initialize: 4645 |     if (offlineError(err)) {
4646 |       throw new ChromaConnectionError(
4647 |         "Failed to connect to chromadb. Make sure your server is running and try again. If you are running from a browser, make sure that your chromadb instance is configured to allow requests from the current origin using the CHROMA_SERVER_CORS_ALLOW_ORIGINS environment variable."
4648 |       );
4649 |     }
4650 |     throw new ChromaConnectionError("Failed to connect to Chroma");
                 ^
ChromaConnectionError: Failed to connect to Chroma
 cause: undefined,

      at <anonymous> (C:\Users\jsanitareephon\.bun\install\cache\chromadb@3.4.0@@@1\dist\chromadb.mjs:4650:11)
      at async <anonymous> (C:\Users\jsanitareephon\.bun\install\cache\chromadb@3.4.0@@@1\dist\chromadb.mjs:338:32)
      at async getOrCreateCollection (C:\Users\jsanitareephon\.bun\install\cache\chromadb@3.4.0@@@1\dist\chromadb.mjs:5154:46)
      at async initVectorDB (C:\Workspace\Dev\the-matrix\src\memory\vector-db.ts:500:33)
      at async saveCurrentSession (C:\Workspace\Dev\the-matrix\scripts\memory\save-session.ts:723:11)

$ bun run scripts/memory/index.ts learn "C:/Workspace/Dev/the-matrix/psi/memory/sessions/2026-03/2026-03-20_14.01_auto-pulse.md"
[VectorDB] Using Transformers.js with model: multilingual-e5-base
[VectorDB] Failed to initialize: 4645 |     if (offlineError(err)) {
4646 |       throw new ChromaConnectionError(
4647 |         "Failed to connect to chromadb. Make sure your server is running and try again. If you are running from a browser, make sure that your chromadb instance is configured to allow requests from the current origin using the CHROMA_SERVER_CORS_ALLOW_ORIGINS environment variable."
4648 |       );
4649 |     }
4650 |     throw new ChromaConnectionError("Failed to connect to Chroma");
                 ^
ChromaConnectionError: Failed to connect to Chroma
 cause: undefined,

      at <anonymous> (C:\Users\jsanitareephon\.bun\install\cache\chromadb@3.4.0@@@1\dist\chromadb.mjs:4650:11)
      at async <anonymous> (C:\Users\jsanitareephon\.bun\install\cache\chromadb@3.4.0@@@1\dist\chromadb.mjs:338:32)
      at async getOrCreateCollection (C:\Users\jsanitareephon\.bun\install\cache\chromadb@3.4.0@@@1\dist\chromadb.mjs:5154:46)
      at async initVectorDB (C:\Workspace\Dev\the-matrix\src\memory\vector-db.ts:500:33)
      at async saveLearning (C:\Workspace\Dev\the-matrix\scripts\memory\learn.ts:578:11)
      at async learnFromFile (C:\Workspace\Dev\the-matrix\scripts\memory\learn.ts:157:15)
      at async main (C:\Workspace\Dev\the-matrix\scripts\memory\learn.ts:720:15)

$ bun run scripts/memory/index.ts save "Auto-saved session via pulse hook"
The system cannot find the path specified.
The system cannot find the path specified.
The system cannot find the path specified.
The system cannot find the path specified.
warning: in the working copy of '.claude/hooks/core/matrix-activate-agent.sh', LF will be replaced by CRLF the next time Git touches it
warning: in the working copy of '.claude/hooks/core/matrix-artifact.sh', LF will be replaced by CRLF the next time Git touches it
warning: in the working copy of '.claude/hooks/core/matrix-comm.sh', LF will be replaced by CRLF the next time Git touches it
warning: in the working copy of '.claude/hooks/core/matrix-diagnostic.sh', LF will be replaced by CRLF the next time Git touches it
warning: in the working copy of '.claude/hooks/core/matrix-dispatch.sh', LF will be replaced by CRLF the next time Git touches it
warning: in the working copy of '.claude/hooks/core/matrix-lock-check.sh', LF will be replaced by CRLF the next time Git touches it
warning: in the working copy of '.claude/hooks/core/matrix-permission-gate.sh', LF will be replaced by CRLF the next time Git touches it
warning: in the working copy of '.claude/hooks/core/matrix-return.sh', LF will be replaced by CRLF the next time Git touches it
warning: in the working copy of '.claude/hooks/core/matrix-services.sh', LF will be replaced by CRLF the next time Git touches it
warning: in the working copy of '.claude/hooks/core/matrix-session-start.sh', LF will be replaced by CRLF the next time Git touches it
warning: in the working copy of '.claude/hooks/core/matrix-source-bash-guard.sh', LF will be replaced by CRLF the next time Git touches it
warning: in the working copy of '.claude/hooks/core/matrix-source-guard.sh', LF will be replaced by CRLF the next time Git touches it
warning: in the working copy of '.claude/hooks/core/matrix-spawn.sh', LF will be replaced by CRLF the next time Git touches it
warning: in the working copy of '.claude/hooks/core/matrix-subagent-complete.sh', LF will be replaced by CRLF the next time Git touches it
warning: in the working copy of '.claude/hooks/core/matrix-subagent-start.sh', LF will be replaced by CRLF the next time Git touches it
warning: in the working copy of '.claude/hooks/core/matrix-task-completed.sh', LF will be replaced by CRLF the next time Git touches it
warning: in the working copy of '.claude/hooks/core/matrix-teammate-idle.sh', LF will be replaced by CRLF the next time Git touches it
warning: in the working copy of '.claude/hooks/core/stop.sh', LF will be replaced by CRLF the next time Git touches it
warning: in the working copy of '.claude/hooks/pulse/pulse-agent-messenger.sh', LF will be replaced by CRLF the next time Git touches it
warning: in the working copy of '.claude/hooks/pulse/pulse-auto-evolve.sh', LF will be replaced by CRLF the next time Git touches it
warning: in the working copy of '.claude/hooks/pulse/pulse-auto-git.sh', LF will be replaced by CRLF the next time Git touches it
warning: in the working copy of '.claude/hooks/pulse/pulse-context-compressor.sh', LF will be replaced by CRLF the next time Git touches it
warning: in the working copy of '.claude/hooks/pulse/pulse-context-loader.sh', LF will be replaced by CRLF the next time Git touches it
warning: in the working copy of '.claude/hooks/pulse/pulse-dashboard.sh', LF will be replaced by CRLF the next time Git touches it
warning: in the working copy of '.claude/hooks/pulse/pulse-dispatch-bundler.sh', LF will be replaced by CRLF the next time Git touches it
warning: in the working copy of '.claude/hooks/pulse/pulse-dispatch-learner.sh', LF will be replaced by CRLF the next time Git touches it
warning: in the working copy of '.claude/hooks/pulse/pulse-event-dispatcher.sh', LF will be replaced by CRLF the next time Git touches it
warning: in the working copy of '.claude/hooks/pulse/pulse-event-writer.sh', LF will be replaced by CRLF the next time Git touches it
warning: in the working copy of '.claude/hooks/pulse/pulse-metrics.sh', LF will be replaced by CRLF the next time Git touches it
warning: in the working copy of '.claude/hooks/pulse/pulse-notification-intel.sh', LF will be replaced by CRLF the next time Git touches it
warning: in the working copy of '.claude/hooks/pulse/pulse-pattern-scanner.sh', LF will be replaced by CRLF the next time Git touches it
warning: in the working copy of '.claude/hooks/pulse/pulse-post-action.sh', LF will be replaced by CRLF the next time Git touches it
warning: in the working copy of '.claude/hooks/pulse/pulse-pre-compact.sh', LF will be replaced by CRLF the next time Git touches it
warning: in the working copy of '.claude/hooks/pulse/pulse-proactive-boot.sh', LF will be replaced by CRLF the next time Git touches it
warning: in the working copy of '.claude/hooks/pulse/pulse-proactive-intel.sh', LF will be replaced by CRLF the next time Git touches it
warning: in the working copy of '.claude/hooks/pulse/pulse-self-heal.sh', LF will be replaced by CRLF the next time Git touches it
warning: in the working copy of '.claude/hooks/pulse/pulse-session-continuity.sh', LF will be replaced by CRLF the next time Git touches it
warning: in the working copy of '.claude/hooks/pulse/pulse-session-end.sh', LF will be replaced by CRLF the next time Git touches it
warning: in the working copy of '.claude/hooks/pulse/pulse-skill-discovery.sh', LF will be replaced by CRLF the next time Git touches it
warning: in the working copy of '.claude/hooks/pulse/pulse-smart-router.sh', LF will be replaced by CRLF the next time Git touches it
warning: in the working copy of '.claude/hooks/pulse/pulse-team-orchestrator.sh', LF will be replaced by CRLF the next time Git touches it
warning: in the working copy of '.claude/hooks/pulse/pulse-watchdog.sh', LF will be replaced by CRLF the next time Git touches it
warning: in the working copy of '.claude/hooks/util/configure-rdp-mode.sh', LF will be replaced by CRLF the next time Git touches it
warning: in the working copy of '.claude/hooks/util/github-star-reminder.sh', LF will be replaced by CRLF the next time Git touches it
warning: in the working copy of '.claude/hooks/util/learn-manager.sh', LF will be replaced by CRLF the next time Git touches it
warning: in the working copy of '.claude/hooks/util/migrate-background-music.sh', LF will be replaced by CRLF the next time Git touches it
warning: in the working copy of '.claude/hooks/util/migrate-to-agentvibes.sh', LF will be replaced by CRLF the next time Git touches it
warning: in the working copy of '.claude/hooks/util/session-memory-save.sh', LF will be replaced by CRLF the next time Git touches it
warning: in the working copy of '.claude/hooks/voice/audio-processor.sh', LF will be replaced by CRLF the next time Git touches it
warning: in the working copy of '.claude/hooks/voice/background-music-manager.sh', LF will be replaced by CRLF the next time Git touches it
warning: in the working copy of '.claude/hooks/voice/bmad-party-manager.sh', LF will be replaced by CRLF the next time Git touches it
warning: in the working copy of '.claude/hooks/voice/bmad-speak-enhanced.sh', LF will be replaced by CRLF the next time Git touches it
warning: in the working copy of '.claude/hooks/voice/bmad-speak.sh', LF will be replaced by CRLF the next time Git touches it
warning: in the working copy of '.claude/hooks/voice/bmad-tts-injector.sh', LF will be replaced by CRLF the next time Git touches it
warning: in the working copy of '.claude/hooks/voice/bmad-voice-manager.sh', LF will be replaced by CRLF the next time Git touches it
warning: in the working copy of '.claude/hooks/voice/bootstrap-voice.sh', LF will be replaced by CRLF the next time Git touches it
warning: in the working copy of '.claude/hooks/voice/download-extra-voices.sh', LF will be replaced by CRLF the next time Git touches it
warning: in the working copy of '.claude/hooks/voice/effects-manager.sh', LF will be replaced by CRLF the next time Git touches it
warning: in the working copy of '.claude/hooks/voice/language-manager.sh', LF will be replaced by CRLF the next time Git touches it
warning: in the working copy of '.claude/hooks/voice/macos-voice-manager.sh', LF will be replaced by CRLF the next time Git touches it
warning: in the working copy of '.claude/hooks/voice/matrix-verify-voices.sh', LF will be replaced by CRLF the next time Git touches it
warning: in the working copy of '.claude/hooks/voice/optimize-background-music.sh', LF will be replaced by CRLF the next time Git touches it
warning: in the working copy of '.claude/hooks/voice/personality-manager.sh', LF will be replaced by CRLF the next time Git touches it
warning: in the working copy of '.claude/hooks/voice/piper-download-voices.sh', LF will be replaced by CRLF the next time Git touches it
warning: in the working copy of '.claude/hooks/voice/piper-installer.sh', LF will be replaced by CRLF the next time Git touches it
warning: in the working copy of '.claude/hooks/voice/piper-multispeaker-registry.sh', LF will be replaced by CRLF the next time Git touches it
warning: in the working copy of '.claude/hooks/voice/piper-voice-manager.sh', LF will be replaced by CRLF the next time Git touches it
warning: in the working copy of '.claude/hooks/voice/play-tts-enhanced.sh', LF will be replaced by CRLF the next time Git touches it
warning: in the working copy of '.claude/hooks/voice/play-tts-macos.sh', LF will be replaced by CRLF the next time Git touches it
warning: in the working copy of '.claude/hooks/voice/play-tts-piper.sh', LF will be replaced by CRLF the next time Git touches it
warning: in the working copy of '.claude/hooks/voice/play-tts.sh', LF will be replaced by CRLF the next time Git touches it
warning: in the working copy of '.claude/hooks/voice/provider-commands.sh', LF will be replaced by CRLF the next time Git touches it
warning: in the working copy of '.claude/hooks/voice/provider-manager.sh', LF will be replaced by CRLF the next time Git touches it
warning: in the working copy of '.claude/hooks/voice/quick-tts.sh', LF will be replaced by CRLF the next time Git touches it
warning: in the working copy of '.claude/hooks/voice/replay-target-audio.sh', LF will be replaced by CRLF the next time Git touches it
warning: in the working copy of '.claude/hooks/voice/sentiment-manager.sh', LF will be replaced by CRLF the next time Git touches it
warning: in the working copy of '.claude/hooks/voice/speed-manager.sh', LF will be replaced by CRLF the next time Git touches it
warning: in the working copy of '.claude/hooks/voice/translate-manager.sh', LF will be replaced by CRLF the next time Git touches it
warning: in the working copy of '.claude/hooks/voice/verbosity-manager.sh', LF will be replaced by CRLF the next time Git touches it
warning: in the working copy of 'psi/state/pulse/events.jsonl', LF will be replaced by CRLF the next time Git touches it
warning: in the working copy of 'psi/state/pulse/memory-errors.log', LF will be replaced by CRLF the next time Git touches it
warning: in the working copy of '.claude/hooks/core/matrix-activate-agent.sh', LF will be replaced by CRLF the next time Git touches it
warning: in the working copy of '.claude/hooks/core/matrix-artifact.sh', LF will be replaced by CRLF the next time Git touches it
warning: in the working copy of '.claude/hooks/core/matrix-comm.sh', LF will be replaced by CRLF the next time Git touches it
warning: in the working copy of '.claude/hooks/core/matrix-diagnostic.sh', LF will be replaced by CRLF the next time Git touches it
warning: in the working copy of '.claude/hooks/core/matrix-dispatch.sh', LF will be replaced by CRLF the next time Git touches it
warning: in the working copy of '.claude/hooks/core/matrix-lock-check.sh', LF will be replaced by CRLF the next time Git touches it
warning: in the working copy of '.claude/hooks/core/matrix-permission-gate.sh', LF will be replaced by CRLF the next time Git touches it
warning: in the working copy of '.claude/hooks/core/matrix-return.sh', LF will be replaced by CRLF the next time Git touches it
warning: in the working copy of '.claude/hooks/core/matrix-services.sh', LF will be replaced by CRLF the next time Git touches it
warning: in the working copy of '.claude/hooks/core/matrix-session-start.sh', LF will be replaced by CRLF the next time Git touches it
warning: in the working copy of '.claude/hooks/core/matrix-source-bash-guard.sh', LF will be replaced by CRLF the next time Git touches it
warning: in the working copy of '.claude/hooks/core/matrix-source-guard.sh', LF will be replaced by CRLF the next time Git touches it
warning: in the working copy of '.claude/hooks/core/matrix-spawn.sh', LF will be replaced by CRLF the next time Git touches it
warning: in the working copy of '.claude/hooks/core/matrix-subagent-complete.sh', LF will be replaced by CRLF the next time Git touches it
warning: in the working copy of '.claude/hooks/core/matrix-subagent-start.sh', LF will be replaced by CRLF the next time Git touches it
warning: in the working copy of '.claude/hooks/core/matrix-task-completed.sh', LF will be replaced by CRLF the next time Git touches it
warning: in the working copy of '.claude/hooks/core/matrix-teammate-idle.sh', LF will be replaced by CRLF the next time Git touches it
warning: in the working copy of '.claude/hooks/core/stop.sh', LF will be replaced by CRLF the next time Git touches it
warning: in the working copy of '.claude/hooks/pulse/pulse-agent-messenger.sh', LF will be replaced by CRLF the next time Git touches it
warning: in the working copy of '.claude/hooks/pulse/pulse-auto-evolve.sh', LF will be replaced by CRLF the next time Git touches it
warning: in the working copy of '.claude/hooks/pulse/pulse-auto-git.sh', LF will be replaced by CRLF the next time Git touches it
warning: in the working copy of '.claude/hooks/pulse/pulse-context-compressor.sh', LF will be replaced by CRLF the next time Git touches it
warning: in the working copy of '.claude/hooks/pulse/pulse-context-loader.sh', LF will be replaced by CRLF the next time Git touches it
warning: in the working copy of '.claude/hooks/pulse/pulse-dashboard.sh', LF will be replaced by CRLF the next time Git touches it
warning: in the working copy of '.claude/hooks/pulse/pulse-dispatch-bundler.sh', LF will be replaced by CRLF the next time Git touches it
warning: in the working copy of '.claude/hooks/pulse/pulse-dispatch-learner.sh', LF will be replaced by CRLF the next time Git touches it
warning: in the working copy of '.claude/hooks/pulse/pulse-event-dispatcher.sh', LF will be replaced by CRLF the next time Git touches it
warning: in the working copy of '.claude/hooks/pulse/pulse-event-writer.sh', LF will be replaced by CRLF the next time Git touches it
warning: in the working copy of '.claude/hooks/pulse/pulse-metrics.sh', LF will be replaced by CRLF the next time Git touches it
warning: in the working copy of '.claude/hooks/pulse/pulse-notification-intel.sh', LF will be replaced by CRLF the next time Git touches it
warning: in the working copy of '.claude/hooks/pulse/pulse-pattern-scanner.sh', LF will be replaced by CRLF the next time Git touches it
warning: in the working copy of '.claude/hooks/pulse/pulse-post-action.sh', LF will be replaced by CRLF the next time Git touches it
warning: in the working copy of '.claude/hooks/pulse/pulse-pre-compact.sh', LF will be replaced by CRLF the next time Git touches it
warning: in the working copy of '.claude/hooks/pulse/pulse-proactive-boot.sh', LF will be replaced by CRLF the next time Git touches it
warning: in the working copy of '.claude/hooks/pulse/pulse-proactive-intel.sh', LF will be replaced by CRLF the next time Git touches it
warning: in the working copy of '.claude/hooks/pulse/pulse-self-heal.sh', LF will be replaced by CRLF the next time Git touches it
warning: in the working copy of '.claude/hooks/pulse/pulse-session-continuity.sh', LF will be replaced by CRLF the next time Git touches it
warning: in the working copy of '.claude/hooks/pulse/pulse-session-end.sh', LF will be replaced by CRLF the next time Git touches it
warning: in the working copy of '.claude/hooks/pulse/pulse-skill-discovery.sh', LF will be replaced by CRLF the next time Git touches it
warning: in the working copy of '.claude/hooks/pulse/pulse-smart-router.sh', LF will be replaced by CRLF the next time Git touches it
warning: in the working copy of '.claude/hooks/pulse/pulse-team-orchestrator.sh', LF will be replaced by CRLF the next time Git touches it
warning: in the working copy of '.claude/hooks/pulse/pulse-watchdog.sh', LF will be replaced by CRLF the next time Git touches it
warning: in the working copy of '.claude/hooks/util/configure-rdp-mode.sh', LF will be replaced by CRLF the next time Git touches it
warning: in the working copy of '.claude/hooks/util/github-star-reminder.sh', LF will be replaced by CRLF the next time Git touches it
warning: in the working copy of '.claude/hooks/util/learn-manager.sh', LF will be replaced by CRLF the next time Git touches it
warning: in the working copy of '.claude/hooks/util/migrate-background-music.sh', LF will be replaced by CRLF the next time Git touches it
warning: in the working copy of '.claude/hooks/util/migrate-to-agentvibes.sh', LF will be replaced by CRLF the next time Git touches it
warning: in the working copy of '.claude/hooks/util/session-memory-save.sh', LF will be replaced by CRLF the next time Git touches it
warning: in the working copy of '.claude/hooks/voice/audio-processor.sh', LF will be replaced by CRLF the next time Git touches it
warning: in the working copy of '.claude/hooks/voice/background-music-manager.sh', LF will be replaced by CRLF the next time Git touches it
warning: in the working copy of '.claude/hooks/voice/bmad-party-manager.sh', LF will be replaced by CRLF the next time Git touches it
warning: in the working copy of '.claude/hooks/voice/bmad-speak-enhanced.sh', LF will be replaced by CRLF the next time Git touches it
warning: in the working copy of '.claude/hooks/voice/bmad-speak.sh', LF will be replaced by CRLF the next time Git touches it
warning: in the working copy of '.claude/hooks/voice/bmad-tts-injector.sh', LF will be replaced by CRLF the next time Git touches it
warning: in the working copy of '.claude/hooks/voice/bmad-voice-manager.sh', LF will be replaced by CRLF the next time Git touches it
warning: in the working copy of '.claude/hooks/voice/bootstrap-voice.sh', LF will be replaced by CRLF the next time Git touches it
warning: in the working copy of '.claude/hooks/voice/download-extra-voices.sh', LF will be replaced by CRLF the next time Git touches it
warning: in the working copy of '.claude/hooks/voice/effects-manager.sh', LF will be replaced by CRLF the next time Git touches it
warning: in the working copy of '.claude/hooks/voice/language-manager.sh', LF will be replaced by CRLF the next time Git touches it
warning: in the working copy of '.claude/hooks/voice/macos-voice-manager.sh', LF will be replaced by CRLF the next time Git touches it
warning: in the working copy of '.claude/hooks/voice/matrix-verify-voices.sh', LF will be replaced by CRLF the next time Git touches it
warning: in the working copy of '.claude/hooks/voice/optimize-background-music.sh', LF will be replaced by CRLF the next time Git touches it
warning: in the working copy of '.claude/hooks/voice/personality-manager.sh', LF will be replaced by CRLF the next time Git touches it
warning: in the working copy of '.claude/hooks/voice/piper-download-voices.sh', LF will be replaced by CRLF the next time Git touches it
warning: in the working copy of '.claude/hooks/voice/piper-installer.sh', LF will be replaced by CRLF the next time Git touches it
warning: in the working copy of '.claude/hooks/voice/piper-multispeaker-registry.sh', LF will be replaced by CRLF the next time Git touches it
warning: in the working copy of '.claude/hooks/voice/piper-voice-manager.sh', LF will be replaced by CRLF the next time Git touches it
warning: in the working copy of '.claude/hooks/voice/play-tts-enhanced.sh', LF will be replaced by CRLF the next time Git touches it
warning: in the working copy of '.claude/hooks/voice/play-tts-macos.sh', LF will be replaced by CRLF the next time Git touches it
warning: in the working copy of '.claude/hooks/voice/play-tts-piper.sh', LF will be replaced by CRLF the next time Git touches it
warning: in the working copy of '.claude/hooks/voice/play-tts.sh', LF will be replaced by CRLF the next time Git touches it
warning: in the working copy of '.claude/hooks/voice/provider-commands.sh', LF will be replaced by CRLF the next time Git touches it
warning: in the working copy of '.claude/hooks/voice/provider-manager.sh', LF will be replaced by CRLF the next time Git touches it
warning: in the working copy of '.claude/hooks/voice/quick-tts.sh', LF will be replaced by CRLF the next time Git touches it
warning: in the working copy of '.claude/hooks/voice/replay-target-audio.sh', LF will be replaced by CRLF the next time Git touches it
warning: in the working copy of '.claude/hooks/voice/sentiment-manager.sh', LF will be replaced by CRLF the next time Git touches it
warning: in the working copy of '.claude/hooks/voice/speed-manager.sh', LF will be replaced by CRLF the next time Git touches it
warning: in the working copy of '.claude/hooks/voice/translate-manager.sh', LF will be replaced by CRLF the next time Git touches it
warning: in the working copy of '.claude/hooks/voice/verbosity-manager.sh', LF will be replaced by CRLF the next time Git touches it
warning: in the working copy of 'psi/state/pulse/events.jsonl', LF will be replaced by CRLF the next time Git touches it
warning: in the working copy of 'psi/state/pulse/memory-errors.log', LF will be replaced by CRLF the next time Git touches it
[VectorDB] Using Transformers.js with model: multilingual-e5-base
[VectorDB] Failed to initialize: 4645 |     if (offlineError(err)) {
4646 |       throw new ChromaConnectionError(
4647 |         "Failed to connect to chromadb. Make sure your server is running and try again. If you are running from a browser, make sure that your chromadb instance is configured to allow requests from the current origin using the CHROMA_SERVER_CORS_ALLOW_ORIGINS environment variable."
4648 |       );
4649 |     }
4650 |     throw new ChromaConnectionError("Failed to connect to Chroma");
                 ^
ChromaConnectionError: Failed to connect to Chroma
 cause: undefined,

      at <anonymous> (C:\Users\jsanitareephon\.bun\install\cache\chromadb@3.4.0@@@1\dist\chromadb.mjs:4650:11)
      at async <anonymous> (C:\Users\jsanitareephon\.bun\install\cache\chromadb@3.4.0@@@1\dist\chromadb.mjs:338:32)
      at async getOrCreateCollection (C:\Users\jsanitareephon\.bun\install\cache\chromadb@3.4.0@@@1\dist\chromadb.mjs:5154:46)
      at async initVectorDB (C:\Workspace\Dev\the-matrix\src\memory\vector-db.ts:500:33)

$ bun run scripts/memory/index.ts learn "C:/Workspace/Dev/the-matrix/psi/memory/sessions/2026-03/2026-03-20_14.02_auto-pulse.md"
[VectorDB] Using Transformers.js with model: multilingual-e5-base
[VectorDB] Failed to initialize: 4645 |     if (offlineError(err)) {
4646 |       throw new ChromaConnectionError(
4647 |         "Failed to connect to chromadb. Make sure your server is running and try again. If you are running from a browser, make sure that your chromadb instance is configured to allow requests from the current origin using the CHROMA_SERVER_CORS_ALLOW_ORIGINS environment variable."
4648 |       );
4649 |     }
4650 |     throw new ChromaConnectionError("Failed to connect to Chroma");
                 ^
ChromaConnectionError: Failed to connect to Chroma
 cause: undefined,

      at <anonymous> (C:\Users\jsanitareephon\.bun\install\cache\chromadb@3.4.0@@@1\dist\chromadb.mjs:4650:11)
      at async <anonymous> (C:\Users\jsanitareephon\.bun\install\cache\chromadb@3.4.0@@@1\dist\chromadb.mjs:338:32)
      at async getOrCreateCollection (C:\Users\jsanitareephon\.bun\install\cache\chromadb@3.4.0@@@1\dist\chromadb.mjs:5154:46)
      at async initVectorDB (C:\Workspace\Dev\the-matrix\src\memory\vector-db.ts:500:33)
      at async saveLearning (C:\Workspace\Dev\the-matrix\scripts\memory\learn.ts:578:11)
      at async learnFromFile (C:\Workspace\Dev\the-matrix\scripts\memory\learn.ts:157:15)
      at async main (C:\Workspace\Dev\the-matrix\scripts\memory\learn.ts:720:15)

$ bun run scripts/memory/index.ts save "Auto-saved session via pulse hook"
The system cannot find the path specified.
The system cannot find the path specified.
The system cannot find the path specified.
The system cannot find the path specified.
warning: in the working copy of '.claude/hooks/core/matrix-activate-agent.sh', LF will be replaced by CRLF the next time Git touches it
warning: in the working copy of '.claude/hooks/core/matrix-artifact.sh', LF will be replaced by CRLF the next time Git touches it
warning: in the working copy of '.claude/hooks/core/matrix-comm.sh', LF will be replaced by CRLF the next time Git touches it
warning: in the working copy of '.claude/hooks/core/matrix-diagnostic.sh', LF will be replaced by CRLF the next time Git touches it
warning: in the working copy of '.claude/hooks/core/matrix-dispatch.sh', LF will be replaced by CRLF the next time Git touches it
warning: in the working copy of '.claude/hooks/core/matrix-lock-check.sh', LF will be replaced by CRLF the next time Git touches it
warning: in the working copy of '.claude/hooks/core/matrix-permission-gate.sh', LF will be replaced by CRLF the next time Git touches it
warning: in the working copy of '.claude/hooks/core/matrix-return.sh', LF will be replaced by CRLF the next time Git touches it
warning: in the working copy of '.claude/hooks/core/matrix-services.sh', LF will be replaced by CRLF the next time Git touches it
warning: in the working copy of '.claude/hooks/core/matrix-session-start.sh', LF will be replaced by CRLF the next time Git touches it
warning: in the working copy of '.claude/hooks/core/matrix-source-bash-guard.sh', LF will be replaced by CRLF the next time Git touches it
warning: in the working copy of '.claude/hooks/core/matrix-source-guard.sh', LF will be replaced by CRLF the next time Git touches it
warning: in the working copy of '.claude/hooks/core/matrix-spawn.sh', LF will be replaced by CRLF the next time Git touches it
warning: in the working copy of '.claude/hooks/core/matrix-subagent-complete.sh', LF will be replaced by CRLF the next time Git touches it
warning: in the working copy of '.claude/hooks/core/matrix-subagent-start.sh', LF will be replaced by CRLF the next time Git touches it
warning: in the working copy of '.claude/hooks/core/matrix-task-completed.sh', LF will be replaced by CRLF the next time Git touches it
warning: in the working copy of '.claude/hooks/core/matrix-teammate-idle.sh', LF will be replaced by CRLF the next time Git touches it
warning: in the working copy of '.claude/hooks/core/stop.sh', LF will be replaced by CRLF the next time Git touches it
warning: in the working copy of '.claude/hooks/pulse/pulse-agent-messenger.sh', LF will be replaced by CRLF the next time Git touches it
warning: in the working copy of '.claude/hooks/pulse/pulse-auto-evolve.sh', LF will be replaced by CRLF the next time Git touches it
warning: in the working copy of '.claude/hooks/pulse/pulse-auto-git.sh', LF will be replaced by CRLF the next time Git touches it
warning: in the working copy of '.claude/hooks/pulse/pulse-context-compressor.sh', LF will be replaced by CRLF the next time Git touches it
warning: in the working copy of '.claude/hooks/pulse/pulse-context-loader.sh', LF will be replaced by CRLF the next time Git touches it
warning: in the working copy of '.claude/hooks/pulse/pulse-dashboard.sh', LF will be replaced by CRLF the next time Git touches it
warning: in the working copy of '.claude/hooks/pulse/pulse-dispatch-bundler.sh', LF will be replaced by CRLF the next time Git touches it
warning: in the working copy of '.claude/hooks/pulse/pulse-dispatch-learner.sh', LF will be replaced by CRLF the next time Git touches it
warning: in the working copy of '.claude/hooks/pulse/pulse-event-dispatcher.sh', LF will be replaced by CRLF the next time Git touches it
warning: in the working copy of '.claude/hooks/pulse/pulse-event-writer.sh', LF will be replaced by CRLF the next time Git touches it
warning: in the working copy of '.claude/hooks/pulse/pulse-metrics.sh', LF will be replaced by CRLF the next time Git touches it
warning: in the working copy of '.claude/hooks/pulse/pulse-notification-intel.sh', LF will be replaced by CRLF the next time Git touches it
warning: in the working copy of '.claude/hooks/pulse/pulse-pattern-scanner.sh', LF will be replaced by CRLF the next time Git touches it
warning: in the working copy of '.claude/hooks/pulse/pulse-post-action.sh', LF will be replaced by CRLF the next time Git touches it
warning: in the working copy of '.claude/hooks/pulse/pulse-pre-compact.sh', LF will be replaced by CRLF the next time Git touches it
warning: in the working copy of '.claude/hooks/pulse/pulse-proactive-boot.sh', LF will be replaced by CRLF the next time Git touches it
warning: in the working copy of '.claude/hooks/pulse/pulse-proactive-intel.sh', LF will be replaced by CRLF the next time Git touches it
warning: in the working copy of '.claude/hooks/pulse/pulse-self-heal.sh', LF will be replaced by CRLF the next time Git touches it
warning: in the working copy of '.claude/hooks/pulse/pulse-session-continuity.sh', LF will be replaced by CRLF the next time Git touches it
warning: in the working copy of '.claude/hooks/pulse/pulse-session-end.sh', LF will be replaced by CRLF the next time Git touches it
warning: in the working copy of '.claude/hooks/pulse/pulse-skill-discovery.sh', LF will be replaced by CRLF the next time Git touches it
warning: in the working copy of '.claude/hooks/pulse/pulse-smart-router.sh', LF will be replaced by CRLF the next time Git touches it
warning: in the working copy of '.claude/hooks/pulse/pulse-team-orchestrator.sh', LF will be replaced by CRLF the next time Git touches it
warning: in the working copy of '.claude/hooks/pulse/pulse-watchdog.sh', LF will be replaced by CRLF the next time Git touches it
warning: in the working copy of '.claude/hooks/util/configure-rdp-mode.sh', LF will be replaced by CRLF the next time Git touches it
warning: in the working copy of '.claude/hooks/util/github-star-reminder.sh', LF will be replaced by CRLF the next time Git touches it
warning: in the working copy of '.claude/hooks/util/learn-manager.sh', LF will be replaced by CRLF the next time Git touches it
warning: in the working copy of '.claude/hooks/util/migrate-background-music.sh', LF will be replaced by CRLF the next time Git touches it
warning: in the working copy of '.claude/hooks/util/migrate-to-agentvibes.sh', LF will be replaced by CRLF the next time Git touches it
warning: in the working copy of '.claude/hooks/util/session-memory-save.sh', LF will be replaced by CRLF the next time Git touches it
warning: in the working copy of '.claude/hooks/voice/audio-processor.sh', LF will be replaced by CRLF the next time Git touches it
warning: in the working copy of '.claude/hooks/voice/background-music-manager.sh', LF will be replaced by CRLF the next time Git touches it
warning: in the working copy of '.claude/hooks/voice/bmad-party-manager.sh', LF will be replaced by CRLF the next time Git touches it
warning: in the working copy of '.claude/hooks/voice/bmad-speak-enhanced.sh', LF will be replaced by CRLF the next time Git touches it
warning: in the working copy of '.claude/hooks/voice/bmad-speak.sh', LF will be replaced by CRLF the next time Git touches it
warning: in the working copy of '.claude/hooks/voice/bmad-tts-injector.sh', LF will be replaced by CRLF the next time Git touches it
warning: in the working copy of '.claude/hooks/voice/bmad-voice-manager.sh', LF will be replaced by CRLF the next time Git touches it
warning: in the working copy of '.claude/hooks/voice/bootstrap-voice.sh', LF will be replaced by CRLF the next time Git touches it
warning: in the working copy of '.claude/hooks/voice/download-extra-voices.sh', LF will be replaced by CRLF the next time Git touches it
warning: in the working copy of '.claude/hooks/voice/effects-manager.sh', LF will be replaced by CRLF the next time Git touches it
warning: in the working copy of '.claude/hooks/voice/language-manager.sh', LF will be replaced by CRLF the next time Git touches it
warning: in the working copy of '.claude/hooks/voice/macos-voice-manager.sh', LF will be replaced by CRLF the next time Git touches it
warning: in the working copy of '.claude/hooks/voice/matrix-verify-voices.sh', LF will be replaced by CRLF the next time Git touches it
warning: in the working copy of '.claude/hooks/voice/optimize-background-music.sh', LF will be replaced by CRLF the next time Git touches it
warning: in the working copy of '.claude/hooks/voice/personality-manager.sh', LF will be replaced by CRLF the next time Git touches it
warning: in the working copy of '.claude/hooks/voice/piper-download-voices.sh', LF will be replaced by CRLF the next time Git touches it
warning: in the working copy of '.claude/hooks/voice/piper-installer.sh', LF will be replaced by CRLF the next time Git touches it
warning: in the working copy of '.claude/hooks/voice/piper-multispeaker-registry.sh', LF will be replaced by CRLF the next time Git touches it
warning: in the working copy of '.claude/hooks/voice/piper-voice-manager.sh', LF will be replaced by CRLF the next time Git touches it
warning: in the working copy of '.claude/hooks/voice/play-tts-enhanced.sh', LF will be replaced by CRLF the next time Git touches it
warning: in the working copy of '.claude/hooks/voice/play-tts-macos.sh', LF will be replaced by CRLF the next time Git touches it
warning: in the working copy of '.claude/hooks/voice/play-tts-piper.sh', LF will be replaced by CRLF the next time Git touches it
warning: in the working copy of '.claude/hooks/voice/play-tts.sh', LF will be replaced by CRLF the next time Git touches it
warning: in the working copy of '.claude/hooks/voice/provider-commands.sh', LF will be replaced by CRLF the next time Git touches it
warning: in the working copy of '.claude/hooks/voice/provider-manager.sh', LF will be replaced by CRLF the next time Git touches it
warning: in the working copy of '.claude/hooks/voice/quick-tts.sh', LF will be replaced by CRLF the next time Git touches it
warning: in the working copy of '.claude/hooks/voice/replay-target-audio.sh', LF will be replaced by CRLF the next time Git touches it
warning: in the working copy of '.claude/hooks/voice/sentiment-manager.sh', LF will be replaced by CRLF the next time Git touches it
warning: in the working copy of '.claude/hooks/voice/speed-manager.sh', LF will be replaced by CRLF the next time Git touches it
warning: in the working copy of '.claude/hooks/voice/translate-manager.sh', LF will be replaced by CRLF the next time Git touches it
warning: in the working copy of '.claude/hooks/voice/verbosity-manager.sh', LF will be replaced by CRLF the next time Git touches it
warning: in the working copy of 'psi/state/pulse/events.jsonl', LF will be replaced by CRLF the next time Git touches it
warning: in the working copy of 'psi/state/pulse/memory-errors.log', LF will be replaced by CRLF the next time Git touches it
warning: in the working copy of '.claude/hooks/core/matrix-activate-agent.sh', LF will be replaced by CRLF the next time Git touches it
warning: in the working copy of '.claude/hooks/core/matrix-artifact.sh', LF will be replaced by CRLF the next time Git touches it
warning: in the working copy of '.claude/hooks/core/matrix-comm.sh', LF will be replaced by CRLF the next time Git touches it
warning: in the working copy of '.claude/hooks/core/matrix-diagnostic.sh', LF will be replaced by CRLF the next time Git touches it
warning: in the working copy of '.claude/hooks/core/matrix-dispatch.sh', LF will be replaced by CRLF the next time Git touches it
warning: in the working copy of '.claude/hooks/core/matrix-lock-check.sh', LF will be replaced by CRLF the next time Git touches it
warning: in the working copy of '.claude/hooks/core/matrix-permission-gate.sh', LF will be replaced by CRLF the next time Git touches it
warning: in the working copy of '.claude/hooks/core/matrix-return.sh', LF will be replaced by CRLF the next time Git touches it
warning: in the working copy of '.claude/hooks/core/matrix-services.sh', LF will be replaced by CRLF the next time Git touches it
warning: in the working copy of '.claude/hooks/core/matrix-session-start.sh', LF will be replaced by CRLF the next time Git touches it
warning: in the working copy of '.claude/hooks/core/matrix-source-bash-guard.sh', LF will be replaced by CRLF the next time Git touches it
warning: in the working copy of '.claude/hooks/core/matrix-source-guard.sh', LF will be replaced by CRLF the next time Git touches it
warning: in the working copy of '.claude/hooks/core/matrix-spawn.sh', LF will be replaced by CRLF the next time Git touches it
warning: in the working copy of '.claude/hooks/core/matrix-subagent-complete.sh', LF will be replaced by CRLF the next time Git touches it
warning: in the working copy of '.claude/hooks/core/matrix-subagent-start.sh', LF will be replaced by CRLF the next time Git touches it
warning: in the working copy of '.claude/hooks/core/matrix-task-completed.sh', LF will be replaced by CRLF the next time Git touches it
warning: in the working copy of '.claude/hooks/core/matrix-teammate-idle.sh', LF will be replaced by CRLF the next time Git touches it
warning: in the working copy of '.claude/hooks/core/stop.sh', LF will be replaced by CRLF the next time Git touches it
warning: in the working copy of '.claude/hooks/pulse/pulse-agent-messenger.sh', LF will be replaced by CRLF the next time Git touches it
warning: in the working copy of '.claude/hooks/pulse/pulse-auto-evolve.sh', LF will be replaced by CRLF the next time Git touches it
warning: in the working copy of '.claude/hooks/pulse/pulse-auto-git.sh', LF will be replaced by CRLF the next time Git touches it
warning: in the working copy of '.claude/hooks/pulse/pulse-context-compressor.sh', LF will be replaced by CRLF the next time Git touches it
warning: in the working copy of '.claude/hooks/pulse/pulse-context-loader.sh', LF will be replaced by CRLF the next time Git touches it
warning: in the working copy of '.claude/hooks/pulse/pulse-dashboard.sh', LF will be replaced by CRLF the next time Git touches it
warning: in the working copy of '.claude/hooks/pulse/pulse-dispatch-bundler.sh', LF will be replaced by CRLF the next time Git touches it
warning: in the working copy of '.claude/hooks/pulse/pulse-dispatch-learner.sh', LF will be replaced by CRLF the next time Git touches it
warning: in the working copy of '.claude/hooks/pulse/pulse-event-dispatcher.sh', LF will be replaced by CRLF the next time Git touches it
warning: in the working copy of '.claude/hooks/pulse/pulse-event-writer.sh', LF will be replaced by CRLF the next time Git touches it
warning: in the working copy of '.claude/hooks/pulse/pulse-metrics.sh', LF will be replaced by CRLF the next time Git touches it
warning: in the working copy of '.claude/hooks/pulse/pulse-notification-intel.sh', LF will be replaced by CRLF the next time Git touches it
warning: in the working copy of '.claude/hooks/pulse/pulse-pattern-scanner.sh', LF will be replaced by CRLF the next time Git touches it
warning: in the working copy of '.claude/hooks/pulse/pulse-post-action.sh', LF will be replaced by CRLF the next time Git touches it
warning: in the working copy of '.claude/hooks/pulse/pulse-pre-compact.sh', LF will be replaced by CRLF the next time Git touches it
warning: in the working copy of '.claude/hooks/pulse/pulse-proactive-boot.sh', LF will be replaced by CRLF the next time Git touches it
warning: in the working copy of '.claude/hooks/pulse/pulse-proactive-intel.sh', LF will be replaced by CRLF the next time Git touches it
warning: in the working copy of '.claude/hooks/pulse/pulse-self-heal.sh', LF will be replaced by CRLF the next time Git touches it
warning: in the working copy of '.claude/hooks/pulse/pulse-session-continuity.sh', LF will be replaced by CRLF the next time Git touches it
warning: in the working copy of '.claude/hooks/pulse/pulse-session-end.sh', LF will be replaced by CRLF the next time Git touches it
warning: in the working copy of '.claude/hooks/pulse/pulse-skill-discovery.sh', LF will be replaced by CRLF the next time Git touches it
warning: in the working copy of '.claude/hooks/pulse/pulse-smart-router.sh', LF will be replaced by CRLF the next time Git touches it
warning: in the working copy of '.claude/hooks/pulse/pulse-team-orchestrator.sh', LF will be replaced by CRLF the next time Git touches it
warning: in the working copy of '.claude/hooks/pulse/pulse-watchdog.sh', LF will be replaced by CRLF the next time Git touches it
warning: in the working copy of '.claude/hooks/util/configure-rdp-mode.sh', LF will be replaced by CRLF the next time Git touches it
warning: in the working copy of '.claude/hooks/util/github-star-reminder.sh', LF will be replaced by CRLF the next time Git touches it
warning: in the working copy of '.claude/hooks/util/learn-manager.sh', LF will be replaced by CRLF the next time Git touches it
warning: in the working copy of '.claude/hooks/util/migrate-background-music.sh', LF will be replaced by CRLF the next time Git touches it
warning: in the working copy of '.claude/hooks/util/migrate-to-agentvibes.sh', LF will be replaced by CRLF the next time Git touches it
warning: in the working copy of '.claude/hooks/util/session-memory-save.sh', LF will be replaced by CRLF the next time Git touches it
warning: in the working copy of '.claude/hooks/voice/audio-processor.sh', LF will be replaced by CRLF the next time Git touches it
warning: in the working copy of '.claude/hooks/voice/background-music-manager.sh', LF will be replaced by CRLF the next time Git touches it
warning: in the working copy of '.claude/hooks/voice/bmad-party-manager.sh', LF will be replaced by CRLF the next time Git touches it
warning: in the working copy of '.claude/hooks/voice/bmad-speak-enhanced.sh', LF will be replaced by CRLF the next time Git touches it
warning: in the working copy of '.claude/hooks/voice/bmad-speak.sh', LF will be replaced by CRLF the next time Git touches it
warning: in the working copy of '.claude/hooks/voice/bmad-tts-injector.sh', LF will be replaced by CRLF the next time Git touches it
warning: in the working copy of '.claude/hooks/voice/bmad-voice-manager.sh', LF will be replaced by CRLF the next time Git touches it
warning: in the working copy of '.claude/hooks/voice/bootstrap-voice.sh', LF will be replaced by CRLF the next time Git touches it
warning: in the working copy of '.claude/hooks/voice/download-extra-voices.sh', LF will be replaced by CRLF the next time Git touches it
warning: in the working copy of '.claude/hooks/voice/effects-manager.sh', LF will be replaced by CRLF the next time Git touches it
warning: in the working copy of '.claude/hooks/voice/language-manager.sh', LF will be replaced by CRLF the next time Git touches it
warning: in the working copy of '.claude/hooks/voice/macos-voice-manager.sh', LF will be replaced by CRLF the next time Git touches it
warning: in the working copy of '.claude/hooks/voice/matrix-verify-voices.sh', LF will be replaced by CRLF the next time Git touches it
warning: in the working copy of '.claude/hooks/voice/optimize-background-music.sh', LF will be replaced by CRLF the next time Git touches it
warning: in the working copy of '.claude/hooks/voice/personality-manager.sh', LF will be replaced by CRLF the next time Git touches it
warning: in the working copy of '.claude/hooks/voice/piper-download-voices.sh', LF will be replaced by CRLF the next time Git touches it
warning: in the working copy of '.claude/hooks/voice/piper-installer.sh', LF will be replaced by CRLF the next time Git touches it
warning: in the working copy of '.claude/hooks/voice/piper-multispeaker-registry.sh', LF will be replaced by CRLF the next time Git touches it
warning: in the working copy of '.claude/hooks/voice/piper-voice-manager.sh', LF will be replaced by CRLF the next time Git touches it
warning: in the working copy of '.claude/hooks/voice/play-tts-enhanced.sh', LF will be replaced by CRLF the next time Git touches it
warning: in the working copy of '.claude/hooks/voice/play-tts-macos.sh', LF will be replaced by CRLF the next time Git touches it
warning: in the working copy of '.claude/hooks/voice/play-tts-piper.sh', LF will be replaced by CRLF the next time Git touches it
warning: in the working copy of '.claude/hooks/voice/play-tts.sh', LF will be replaced by CRLF the next time Git touches it
warning: in the working copy of '.claude/hooks/voice/provider-commands.sh', LF will be replaced by CRLF the next time Git touches it
warning: in the working copy of '.claude/hooks/voice/provider-manager.sh', LF will be replaced by CRLF the next time Git touches it
warning: in the working copy of '.claude/hooks/voice/quick-tts.sh', LF will be replaced by CRLF the next time Git touches it
warning: in the working copy of '.claude/hooks/voice/replay-target-audio.sh', LF will be replaced by CRLF the next time Git touches it
warning: in the working copy of '.claude/hooks/voice/sentiment-manager.sh', LF will be replaced by CRLF the next time Git touches it
warning: in the working copy of '.claude/hooks/voice/speed-manager.sh', LF will be replaced by CRLF the next time Git touches it
warning: in the working copy of '.claude/hooks/voice/translate-manager.sh', LF will be replaced by CRLF the next time Git touches it
warning: in the working copy of '.claude/hooks/voice/verbosity-manager.sh', LF will be replaced by CRLF the next time Git touches it
warning: in the working copy of 'psi/state/pulse/events.jsonl', LF will be replaced by CRLF the next time Git touches it
warning: in the working copy of 'psi/state/pulse/memory-errors.log', LF will be replaced by CRLF the next time Git touches it
[VectorDB] Using Transformers.js with model: multilingual-e5-base
[VectorDB] Failed to initialize: 4645 |     if (offlineError(err)) {
4646 |       throw new ChromaConnectionError(
4647 |         "Failed to connect to chromadb. Make sure your server is running and try again. If you are running from a browser, make sure that your chromadb instance is configured to allow requests from the current origin using the CHROMA_SERVER_CORS_ALLOW_ORIGINS environment variable."
4648 |       );
4649 |     }
4650 |     throw new ChromaConnectionError("Failed to connect to Chroma");
                 ^
ChromaConnectionError: Failed to connect to Chroma
 cause: undefined,

      at <anonymous> (C:\Users\jsanitareephon\.bun\install\cache\chromadb@3.4.0@@@1\dist\chromadb.mjs:4650:11)
      at async <anonymous> (C:\Users\jsanitareephon\.bun\install\cache\chromadb@3.4.0@@@1\dist\chromadb.mjs:338:32)
      at async getOrCreateCollection (C:\Users\jsanitareephon\.bun\install\cache\chromadb@3.4.0@@@1\dist\chromadb.mjs:5154:46)
      at async initVectorDB (C:\Workspace\Dev\the-matrix\src\memory\vector-db.ts:500:33)
      at async saveCurrentSession (C:\Workspace\Dev\the-matrix\scripts\memory\save-session.ts:723:11)

$ bun run scripts/memory/index.ts learn "C:/Workspace/Dev/the-matrix/psi/memory/sessions/2026-03/2026-03-20_14.03_auto-pulse.md"
[VectorDB] Using Transformers.js with model: multilingual-e5-base
[VectorDB] Failed to initialize: 4645 |     if (offlineError(err)) {
4646 |       throw new ChromaConnectionError(
4647 |         "Failed to connect to chromadb. Make sure your server is running and try again. If you are running from a browser, make sure that your chromadb instance is configured to allow requests from the current origin using the CHROMA_SERVER_CORS_ALLOW_ORIGINS environment variable."
4648 |       );
4649 |     }
4650 |     throw new ChromaConnectionError("Failed to connect to Chroma");
                 ^
ChromaConnectionError: Failed to connect to Chroma
 cause: undefined,

      at <anonymous> (C:\Users\jsanitareephon\.bun\install\cache\chromadb@3.4.0@@@1\dist\chromadb.mjs:4650:11)
      at async <anonymous> (C:\Users\jsanitareephon\.bun\install\cache\chromadb@3.4.0@@@1\dist\chromadb.mjs:338:32)
      at async getOrCreateCollection (C:\Users\jsanitareephon\.bun\install\cache\chromadb@3.4.0@@@1\dist\chromadb.mjs:5154:46)
      at async initVectorDB (C:\Workspace\Dev\the-matrix\src\memory\vector-db.ts:500:33)
      at async saveLearning (C:\Workspace\Dev\the-matrix\scripts\memory\learn.ts:578:11)
      at async learnFromFile (C:\Workspace\Dev\the-matrix\scripts\memory\learn.ts:157:15)
      at async main (C:\Workspace\Dev\the-matrix\scripts\memory\learn.ts:720:15)

$ bun run scripts/memory/index.ts save "Auto-saved session via pulse hook"
The system cannot find the path specified.
The system cannot find the path specified.
The system cannot find the path specified.
The system cannot find the path specified.
warning: in the working copy of '.claude/hooks/core/matrix-activate-agent.sh', LF will be replaced by CRLF the next time Git touches it
warning: in the working copy of '.claude/hooks/core/matrix-artifact.sh', LF will be replaced by CRLF the next time Git touches it
warning: in the working copy of '.claude/hooks/core/matrix-comm.sh', LF will be replaced by CRLF the next time Git touches it
warning: in the working copy of '.claude/hooks/core/matrix-diagnostic.sh', LF will be replaced by CRLF the next time Git touches it
warning: in the working copy of '.claude/hooks/core/matrix-dispatch.sh', LF will be replaced by CRLF the next time Git touches it
warning: in the working copy of '.claude/hooks/core/matrix-lock-check.sh', LF will be replaced by CRLF the next time Git touches it
warning: in the working copy of '.claude/hooks/core/matrix-permission-gate.sh', LF will be replaced by CRLF the next time Git touches it
warning: in the working copy of '.claude/hooks/core/matrix-return.sh', LF will be replaced by CRLF the next time Git touches it
warning: in the working copy of '.claude/hooks/core/matrix-services.sh', LF will be replaced by CRLF the next time Git touches it
warning: in the working copy of '.claude/hooks/core/matrix-session-start.sh', LF will be replaced by CRLF the next time Git touches it
warning: in the working copy of '.claude/hooks/core/matrix-source-bash-guard.sh', LF will be replaced by CRLF the next time Git touches it
warning: in the working copy of '.claude/hooks/core/matrix-source-guard.sh', LF will be replaced by CRLF the next time Git touches it
warning: in the working copy of '.claude/hooks/core/matrix-spawn.sh', LF will be replaced by CRLF the next time Git touches it
warning: in the working copy of '.claude/hooks/core/matrix-subagent-complete.sh', LF will be replaced by CRLF the next time Git touches it
warning: in the working copy of '.claude/hooks/core/matrix-subagent-start.sh', LF will be replaced by CRLF the next time Git touches it
warning: in the working copy of '.claude/hooks/core/matrix-task-completed.sh', LF will be replaced by CRLF the next time Git touches it
warning: in the working copy of '.claude/hooks/core/matrix-teammate-idle.sh', LF will be replaced by CRLF the next time Git touches it
warning: in the working copy of '.claude/hooks/core/stop.sh', LF will be replaced by CRLF the next time Git touches it
warning: in the working copy of '.claude/hooks/pulse/pulse-agent-messenger.sh', LF will be replaced by CRLF the next time Git touches it
warning: in the working copy of '.claude/hooks/pulse/pulse-auto-evolve.sh', LF will be replaced by CRLF the next time Git touches it
warning: in the working copy of '.claude/hooks/pulse/pulse-auto-git.sh', LF will be replaced by CRLF the next time Git touches it
warning: in the working copy of '.claude/hooks/pulse/pulse-context-compressor.sh', LF will be replaced by CRLF the next time Git touches it
warning: in the working copy of '.claude/hooks/pulse/pulse-context-loader.sh', LF will be replaced by CRLF the next time Git touches it
warning: in the working copy of '.claude/hooks/pulse/pulse-dashboard.sh', LF will be replaced by CRLF the next time Git touches it
warning: in the working copy of '.claude/hooks/pulse/pulse-dispatch-bundler.sh', LF will be replaced by CRLF the next time Git touches it
warning: in the working copy of '.claude/hooks/pulse/pulse-dispatch-learner.sh', LF will be replaced by CRLF the next time Git touches it
warning: in the working copy of '.claude/hooks/pulse/pulse-event-dispatcher.sh', LF will be replaced by CRLF the next time Git touches it
warning: in the working copy of '.claude/hooks/pulse/pulse-event-writer.sh', LF will be replaced by CRLF the next time Git touches it
warning: in the working copy of '.claude/hooks/pulse/pulse-metrics.sh', LF will be replaced by CRLF the next time Git touches it
warning: in the working copy of '.claude/hooks/pulse/pulse-notification-intel.sh', LF will be replaced by CRLF the next time Git touches it
warning: in the working copy of '.claude/hooks/pulse/pulse-pattern-scanner.sh', LF will be replaced by CRLF the next time Git touches it
warning: in the working copy of '.claude/hooks/pulse/pulse-post-action.sh', LF will be replaced by CRLF the next time Git touches it
warning: in the working copy of '.claude/hooks/pulse/pulse-pre-compact.sh', LF will be replaced by CRLF the next time Git touches it
warning: in the working copy of '.claude/hooks/pulse/pulse-proactive-boot.sh', LF will be replaced by CRLF the next time Git touches it
warning: in the working copy of '.claude/hooks/pulse/pulse-proactive-intel.sh', LF will be replaced by CRLF the next time Git touches it
warning: in the working copy of '.claude/hooks/pulse/pulse-self-heal.sh', LF will be replaced by CRLF the next time Git touches it
warning: in the working copy of '.claude/hooks/pulse/pulse-session-continuity.sh', LF will be replaced by CRLF the next time Git touches it
warning: in the working copy of '.claude/hooks/pulse/pulse-session-end.sh', LF will be replaced by CRLF the next time Git touches it
warning: in the working copy of '.claude/hooks/pulse/pulse-skill-discovery.sh', LF will be replaced by CRLF the next time Git touches it
warning: in the working copy of '.claude/hooks/pulse/pulse-smart-router.sh', LF will be replaced by CRLF the next time Git touches it
warning: in the working copy of '.claude/hooks/pulse/pulse-team-orchestrator.sh', LF will be replaced by CRLF the next time Git touches it
warning: in the working copy of '.claude/hooks/pulse/pulse-watchdog.sh', LF will be replaced by CRLF the next time Git touches it
warning: in the working copy of '.claude/hooks/util/configure-rdp-mode.sh', LF will be replaced by CRLF the next time Git touches it
warning: in the working copy of '.claude/hooks/util/github-star-reminder.sh', LF will be replaced by CRLF the next time Git touches it
warning: in the working copy of '.claude/hooks/util/learn-manager.sh', LF will be replaced by CRLF the next time Git touches it
warning: in the working copy of '.claude/hooks/util/migrate-background-music.sh', LF will be replaced by CRLF the next time Git touches it
warning: in the working copy of '.claude/hooks/util/migrate-to-agentvibes.sh', LF will be replaced by CRLF the next time Git touches it
warning: in the working copy of '.claude/hooks/util/session-memory-save.sh', LF will be replaced by CRLF the next time Git touches it
warning: in the working copy of '.claude/hooks/voice/audio-processor.sh', LF will be replaced by CRLF the next time Git touches it
warning: in the working copy of '.claude/hooks/voice/background-music-manager.sh', LF will be replaced by CRLF the next time Git touches it
warning: in the working copy of '.claude/hooks/voice/bmad-party-manager.sh', LF will be replaced by CRLF the next time Git touches it
warning: in the working copy of '.claude/hooks/voice/bmad-speak-enhanced.sh', LF will be replaced by CRLF the next time Git touches it
warning: in the working copy of '.claude/hooks/voice/bmad-speak.sh', LF will be replaced by CRLF the next time Git touches it
warning: in the working copy of '.claude/hooks/voice/bmad-tts-injector.sh', LF will be replaced by CRLF the next time Git touches it
warning: in the working copy of '.claude/hooks/voice/bmad-voice-manager.sh', LF will be replaced by CRLF the next time Git touches it
warning: in the working copy of '.claude/hooks/voice/bootstrap-voice.sh', LF will be replaced by CRLF the next time Git touches it
warning: in the working copy of '.claude/hooks/voice/download-extra-voices.sh', LF will be replaced by CRLF the next time Git touches it
warning: in the working copy of '.claude/hooks/voice/effects-manager.sh', LF will be replaced by CRLF the next time Git touches it
warning: in the working copy of '.claude/hooks/voice/language-manager.sh', LF will be replaced by CRLF the next time Git touches it
warning: in the working copy of '.claude/hooks/voice/macos-voice-manager.sh', LF will be replaced by CRLF the next time Git touches it
warning: in the working copy of '.claude/hooks/voice/matrix-verify-voices.sh', LF will be replaced by CRLF the next time Git touches it
warning: in the working copy of '.claude/hooks/voice/optimize-background-music.sh', LF will be replaced by CRLF the next time Git touches it
warning: in the working copy of '.claude/hooks/voice/personality-manager.sh', LF will be replaced by CRLF the next time Git touches it
warning: in the working copy of '.claude/hooks/voice/piper-download-voices.sh', LF will be replaced by CRLF the next time Git touches it
warning: in the working copy of '.claude/hooks/voice/piper-installer.sh', LF will be replaced by CRLF the next time Git touches it
warning: in the working copy of '.claude/hooks/voice/piper-multispeaker-registry.sh', LF will be replaced by CRLF the next time Git touches it
warning: in the working copy of '.claude/hooks/voice/piper-voice-manager.sh', LF will be replaced by CRLF the next time Git touches it
warning: in the working copy of '.claude/hooks/voice/play-tts-enhanced.sh', LF will be replaced by CRLF the next time Git touches it
warning: in the working copy of '.claude/hooks/voice/play-tts-macos.sh', LF will be replaced by CRLF the next time Git touches it
warning: in the working copy of '.claude/hooks/voice/play-tts-piper.sh', LF will be replaced by CRLF the next time Git touches it
warning: in the working copy of '.claude/hooks/voice/play-tts.sh', LF will be replaced by CRLF the next time Git touches it
warning: in the working copy of '.claude/hooks/voice/provider-commands.sh', LF will be replaced by CRLF the next time Git touches it
warning: in the working copy of '.claude/hooks/voice/provider-manager.sh', LF will be replaced by CRLF the next time Git touches it
warning: in the working copy of '.claude/hooks/voice/quick-tts.sh', LF will be replaced by CRLF the next time Git touches it
warning: in the working copy of '.claude/hooks/voice/replay-target-audio.sh', LF will be replaced by CRLF the next time Git touches it
warning: in the working copy of '.claude/hooks/voice/sentiment-manager.sh', LF will be replaced by CRLF the next time Git touches it
warning: in the working copy of '.claude/hooks/voice/speed-manager.sh', LF will be replaced by CRLF the next time Git touches it
warning: in the working copy of '.claude/hooks/voice/translate-manager.sh', LF will be replaced by CRLF the next time Git touches it
warning: in the working copy of '.claude/hooks/voice/verbosity-manager.sh', LF will be replaced by CRLF the next time Git touches it
warning: in the working copy of 'psi/state/pulse/events.jsonl', LF will be replaced by CRLF the next time Git touches it
warning: in the working copy of 'psi/state/pulse/memory-errors.log', LF will be replaced by CRLF the next time Git touches it
warning: in the working copy of '.claude/hooks/core/matrix-activate-agent.sh', LF will be replaced by CRLF the next time Git touches it
warning: in the working copy of '.claude/hooks/core/matrix-artifact.sh', LF will be replaced by CRLF the next time Git touches it
warning: in the working copy of '.claude/hooks/core/matrix-comm.sh', LF will be replaced by CRLF the next time Git touches it
warning: in the working copy of '.claude/hooks/core/matrix-diagnostic.sh', LF will be replaced by CRLF the next time Git touches it
warning: in the working copy of '.claude/hooks/core/matrix-dispatch.sh', LF will be replaced by CRLF the next time Git touches it
warning: in the working copy of '.claude/hooks/core/matrix-lock-check.sh', LF will be replaced by CRLF the next time Git touches it
warning: in the working copy of '.claude/hooks/core/matrix-permission-gate.sh', LF will be replaced by CRLF the next time Git touches it
warning: in the working copy of '.claude/hooks/core/matrix-return.sh', LF will be replaced by CRLF the next time Git touches it
warning: in the working copy of '.claude/hooks/core/matrix-services.sh', LF will be replaced by CRLF the next time Git touches it
warning: in the working copy of '.claude/hooks/core/matrix-session-start.sh', LF will be replaced by CRLF the next time Git touches it
warning: in the working copy of '.claude/hooks/core/matrix-source-bash-guard.sh', LF will be replaced by CRLF the next time Git touches it
warning: in the working copy of '.claude/hooks/core/matrix-source-guard.sh', LF will be replaced by CRLF the next time Git touches it
warning: in the working copy of '.claude/hooks/core/matrix-spawn.sh', LF will be replaced by CRLF the next time Git touches it
warning: in the working copy of '.claude/hooks/core/matrix-subagent-complete.sh', LF will be replaced by CRLF the next time Git touches it
warning: in the working copy of '.claude/hooks/core/matrix-subagent-start.sh', LF will be replaced by CRLF the next time Git touches it
warning: in the working copy of '.claude/hooks/core/matrix-task-completed.sh', LF will be replaced by CRLF the next time Git touches it
warning: in the working copy of '.claude/hooks/core/matrix-teammate-idle.sh', LF will be replaced by CRLF the next time Git touches it
warning: in the working copy of '.claude/hooks/core/stop.sh', LF will be replaced by CRLF the next time Git touches it
warning: in the working copy of '.claude/hooks/pulse/pulse-agent-messenger.sh', LF will be replaced by CRLF the next time Git touches it
warning: in the working copy of '.claude/hooks/pulse/pulse-auto-evolve.sh', LF will be replaced by CRLF the next time Git touches it
warning: in the working copy of '.claude/hooks/pulse/pulse-auto-git.sh', LF will be replaced by CRLF the next time Git touches it
warning: in the working copy of '.claude/hooks/pulse/pulse-context-compressor.sh', LF will be replaced by CRLF the next time Git touches it
warning: in the working copy of '.claude/hooks/pulse/pulse-context-loader.sh', LF will be replaced by CRLF the next time Git touches it
warning: in the working copy of '.claude/hooks/pulse/pulse-dashboard.sh', LF will be replaced by CRLF the next time Git touches it
warning: in the working copy of '.claude/hooks/pulse/pulse-dispatch-bundler.sh', LF will be replaced by CRLF the next time Git touches it
warning: in the working copy of '.claude/hooks/pulse/pulse-dispatch-learner.sh', LF will be replaced by CRLF the next time Git touches it
warning: in the working copy of '.claude/hooks/pulse/pulse-event-dispatcher.sh', LF will be replaced by CRLF the next time Git touches it
warning: in the working copy of '.claude/hooks/pulse/pulse-event-writer.sh', LF will be replaced by CRLF the next time Git touches it
warning: in the working copy of '.claude/hooks/pulse/pulse-metrics.sh', LF will be replaced by CRLF the next time Git touches it
warning: in the working copy of '.claude/hooks/pulse/pulse-notification-intel.sh', LF will be replaced by CRLF the next time Git touches it
warning: in the working copy of '.claude/hooks/pulse/pulse-pattern-scanner.sh', LF will be replaced by CRLF the next time Git touches it
warning: in the working copy of '.claude/hooks/pulse/pulse-post-action.sh', LF will be replaced by CRLF the next time Git touches it
warning: in the working copy of '.claude/hooks/pulse/pulse-pre-compact.sh', LF will be replaced by CRLF the next time Git touches it
warning: in the working copy of '.claude/hooks/pulse/pulse-proactive-boot.sh', LF will be replaced by CRLF the next time Git touches it
warning: in the working copy of '.claude/hooks/pulse/pulse-proactive-intel.sh', LF will be replaced by CRLF the next time Git touches it
warning: in the working copy of '.claude/hooks/pulse/pulse-self-heal.sh', LF will be replaced by CRLF the next time Git touches it
warning: in the working copy of '.claude/hooks/pulse/pulse-session-continuity.sh', LF will be replaced by CRLF the next time Git touches it
warning: in the working copy of '.claude/hooks/pulse/pulse-session-end.sh', LF will be replaced by CRLF the next time Git touches it
warning: in the working copy of '.claude/hooks/pulse/pulse-skill-discovery.sh', LF will be replaced by CRLF the next time Git touches it
warning: in the working copy of '.claude/hooks/pulse/pulse-smart-router.sh', LF will be replaced by CRLF the next time Git touches it
warning: in the working copy of '.claude/hooks/pulse/pulse-team-orchestrator.sh', LF will be replaced by CRLF the next time Git touches it
warning: in the working copy of '.claude/hooks/pulse/pulse-watchdog.sh', LF will be replaced by CRLF the next time Git touches it
warning: in the working copy of '.claude/hooks/util/configure-rdp-mode.sh', LF will be replaced by CRLF the next time Git touches it
warning: in the working copy of '.claude/hooks/util/github-star-reminder.sh', LF will be replaced by CRLF the next time Git touches it
warning: in the working copy of '.claude/hooks/util/learn-manager.sh', LF will be replaced by CRLF the next time Git touches it
warning: in the working copy of '.claude/hooks/util/migrate-background-music.sh', LF will be replaced by CRLF the next time Git touches it
warning: in the working copy of '.claude/hooks/util/migrate-to-agentvibes.sh', LF will be replaced by CRLF the next time Git touches it
warning: in the working copy of '.claude/hooks/util/session-memory-save.sh', LF will be replaced by CRLF the next time Git touches it
warning: in the working copy of '.claude/hooks/voice/audio-processor.sh', LF will be replaced by CRLF the next time Git touches it
warning: in the working copy of '.claude/hooks/voice/background-music-manager.sh', LF will be replaced by CRLF the next time Git touches it
warning: in the working copy of '.claude/hooks/voice/bmad-party-manager.sh', LF will be replaced by CRLF the next time Git touches it
warning: in the working copy of '.claude/hooks/voice/bmad-speak-enhanced.sh', LF will be replaced by CRLF the next time Git touches it
warning: in the working copy of '.claude/hooks/voice/bmad-speak.sh', LF will be replaced by CRLF the next time Git touches it
warning: in the working copy of '.claude/hooks/voice/bmad-tts-injector.sh', LF will be replaced by CRLF the next time Git touches it
warning: in the working copy of '.claude/hooks/voice/bmad-voice-manager.sh', LF will be replaced by CRLF the next time Git touches it
warning: in the working copy of '.claude/hooks/voice/bootstrap-voice.sh', LF will be replaced by CRLF the next time Git touches it
warning: in the working copy of '.claude/hooks/voice/download-extra-voices.sh', LF will be replaced by CRLF the next time Git touches it
warning: in the working copy of '.claude/hooks/voice/effects-manager.sh', LF will be replaced by CRLF the next time Git touches it
warning: in the working copy of '.claude/hooks/voice/language-manager.sh', LF will be replaced by CRLF the next time Git touches it
warning: in the working copy of '.claude/hooks/voice/macos-voice-manager.sh', LF will be replaced by CRLF the next time Git touches it
warning: in the working copy of '.claude/hooks/voice/matrix-verify-voices.sh', LF will be replaced by CRLF the next time Git touches it
warning: in the working copy of '.claude/hooks/voice/optimize-background-music.sh', LF will be replaced by CRLF the next time Git touches it
warning: in the working copy of '.claude/hooks/voice/personality-manager.sh', LF will be replaced by CRLF the next time Git touches it
warning: in the working copy of '.claude/hooks/voice/piper-download-voices.sh', LF will be replaced by CRLF the next time Git touches it
warning: in the working copy of '.claude/hooks/voice/piper-installer.sh', LF will be replaced by CRLF the next time Git touches it
warning: in the working copy of '.claude/hooks/voice/piper-multispeaker-registry.sh', LF will be replaced by CRLF the next time Git touches it
warning: in the working copy of '.claude/hooks/voice/piper-voice-manager.sh', LF will be replaced by CRLF the next time Git touches it
warning: in the working copy of '.claude/hooks/voice/play-tts-enhanced.sh', LF will be replaced by CRLF the next time Git touches it
warning: in the working copy of '.claude/hooks/voice/play-tts-macos.sh', LF will be replaced by CRLF the next time Git touches it
warning: in the working copy of '.claude/hooks/voice/play-tts-piper.sh', LF will be replaced by CRLF the next time Git touches it
warning: in the working copy of '.claude/hooks/voice/play-tts.sh', LF will be replaced by CRLF the next time Git touches it
warning: in the working copy of '.claude/hooks/voice/provider-commands.sh', LF will be replaced by CRLF the next time Git touches it
warning: in the working copy of '.claude/hooks/voice/provider-manager.sh', LF will be replaced by CRLF the next time Git touches it
warning: in the working copy of '.claude/hooks/voice/quick-tts.sh', LF will be replaced by CRLF the next time Git touches it
warning: in the working copy of '.claude/hooks/voice/replay-target-audio.sh', LF will be replaced by CRLF the next time Git touches it
warning: in the working copy of '.claude/hooks/voice/sentiment-manager.sh', LF will be replaced by CRLF the next time Git touches it
warning: in the working copy of '.claude/hooks/voice/speed-manager.sh', LF will be replaced by CRLF the next time Git touches it
warning: in the working copy of '.claude/hooks/voice/translate-manager.sh', LF will be replaced by CRLF the next time Git touches it
warning: in the working copy of '.claude/hooks/voice/verbosity-manager.sh', LF will be replaced by CRLF the next time Git touches it
warning: in the working copy of 'psi/state/pulse/events.jsonl', LF will be replaced by CRLF the next time Git touches it
warning: in the working copy of 'psi/state/pulse/memory-errors.log', LF will be replaced by CRLF the next time Git touches it
[VectorDB] Using Transformers.js with model: multilingual-e5-base
[VectorDB] Failed to initialize: 4645 |     if (offlineError(err)) {
4646 |       throw new ChromaConnectionError(
4647 |         "Failed to connect to chromadb. Make sure your server is running and try again. If you are running from a browser, make sure that your chromadb instance is configured to allow requests from the current origin using the CHROMA_SERVER_CORS_ALLOW_ORIGINS environment variable."
4648 |       );
4649 |     }
4650 |     throw new ChromaConnectionError("Failed to connect to Chroma");
                 ^
ChromaConnectionError: Failed to connect to Chroma
 cause: undefined,

      at <anonymous> (C:\Users\jsanitareephon\.bun\install\cache\chromadb@3.4.0@@@1\dist\chromadb.mjs:4650:11)
      at async <anonymous> (C:\Users\jsanitareephon\.bun\install\cache\chromadb@3.4.0@@@1\dist\chromadb.mjs:338:32)
      at async getOrCreateCollection (C:\Users\jsanitareephon\.bun\install\cache\chromadb@3.4.0@@@1\dist\chromadb.mjs:5154:46)
      at async initVectorDB (C:\Workspace\Dev\the-matrix\src\memory\vector-db.ts:500:33)
      at async saveCurrentSession (C:\Workspace\Dev\the-matrix\scripts\memory\save-session.ts:723:11)

$ bun run scripts/memory/index.ts learn "C:/Workspace/Dev/the-matrix/psi/memory/sessions/2026-03/2026-03-20_14.03_auto-pulse.md"
[VectorDB] Using Transformers.js with model: multilingual-e5-base
[VectorDB] Failed to initialize: 4645 |     if (offlineError(err)) {
4646 |       throw new ChromaConnectionError(
4647 |         "Failed to connect to chromadb. Make sure your server is running and try again. If you are running from a browser, make sure that your chromadb instance is configured to allow requests from the current origin using the CHROMA_SERVER_CORS_ALLOW_ORIGINS environment variable."
4648 |       );
4649 |     }
4650 |     throw new ChromaConnectionError("Failed to connect to Chroma");
                 ^
ChromaConnectionError: Failed to connect to Chroma
 cause: undefined,

      at <anonymous> (C:\Users\jsanitareephon\.bun\install\cache\chromadb@3.4.0@@@1\dist\chromadb.mjs:4650:11)
      at async <anonymous> (C:\Users\jsanitareephon\.bun\install\cache\chromadb@3.4.0@@@1\dist\chromadb.mjs:338:32)
      at async getOrCreateCollection (C:\Users\jsanitareephon\.bun\install\cache\chromadb@3.4.0@@@1\dist\chromadb.mjs:5154:46)
      at async initVectorDB (C:\Workspace\Dev\the-matrix\src\memory\vector-db.ts:500:33)
      at async saveLearning (C:\Workspace\Dev\the-matrix\scripts\memory\learn.ts:578:11)
      at async learnFromFile (C:\Workspace\Dev\the-matrix\scripts\memory\learn.ts:157:15)
      at async main (C:\Workspace\Dev\the-matrix\scripts\memory\learn.ts:720:15)

$ bun run scripts/memory/index.ts save "Auto-saved session via pulse hook"
The system cannot find the path specified.
The system cannot find the path specified.
The system cannot find the path specified.
The system cannot find the path specified.
warning: in the working copy of '.claude/hooks/core/matrix-activate-agent.sh', LF will be replaced by CRLF the next time Git touches it
warning: in the working copy of '.claude/hooks/core/matrix-artifact.sh', LF will be replaced by CRLF the next time Git touches it
warning: in the working copy of '.claude/hooks/core/matrix-comm.sh', LF will be replaced by CRLF the next time Git touches it
warning: in the working copy of '.claude/hooks/core/matrix-diagnostic.sh', LF will be replaced by CRLF the next time Git touches it
warning: in the working copy of '.claude/hooks/core/matrix-dispatch.sh', LF will be replaced by CRLF the next time Git touches it
warning: in the working copy of '.claude/hooks/core/matrix-lock-check.sh', LF will be replaced by CRLF the next time Git touches it
warning: in the working copy of '.claude/hooks/core/matrix-permission-gate.sh', LF will be replaced by CRLF the next time Git touches it
warning: in the working copy of '.claude/hooks/core/matrix-return.sh', LF will be replaced by CRLF the next time Git touches it
warning: in the working copy of '.claude/hooks/core/matrix-services.sh', LF will be replaced by CRLF the next time Git touches it
warning: in the working copy of '.claude/hooks/core/matrix-session-start.sh', LF will be replaced by CRLF the next time Git touches it
warning: in the working copy of '.claude/hooks/core/matrix-source-bash-guard.sh', LF will be replaced by CRLF the next time Git touches it
warning: in the working copy of '.claude/hooks/core/matrix-source-guard.sh', LF will be replaced by CRLF the next time Git touches it
warning: in the working copy of '.claude/hooks/core/matrix-spawn.sh', LF will be replaced by CRLF the next time Git touches it
warning: in the working copy of '.claude/hooks/core/matrix-subagent-complete.sh', LF will be replaced by CRLF the next time Git touches it
warning: in the working copy of '.claude/hooks/core/matrix-subagent-start.sh', LF will be replaced by CRLF the next time Git touches it
warning: in the working copy of '.claude/hooks/core/matrix-task-completed.sh', LF will be replaced by CRLF the next time Git touches it
warning: in the working copy of '.claude/hooks/core/matrix-teammate-idle.sh', LF will be replaced by CRLF the next time Git touches it
warning: in the working copy of '.claude/hooks/core/stop.sh', LF will be replaced by CRLF the next time Git touches it
warning: in the working copy of '.claude/hooks/pulse/pulse-agent-messenger.sh', LF will be replaced by CRLF the next time Git touches it
warning: in the working copy of '.claude/hooks/pulse/pulse-auto-evolve.sh', LF will be replaced by CRLF the next time Git touches it
warning: in the working copy of '.claude/hooks/pulse/pulse-auto-git.sh', LF will be replaced by CRLF the next time Git touches it
warning: in the working copy of '.claude/hooks/pulse/pulse-context-compressor.sh', LF will be replaced by CRLF the next time Git touches it
warning: in the working copy of '.claude/hooks/pulse/pulse-context-loader.sh', LF will be replaced by CRLF the next time Git touches it
warning: in the working copy of '.claude/hooks/pulse/pulse-dashboard.sh', LF will be replaced by CRLF the next time Git touches it
warning: in the working copy of '.claude/hooks/pulse/pulse-dispatch-bundler.sh', LF will be replaced by CRLF the next time Git touches it
warning: in the working copy of '.claude/hooks/pulse/pulse-dispatch-learner.sh', LF will be replaced by CRLF the next time Git touches it
warning: in the working copy of '.claude/hooks/pulse/pulse-event-dispatcher.sh', LF will be replaced by CRLF the next time Git touches it
warning: in the working copy of '.claude/hooks/pulse/pulse-event-writer.sh', LF will be replaced by CRLF the next time Git touches it
warning: in the working copy of '.claude/hooks/pulse/pulse-metrics.sh', LF will be replaced by CRLF the next time Git touches it
warning: in the working copy of '.claude/hooks/pulse/pulse-notification-intel.sh', LF will be replaced by CRLF the next time Git touches it
warning: in the working copy of '.claude/hooks/pulse/pulse-pattern-scanner.sh', LF will be replaced by CRLF the next time Git touches it
warning: in the working copy of '.claude/hooks/pulse/pulse-post-action.sh', LF will be replaced by CRLF the next time Git touches it
warning: in the working copy of '.claude/hooks/pulse/pulse-pre-compact.sh', LF will be replaced by CRLF the next time Git touches it
warning: in the working copy of '.claude/hooks/pulse/pulse-proactive-boot.sh', LF will be replaced by CRLF the next time Git touches it
warning: in the working copy of '.claude/hooks/pulse/pulse-proactive-intel.sh', LF will be replaced by CRLF the next time Git touches it
warning: in the working copy of '.claude/hooks/pulse/pulse-self-heal.sh', LF will be replaced by CRLF the next time Git touches it
warning: in the working copy of '.claude/hooks/pulse/pulse-session-continuity.sh', LF will be replaced by CRLF the next time Git touches it
warning: in the working copy of '.claude/hooks/pulse/pulse-session-end.sh', LF will be replaced by CRLF the next time Git touches it
warning: in the working copy of '.claude/hooks/pulse/pulse-skill-discovery.sh', LF will be replaced by CRLF the next time Git touches it
warning: in the working copy of '.claude/hooks/pulse/pulse-smart-router.sh', LF will be replaced by CRLF the next time Git touches it
warning: in the working copy of '.claude/hooks/pulse/pulse-team-orchestrator.sh', LF will be replaced by CRLF the next time Git touches it
warning: in the working copy of '.claude/hooks/pulse/pulse-watchdog.sh', LF will be replaced by CRLF the next time Git touches it
warning: in the working copy of '.claude/hooks/util/configure-rdp-mode.sh', LF will be replaced by CRLF the next time Git touches it
warning: in the working copy of '.claude/hooks/util/github-star-reminder.sh', LF will be replaced by CRLF the next time Git touches it
warning: in the working copy of '.claude/hooks/util/learn-manager.sh', LF will be replaced by CRLF the next time Git touches it
warning: in the working copy of '.claude/hooks/util/migrate-background-music.sh', LF will be replaced by CRLF the next time Git touches it
warning: in the working copy of '.claude/hooks/util/migrate-to-agentvibes.sh', LF will be replaced by CRLF the next time Git touches it
warning: in the working copy of '.claude/hooks/util/session-memory-save.sh', LF will be replaced by CRLF the next time Git touches it
warning: in the working copy of '.claude/hooks/voice/audio-processor.sh', LF will be replaced by CRLF the next time Git touches it
warning: in the working copy of '.claude/hooks/voice/background-music-manager.sh', LF will be replaced by CRLF the next time Git touches it
warning: in the working copy of '.claude/hooks/voice/bmad-party-manager.sh', LF will be replaced by CRLF the next time Git touches it
warning: in the working copy of '.claude/hooks/voice/bmad-speak-enhanced.sh', LF will be replaced by CRLF the next time Git touches it
warning: in the working copy of '.claude/hooks/voice/bmad-speak.sh', LF will be replaced by CRLF the next time Git touches it
warning: in the working copy of '.claude/hooks/voice/bmad-tts-injector.sh', LF will be replaced by CRLF the next time Git touches it
warning: in the working copy of '.claude/hooks/voice/bmad-voice-manager.sh', LF will be replaced by CRLF the next time Git touches it
warning: in the working copy of '.claude/hooks/voice/bootstrap-voice.sh', LF will be replaced by CRLF the next time Git touches it
warning: in the working copy of '.claude/hooks/voice/download-extra-voices.sh', LF will be replaced by CRLF the next time Git touches it
warning: in the working copy of '.claude/hooks/voice/effects-manager.sh', LF will be replaced by CRLF the next time Git touches it
warning: in the working copy of '.claude/hooks/voice/language-manager.sh', LF will be replaced by CRLF the next time Git touches it
warning: in the working copy of '.claude/hooks/voice/macos-voice-manager.sh', LF will be replaced by CRLF the next time Git touches it
warning: in the working copy of '.claude/hooks/voice/matrix-verify-voices.sh', LF will be replaced by CRLF the next time Git touches it
warning: in the working copy of '.claude/hooks/voice/optimize-background-music.sh', LF will be replaced by CRLF the next time Git touches it
warning: in the working copy of '.claude/hooks/voice/personality-manager.sh', LF will be replaced by CRLF the next time Git touches it
warning: in the working copy of '.claude/hooks/voice/piper-download-voices.sh', LF will be replaced by CRLF the next time Git touches it
warning: in the working copy of '.claude/hooks/voice/piper-installer.sh', LF will be replaced by CRLF the next time Git touches it
warning: in the working copy of '.claude/hooks/voice/piper-multispeaker-registry.sh', LF will be replaced by CRLF the next time Git touches it
warning: in the working copy of '.claude/hooks/voice/piper-voice-manager.sh', LF will be replaced by CRLF the next time Git touches it
warning: in the working copy of '.claude/hooks/voice/play-tts-enhanced.sh', LF will be replaced by CRLF the next time Git touches it
warning: in the working copy of '.claude/hooks/voice/play-tts-macos.sh', LF will be replaced by CRLF the next time Git touches it
warning: in the working copy of '.claude/hooks/voice/play-tts-piper.sh', LF will be replaced by CRLF the next time Git touches it
warning: in the working copy of '.claude/hooks/voice/play-tts.sh', LF will be replaced by CRLF the next time Git touches it
warning: in the working copy of '.claude/hooks/voice/provider-commands.sh', LF will be replaced by CRLF the next time Git touches it
warning: in the working copy of '.claude/hooks/voice/provider-manager.sh', LF will be replaced by CRLF the next time Git touches it
warning: in the working copy of '.claude/hooks/voice/quick-tts.sh', LF will be replaced by CRLF the next time Git touches it
warning: in the working copy of '.claude/hooks/voice/replay-target-audio.sh', LF will be replaced by CRLF the next time Git touches it
warning: in the working copy of '.claude/hooks/voice/sentiment-manager.sh', LF will be replaced by CRLF the next time Git touches it
warning: in the working copy of '.claude/hooks/voice/speed-manager.sh', LF will be replaced by CRLF the next time Git touches it
warning: in the working copy of '.claude/hooks/voice/translate-manager.sh', LF will be replaced by CRLF the next time Git touches it
warning: in the working copy of '.claude/hooks/voice/verbosity-manager.sh', LF will be replaced by CRLF the next time Git touches it
warning: in the working copy of 'psi/state/pulse/events.jsonl', LF will be replaced by CRLF the next time Git touches it
warning: in the working copy of 'psi/state/pulse/memory-errors.log', LF will be replaced by CRLF the next time Git touches it
warning: in the working copy of '.claude/hooks/core/matrix-activate-agent.sh', LF will be replaced by CRLF the next time Git touches it
warning: in the working copy of '.claude/hooks/core/matrix-artifact.sh', LF will be replaced by CRLF the next time Git touches it
warning: in the working copy of '.claude/hooks/core/matrix-comm.sh', LF will be replaced by CRLF the next time Git touches it
warning: in the working copy of '.claude/hooks/core/matrix-diagnostic.sh', LF will be replaced by CRLF the next time Git touches it
warning: in the working copy of '.claude/hooks/core/matrix-dispatch.sh', LF will be replaced by CRLF the next time Git touches it
warning: in the working copy of '.claude/hooks/core/matrix-lock-check.sh', LF will be replaced by CRLF the next time Git touches it
warning: in the working copy of '.claude/hooks/core/matrix-permission-gate.sh', LF will be replaced by CRLF the next time Git touches it
warning: in the working copy of '.claude/hooks/core/matrix-return.sh', LF will be replaced by CRLF the next time Git touches it
warning: in the working copy of '.claude/hooks/core/matrix-services.sh', LF will be replaced by CRLF the next time Git touches it
warning: in the working copy of '.claude/hooks/core/matrix-session-start.sh', LF will be replaced by CRLF the next time Git touches it
warning: in the working copy of '.claude/hooks/core/matrix-source-bash-guard.sh', LF will be replaced by CRLF the next time Git touches it
warning: in the working copy of '.claude/hooks/core/matrix-source-guard.sh', LF will be replaced by CRLF the next time Git touches it
warning: in the working copy of '.claude/hooks/core/matrix-spawn.sh', LF will be replaced by CRLF the next time Git touches it
warning: in the working copy of '.claude/hooks/core/matrix-subagent-complete.sh', LF will be replaced by CRLF the next time Git touches it
warning: in the working copy of '.claude/hooks/core/matrix-subagent-start.sh', LF will be replaced by CRLF the next time Git touches it
warning: in the working copy of '.claude/hooks/core/matrix-task-completed.sh', LF will be replaced by CRLF the next time Git touches it
warning: in the working copy of '.claude/hooks/core/matrix-teammate-idle.sh', LF will be replaced by CRLF the next time Git touches it
warning: in the working copy of '.claude/hooks/core/stop.sh', LF will be replaced by CRLF the next time Git touches it
warning: in the working copy of '.claude/hooks/pulse/pulse-agent-messenger.sh', LF will be replaced by CRLF the next time Git touches it
warning: in the working copy of '.claude/hooks/pulse/pulse-auto-evolve.sh', LF will be replaced by CRLF the next time Git touches it
warning: in the working copy of '.claude/hooks/pulse/pulse-auto-git.sh', LF will be replaced by CRLF the next time Git touches it
warning: in the working copy of '.claude/hooks/pulse/pulse-context-compressor.sh', LF will be replaced by CRLF the next time Git touches it
warning: in the working copy of '.claude/hooks/pulse/pulse-context-loader.sh', LF will be replaced by CRLF the next time Git touches it
warning: in the working copy of '.claude/hooks/pulse/pulse-dashboard.sh', LF will be replaced by CRLF the next time Git touches it
warning: in the working copy of '.claude/hooks/pulse/pulse-dispatch-bundler.sh', LF will be replaced by CRLF the next time Git touches it
warning: in the working copy of '.claude/hooks/pulse/pulse-dispatch-learner.sh', LF will be replaced by CRLF the next time Git touches it
warning: in the working copy of '.claude/hooks/pulse/pulse-event-dispatcher.sh', LF will be replaced by CRLF the next time Git touches it
warning: in the working copy of '.claude/hooks/pulse/pulse-event-writer.sh', LF will be replaced by CRLF the next time Git touches it
warning: in the working copy of '.claude/hooks/pulse/pulse-metrics.sh', LF will be replaced by CRLF the next time Git touches it
warning: in the working copy of '.claude/hooks/pulse/pulse-notification-intel.sh', LF will be replaced by CRLF the next time Git touches it
warning: in the working copy of '.claude/hooks/pulse/pulse-pattern-scanner.sh', LF will be replaced by CRLF the next time Git touches it
warning: in the working copy of '.claude/hooks/pulse/pulse-post-action.sh', LF will be replaced by CRLF the next time Git touches it
warning: in the working copy of '.claude/hooks/pulse/pulse-pre-compact.sh', LF will be replaced by CRLF the next time Git touches it
warning: in the working copy of '.claude/hooks/pulse/pulse-proactive-boot.sh', LF will be replaced by CRLF the next time Git touches it
warning: in the working copy of '.claude/hooks/pulse/pulse-proactive-intel.sh', LF will be replaced by CRLF the next time Git touches it
warning: in the working copy of '.claude/hooks/pulse/pulse-self-heal.sh', LF will be replaced by CRLF the next time Git touches it
warning: in the working copy of '.claude/hooks/pulse/pulse-session-continuity.sh', LF will be replaced by CRLF the next time Git touches it
warning: in the working copy of '.claude/hooks/pulse/pulse-session-end.sh', LF will be replaced by CRLF the next time Git touches it
warning: in the working copy of '.claude/hooks/pulse/pulse-skill-discovery.sh', LF will be replaced by CRLF the next time Git touches it
warning: in the working copy of '.claude/hooks/pulse/pulse-smart-router.sh', LF will be replaced by CRLF the next time Git touches it
warning: in the working copy of '.claude/hooks/pulse/pulse-team-orchestrator.sh', LF will be replaced by CRLF the next time Git touches it
warning: in the working copy of '.claude/hooks/pulse/pulse-watchdog.sh', LF will be replaced by CRLF the next time Git touches it
warning: in the working copy of '.claude/hooks/util/configure-rdp-mode.sh', LF will be replaced by CRLF the next time Git touches it
warning: in the working copy of '.claude/hooks/util/github-star-reminder.sh', LF will be replaced by CRLF the next time Git touches it
warning: in the working copy of '.claude/hooks/util/learn-manager.sh', LF will be replaced by CRLF the next time Git touches it
warning: in the working copy of '.claude/hooks/util/migrate-background-music.sh', LF will be replaced by CRLF the next time Git touches it
warning: in the working copy of '.claude/hooks/util/migrate-to-agentvibes.sh', LF will be replaced by CRLF the next time Git touches it
warning: in the working copy of '.claude/hooks/util/session-memory-save.sh', LF will be replaced by CRLF the next time Git touches it
warning: in the working copy of '.claude/hooks/voice/audio-processor.sh', LF will be replaced by CRLF the next time Git touches it
warning: in the working copy of '.claude/hooks/voice/background-music-manager.sh', LF will be replaced by CRLF the next time Git touches it
warning: in the working copy of '.claude/hooks/voice/bmad-party-manager.sh', LF will be replaced by CRLF the next time Git touches it
warning: in the working copy of '.claude/hooks/voice/bmad-speak-enhanced.sh', LF will be replaced by CRLF the next time Git touches it
warning: in the working copy of '.claude/hooks/voice/bmad-speak.sh', LF will be replaced by CRLF the next time Git touches it
warning: in the working copy of '.claude/hooks/voice/bmad-tts-injector.sh', LF will be replaced by CRLF the next time Git touches it
warning: in the working copy of '.claude/hooks/voice/bmad-voice-manager.sh', LF will be replaced by CRLF the next time Git touches it
warning: in the working copy of '.claude/hooks/voice/bootstrap-voice.sh', LF will be replaced by CRLF the next time Git touches it
warning: in the working copy of '.claude/hooks/voice/download-extra-voices.sh', LF will be replaced by CRLF the next time Git touches it
warning: in the working copy of '.claude/hooks/voice/effects-manager.sh', LF will be replaced by CRLF the next time Git touches it
warning: in the working copy of '.claude/hooks/voice/language-manager.sh', LF will be replaced by CRLF the next time Git touches it
warning: in the working copy of '.claude/hooks/voice/macos-voice-manager.sh', LF will be replaced by CRLF the next time Git touches it
warning: in the working copy of '.claude/hooks/voice/matrix-verify-voices.sh', LF will be replaced by CRLF the next time Git touches it
warning: in the working copy of '.claude/hooks/voice/optimize-background-music.sh', LF will be replaced by CRLF the next time Git touches it
warning: in the working copy of '.claude/hooks/voice/personality-manager.sh', LF will be replaced by CRLF the next time Git touches it
warning: in the working copy of '.claude/hooks/voice/piper-download-voices.sh', LF will be replaced by CRLF the next time Git touches it
warning: in the working copy of '.claude/hooks/voice/piper-installer.sh', LF will be replaced by CRLF the next time Git touches it
warning: in the working copy of '.claude/hooks/voice/piper-multispeaker-registry.sh', LF will be replaced by CRLF the next time Git touches it
warning: in the working copy of '.claude/hooks/voice/piper-voice-manager.sh', LF will be replaced by CRLF the next time Git touches it
warning: in the working copy of '.claude/hooks/voice/play-tts-enhanced.sh', LF will be replaced by CRLF the next time Git touches it
warning: in the working copy of '.claude/hooks/voice/play-tts-macos.sh', LF will be replaced by CRLF the next time Git touches it
warning: in the working copy of '.claude/hooks/voice/play-tts-piper.sh', LF will be replaced by CRLF the next time Git touches it
warning: in the working copy of '.claude/hooks/voice/play-tts.sh', LF will be replaced by CRLF the next time Git touches it
warning: in the working copy of '.claude/hooks/voice/provider-commands.sh', LF will be replaced by CRLF the next time Git touches it
warning: in the working copy of '.claude/hooks/voice/provider-manager.sh', LF will be replaced by CRLF the next time Git touches it
warning: in the working copy of '.claude/hooks/voice/quick-tts.sh', LF will be replaced by CRLF the next time Git touches it
warning: in the working copy of '.claude/hooks/voice/replay-target-audio.sh', LF will be replaced by CRLF the next time Git touches it
warning: in the working copy of '.claude/hooks/voice/sentiment-manager.sh', LF will be replaced by CRLF the next time Git touches it
warning: in the working copy of '.claude/hooks/voice/speed-manager.sh', LF will be replaced by CRLF the next time Git touches it
warning: in the working copy of '.claude/hooks/voice/translate-manager.sh', LF will be replaced by CRLF the next time Git touches it
warning: in the working copy of '.claude/hooks/voice/verbosity-manager.sh', LF will be replaced by CRLF the next time Git touches it
warning: in the working copy of 'psi/state/pulse/events.jsonl', LF will be replaced by CRLF the next time Git touches it
warning: in the working copy of 'psi/state/pulse/memory-errors.log', LF will be replaced by CRLF the next time Git touches it
[VectorDB] Using Transformers.js with model: multilingual-e5-base
[VectorDB] Failed to initialize: 4645 |     if (offlineError(err)) {
4646 |       throw new ChromaConnectionError(
4647 |         "Failed to connect to chromadb. Make sure your server is running and try again. If you are running from a browser, make sure that your chromadb instance is configured to allow requests from the current origin using the CHROMA_SERVER_CORS_ALLOW_ORIGINS environment variable."
4648 |       );
4649 |     }
4650 |     throw new ChromaConnectionError("Failed to connect to Chroma");
                 ^
ChromaConnectionError: Failed to connect to Chroma
 cause: undefined,

      at <anonymous> (C:\Users\jsanitareephon\.bun\install\cache\chromadb@3.4.0@@@1\dist\chromadb.mjs:4650:11)
      at async <anonymous> (C:\Users\jsanitareephon\.bun\install\cache\chromadb@3.4.0@@@1\dist\chromadb.mjs:338:32)
      at async getOrCreateCollection (C:\Users\jsanitareephon\.bun\install\cache\chromadb@3.4.0@@@1\dist\chromadb.mjs:5154:46)
      at async initVectorDB (C:\Workspace\Dev\the-matrix\src\memory\vector-db.ts:500:33)
      at async saveCurrentSession (C:\Workspace\Dev\the-matrix\scripts\memory\save-session.ts:723:11)

$ bun run scripts/memory/index.ts learn "C:/Workspace/Dev/the-matrix/psi/memory/sessions/2026-03/2026-03-20_14.03_auto-pulse.md"
[VectorDB] Using Transformers.js with model: multilingual-e5-base
[VectorDB] Failed to initialize: 4645 |     if (offlineError(err)) {
4646 |       throw new ChromaConnectionError(
4647 |         "Failed to connect to chromadb. Make sure your server is running and try again. If you are running from a browser, make sure that your chromadb instance is configured to allow requests from the current origin using the CHROMA_SERVER_CORS_ALLOW_ORIGINS environment variable."
4648 |       );
4649 |     }
4650 |     throw new ChromaConnectionError("Failed to connect to Chroma");
                 ^
ChromaConnectionError: Failed to connect to Chroma
 cause: undefined,

      at <anonymous> (C:\Users\jsanitareephon\.bun\install\cache\chromadb@3.4.0@@@1\dist\chromadb.mjs:4650:11)
      at async <anonymous> (C:\Users\jsanitareephon\.bun\install\cache\chromadb@3.4.0@@@1\dist\chromadb.mjs:338:32)
      at async getOrCreateCollection (C:\Users\jsanitareephon\.bun\install\cache\chromadb@3.4.0@@@1\dist\chromadb.mjs:5154:46)
      at async initVectorDB (C:\Workspace\Dev\the-matrix\src\memory\vector-db.ts:500:33)
      at async saveLearning (C:\Workspace\Dev\the-matrix\scripts\memory\learn.ts:578:11)
      at async learnFromFile (C:\Workspace\Dev\the-matrix\scripts\memory\learn.ts:157:15)
      at async main (C:\Workspace\Dev\the-matrix\scripts\memory\learn.ts:720:15)

$ bun run scripts/memory/index.ts save "Auto-saved session via pulse hook"
The system cannot find the path specified.
The system cannot find the path specified.
The system cannot find the path specified.
The system cannot find the path specified.
warning: in the working copy of '.claude/hooks/core/matrix-activate-agent.sh', LF will be replaced by CRLF the next time Git touches it
warning: in the working copy of '.claude/hooks/core/matrix-artifact.sh', LF will be replaced by CRLF the next time Git touches it
warning: in the working copy of '.claude/hooks/core/matrix-comm.sh', LF will be replaced by CRLF the next time Git touches it
warning: in the working copy of '.claude/hooks/core/matrix-diagnostic.sh', LF will be replaced by CRLF the next time Git touches it
warning: in the working copy of '.claude/hooks/core/matrix-dispatch.sh', LF will be replaced by CRLF the next time Git touches it
warning: in the working copy of '.claude/hooks/core/matrix-lock-check.sh', LF will be replaced by CRLF the next time Git touches it
warning: in the working copy of '.claude/hooks/core/matrix-permission-gate.sh', LF will be replaced by CRLF the next time Git touches it
warning: in the working copy of '.claude/hooks/core/matrix-return.sh', LF will be replaced by CRLF the next time Git touches it
warning: in the working copy of '.claude/hooks/core/matrix-services.sh', LF will be replaced by CRLF the next time Git touches it
warning: in the working copy of '.claude/hooks/core/matrix-session-start.sh', LF will be replaced by CRLF the next time Git touches it
warning: in the working copy of '.claude/hooks/core/matrix-source-bash-guard.sh', LF will be replaced by CRLF the next time Git touches it
warning: in the working copy of '.claude/hooks/core/matrix-source-guard.sh', LF will be replaced by CRLF the next time Git touches it
warning: in the working copy of '.claude/hooks/core/matrix-spawn.sh', LF will be replaced by CRLF the next time Git touches it
warning: in the working copy of '.claude/hooks/core/matrix-subagent-complete.sh', LF will be replaced by CRLF the next time Git touches it
warning: in the working copy of '.claude/hooks/core/matrix-subagent-start.sh', LF will be replaced by CRLF the next time Git touches it
warning: in the working copy of '.claude/hooks/core/matrix-task-completed.sh', LF will be replaced by CRLF the next time Git touches it
warning: in the working copy of '.claude/hooks/core/matrix-teammate-idle.sh', LF will be replaced by CRLF the next time Git touches it
warning: in the working copy of '.claude/hooks/core/stop.sh', LF will be replaced by CRLF the next time Git touches it
warning: in the working copy of '.claude/hooks/pulse/pulse-agent-messenger.sh', LF will be replaced by CRLF the next time Git touches it
warning: in the working copy of '.claude/hooks/pulse/pulse-auto-evolve.sh', LF will be replaced by CRLF the next time Git touches it
warning: in the working copy of '.claude/hooks/pulse/pulse-auto-git.sh', LF will be replaced by CRLF the next time Git touches it
warning: in the working copy of '.claude/hooks/pulse/pulse-context-compressor.sh', LF will be replaced by CRLF the next time Git touches it
warning: in the working copy of '.claude/hooks/pulse/pulse-context-loader.sh', LF will be replaced by CRLF the next time Git touches it
warning: in the working copy of '.claude/hooks/pulse/pulse-dashboard.sh', LF will be replaced by CRLF the next time Git touches it
warning: in the working copy of '.claude/hooks/pulse/pulse-dispatch-bundler.sh', LF will be replaced by CRLF the next time Git touches it
warning: in the working copy of '.claude/hooks/pulse/pulse-dispatch-learner.sh', LF will be replaced by CRLF the next time Git touches it
warning: in the working copy of '.claude/hooks/pulse/pulse-event-dispatcher.sh', LF will be replaced by CRLF the next time Git touches it
warning: in the working copy of '.claude/hooks/pulse/pulse-event-writer.sh', LF will be replaced by CRLF the next time Git touches it
warning: in the working copy of '.claude/hooks/pulse/pulse-metrics.sh', LF will be replaced by CRLF the next time Git touches it
warning: in the working copy of '.claude/hooks/pulse/pulse-notification-intel.sh', LF will be replaced by CRLF the next time Git touches it
warning: in the working copy of '.claude/hooks/pulse/pulse-pattern-scanner.sh', LF will be replaced by CRLF the next time Git touches it
warning: in the working copy of '.claude/hooks/pulse/pulse-post-action.sh', LF will be replaced by CRLF the next time Git touches it
warning: in the working copy of '.claude/hooks/pulse/pulse-pre-compact.sh', LF will be replaced by CRLF the next time Git touches it
warning: in the working copy of '.claude/hooks/pulse/pulse-proactive-boot.sh', LF will be replaced by CRLF the next time Git touches it
warning: in the working copy of '.claude/hooks/pulse/pulse-proactive-intel.sh', LF will be replaced by CRLF the next time Git touches it
warning: in the working copy of '.claude/hooks/pulse/pulse-self-heal.sh', LF will be replaced by CRLF the next time Git touches it
warning: in the working copy of '.claude/hooks/pulse/pulse-session-continuity.sh', LF will be replaced by CRLF the next time Git touches it
warning: in the working copy of '.claude/hooks/pulse/pulse-session-end.sh', LF will be replaced by CRLF the next time Git touches it
warning: in the working copy of '.claude/hooks/pulse/pulse-skill-discovery.sh', LF will be replaced by CRLF the next time Git touches it
warning: in the working copy of '.claude/hooks/pulse/pulse-smart-router.sh', LF will be replaced by CRLF the next time Git touches it
warning: in the working copy of '.claude/hooks/pulse/pulse-team-orchestrator.sh', LF will be replaced by CRLF the next time Git touches it
warning: in the working copy of '.claude/hooks/pulse/pulse-watchdog.sh', LF will be replaced by CRLF the next time Git touches it
warning: in the working copy of '.claude/hooks/util/configure-rdp-mode.sh', LF will be replaced by CRLF the next time Git touches it
warning: in the working copy of '.claude/hooks/util/github-star-reminder.sh', LF will be replaced by CRLF the next time Git touches it
warning: in the working copy of '.claude/hooks/util/learn-manager.sh', LF will be replaced by CRLF the next time Git touches it
warning: in the working copy of '.claude/hooks/util/migrate-background-music.sh', LF will be replaced by CRLF the next time Git touches it
warning: in the working copy of '.claude/hooks/util/migrate-to-agentvibes.sh', LF will be replaced by CRLF the next time Git touches it
warning: in the working copy of '.claude/hooks/util/session-memory-save.sh', LF will be replaced by CRLF the next time Git touches it
warning: in the working copy of '.claude/hooks/voice/audio-processor.sh', LF will be replaced by CRLF the next time Git touches it
warning: in the working copy of '.claude/hooks/voice/background-music-manager.sh', LF will be replaced by CRLF the next time Git touches it
warning: in the working copy of '.claude/hooks/voice/bmad-party-manager.sh', LF will be replaced by CRLF the next time Git touches it
warning: in the working copy of '.claude/hooks/voice/bmad-speak-enhanced.sh', LF will be replaced by CRLF the next time Git touches it
warning: in the working copy of '.claude/hooks/voice/bmad-speak.sh', LF will be replaced by CRLF the next time Git touches it
warning: in the working copy of '.claude/hooks/voice/bmad-tts-injector.sh', LF will be replaced by CRLF the next time Git touches it
warning: in the working copy of '.claude/hooks/voice/bmad-voice-manager.sh', LF will be replaced by CRLF the next time Git touches it
warning: in the working copy of '.claude/hooks/voice/bootstrap-voice.sh', LF will be replaced by CRLF the next time Git touches it
warning: in the working copy of '.claude/hooks/voice/download-extra-voices.sh', LF will be replaced by CRLF the next time Git touches it
warning: in the working copy of '.claude/hooks/voice/effects-manager.sh', LF will be replaced by CRLF the next time Git touches it
warning: in the working copy of '.claude/hooks/voice/language-manager.sh', LF will be replaced by CRLF the next time Git touches it
warning: in the working copy of '.claude/hooks/voice/macos-voice-manager.sh', LF will be replaced by CRLF the next time Git touches it
warning: in the working copy of '.claude/hooks/voice/matrix-verify-voices.sh', LF will be replaced by CRLF the next time Git touches it
warning: in the working copy of '.claude/hooks/voice/optimize-background-music.sh', LF will be replaced by CRLF the next time Git touches it
warning: in the working copy of '.claude/hooks/voice/personality-manager.sh', LF will be replaced by CRLF the next time Git touches it
warning: in the working copy of '.claude/hooks/voice/piper-download-voices.sh', LF will be replaced by CRLF the next time Git touches it
warning: in the working copy of '.claude/hooks/voice/piper-installer.sh', LF will be replaced by CRLF the next time Git touches it
warning: in the working copy of '.claude/hooks/voice/piper-multispeaker-registry.sh', LF will be replaced by CRLF the next time Git touches it
warning: in the working copy of '.claude/hooks/voice/piper-voice-manager.sh', LF will be replaced by CRLF the next time Git touches it
warning: in the working copy of '.claude/hooks/voice/play-tts-enhanced.sh', LF will be replaced by CRLF the next time Git touches it
warning: in the working copy of '.claude/hooks/voice/play-tts-macos.sh', LF will be replaced by CRLF the next time Git touches it
warning: in the working copy of '.claude/hooks/voice/play-tts-piper.sh', LF will be replaced by CRLF the next time Git touches it
warning: in the working copy of '.claude/hooks/voice/play-tts.sh', LF will be replaced by CRLF the next time Git touches it
warning: in the working copy of '.claude/hooks/voice/provider-commands.sh', LF will be replaced by CRLF the next time Git touches it
warning: in the working copy of '.claude/hooks/voice/provider-manager.sh', LF will be replaced by CRLF the next time Git touches it
warning: in the working copy of '.claude/hooks/voice/quick-tts.sh', LF will be replaced by CRLF the next time Git touches it
warning: in the working copy of '.claude/hooks/voice/replay-target-audio.sh', LF will be replaced by CRLF the next time Git touches it
warning: in the working copy of '.claude/hooks/voice/sentiment-manager.sh', LF will be replaced by CRLF the next time Git touches it
warning: in the working copy of '.claude/hooks/voice/speed-manager.sh', LF will be replaced by CRLF the next time Git touches it
warning: in the working copy of '.claude/hooks/voice/translate-manager.sh', LF will be replaced by CRLF the next time Git touches it
warning: in the working copy of '.claude/hooks/voice/verbosity-manager.sh', LF will be replaced by CRLF the next time Git touches it
warning: in the working copy of 'psi/state/pulse/events.jsonl', LF will be replaced by CRLF the next time Git touches it
warning: in the working copy of 'psi/state/pulse/memory-errors.log', LF will be replaced by CRLF the next time Git touches it
warning: in the working copy of '.claude/hooks/core/matrix-activate-agent.sh', LF will be replaced by CRLF the next time Git touches it
warning: in the working copy of '.claude/hooks/core/matrix-artifact.sh', LF will be replaced by CRLF the next time Git touches it
warning: in the working copy of '.claude/hooks/core/matrix-comm.sh', LF will be replaced by CRLF the next time Git touches it
warning: in the working copy of '.claude/hooks/core/matrix-diagnostic.sh', LF will be replaced by CRLF the next time Git touches it
warning: in the working copy of '.claude/hooks/core/matrix-dispatch.sh', LF will be replaced by CRLF the next time Git touches it
warning: in the working copy of '.claude/hooks/core/matrix-lock-check.sh', LF will be replaced by CRLF the next time Git touches it
warning: in the working copy of '.claude/hooks/core/matrix-permission-gate.sh', LF will be replaced by CRLF the next time Git touches it
warning: in the working copy of '.claude/hooks/core/matrix-return.sh', LF will be replaced by CRLF the next time Git touches it
warning: in the working copy of '.claude/hooks/core/matrix-services.sh', LF will be replaced by CRLF the next time Git touches it
warning: in the working copy of '.claude/hooks/core/matrix-session-start.sh', LF will be replaced by CRLF the next time Git touches it
warning: in the working copy of '.claude/hooks/core/matrix-source-bash-guard.sh', LF will be replaced by CRLF the next time Git touches it
warning: in the working copy of '.claude/hooks/core/matrix-source-guard.sh', LF will be replaced by CRLF the next time Git touches it
warning: in the working copy of '.claude/hooks/core/matrix-spawn.sh', LF will be replaced by CRLF the next time Git touches it
warning: in the working copy of '.claude/hooks/core/matrix-subagent-complete.sh', LF will be replaced by CRLF the next time Git touches it
warning: in the working copy of '.claude/hooks/core/matrix-subagent-start.sh', LF will be replaced by CRLF the next time Git touches it
warning: in the working copy of '.claude/hooks/core/matrix-task-completed.sh', LF will be replaced by CRLF the next time Git touches it
warning: in the working copy of '.claude/hooks/core/matrix-teammate-idle.sh', LF will be replaced by CRLF the next time Git touches it
warning: in the working copy of '.claude/hooks/core/stop.sh', LF will be replaced by CRLF the next time Git touches it
warning: in the working copy of '.claude/hooks/pulse/pulse-agent-messenger.sh', LF will be replaced by CRLF the next time Git touches it
warning: in the working copy of '.claude/hooks/pulse/pulse-auto-evolve.sh', LF will be replaced by CRLF the next time Git touches it
warning: in the working copy of '.claude/hooks/pulse/pulse-auto-git.sh', LF will be replaced by CRLF the next time Git touches it
warning: in the working copy of '.claude/hooks/pulse/pulse-context-compressor.sh', LF will be replaced by CRLF the next time Git touches it
warning: in the working copy of '.claude/hooks/pulse/pulse-context-loader.sh', LF will be replaced by CRLF the next time Git touches it
warning: in the working copy of '.claude/hooks/pulse/pulse-dashboard.sh', LF will be replaced by CRLF the next time Git touches it
warning: in the working copy of '.claude/hooks/pulse/pulse-dispatch-bundler.sh', LF will be replaced by CRLF the next time Git touches it
warning: in the working copy of '.claude/hooks/pulse/pulse-dispatch-learner.sh', LF will be replaced by CRLF the next time Git touches it
warning: in the working copy of '.claude/hooks/pulse/pulse-event-dispatcher.sh', LF will be replaced by CRLF the next time Git touches it
warning: in the working copy of '.claude/hooks/pulse/pulse-event-writer.sh', LF will be replaced by CRLF the next time Git touches it
warning: in the working copy of '.claude/hooks/pulse/pulse-metrics.sh', LF will be replaced by CRLF the next time Git touches it
warning: in the working copy of '.claude/hooks/pulse/pulse-notification-intel.sh', LF will be replaced by CRLF the next time Git touches it
warning: in the working copy of '.claude/hooks/pulse/pulse-pattern-scanner.sh', LF will be replaced by CRLF the next time Git touches it
warning: in the working copy of '.claude/hooks/pulse/pulse-post-action.sh', LF will be replaced by CRLF the next time Git touches it
warning: in the working copy of '.claude/hooks/pulse/pulse-pre-compact.sh', LF will be replaced by CRLF the next time Git touches it
warning: in the working copy of '.claude/hooks/pulse/pulse-proactive-boot.sh', LF will be replaced by CRLF the next time Git touches it
warning: in the working copy of '.claude/hooks/pulse/pulse-proactive-intel.sh', LF will be replaced by CRLF the next time Git touches it
warning: in the working copy of '.claude/hooks/pulse/pulse-self-heal.sh', LF will be replaced by CRLF the next time Git touches it
warning: in the working copy of '.claude/hooks/pulse/pulse-session-continuity.sh', LF will be replaced by CRLF the next time Git touches it
warning: in the working copy of '.claude/hooks/pulse/pulse-session-end.sh', LF will be replaced by CRLF the next time Git touches it
warning: in the working copy of '.claude/hooks/pulse/pulse-skill-discovery.sh', LF will be replaced by CRLF the next time Git touches it
warning: in the working copy of '.claude/hooks/pulse/pulse-smart-router.sh', LF will be replaced by CRLF the next time Git touches it
warning: in the working copy of '.claude/hooks/pulse/pulse-team-orchestrator.sh', LF will be replaced by CRLF the next time Git touches it
warning: in the working copy of '.claude/hooks/pulse/pulse-watchdog.sh', LF will be replaced by CRLF the next time Git touches it
warning: in the working copy of '.claude/hooks/util/configure-rdp-mode.sh', LF will be replaced by CRLF the next time Git touches it
warning: in the working copy of '.claude/hooks/util/github-star-reminder.sh', LF will be replaced by CRLF the next time Git touches it
warning: in the working copy of '.claude/hooks/util/learn-manager.sh', LF will be replaced by CRLF the next time Git touches it
warning: in the working copy of '.claude/hooks/util/migrate-background-music.sh', LF will be replaced by CRLF the next time Git touches it
warning: in the working copy of '.claude/hooks/util/migrate-to-agentvibes.sh', LF will be replaced by CRLF the next time Git touches it
warning: in the working copy of '.claude/hooks/util/session-memory-save.sh', LF will be replaced by CRLF the next time Git touches it
warning: in the working copy of '.claude/hooks/voice/audio-processor.sh', LF will be replaced by CRLF the next time Git touches it
warning: in the working copy of '.claude/hooks/voice/background-music-manager.sh', LF will be replaced by CRLF the next time Git touches it
warning: in the working copy of '.claude/hooks/voice/bmad-party-manager.sh', LF will be replaced by CRLF the next time Git touches it
warning: in the working copy of '.claude/hooks/voice/bmad-speak-enhanced.sh', LF will be replaced by CRLF the next time Git touches it
warning: in the working copy of '.claude/hooks/voice/bmad-speak.sh', LF will be replaced by CRLF the next time Git touches it
warning: in the working copy of '.claude/hooks/voice/bmad-tts-injector.sh', LF will be replaced by CRLF the next time Git touches it
warning: in the working copy of '.claude/hooks/voice/bmad-voice-manager.sh', LF will be replaced by CRLF the next time Git touches it
warning: in the working copy of '.claude/hooks/voice/bootstrap-voice.sh', LF will be replaced by CRLF the next time Git touches it
warning: in the working copy of '.claude/hooks/voice/download-extra-voices.sh', LF will be replaced by CRLF the next time Git touches it
warning: in the working copy of '.claude/hooks/voice/effects-manager.sh', LF will be replaced by CRLF the next time Git touches it
warning: in the working copy of '.claude/hooks/voice/language-manager.sh', LF will be replaced by CRLF the next time Git touches it
warning: in the working copy of '.claude/hooks/voice/macos-voice-manager.sh', LF will be replaced by CRLF the next time Git touches it
warning: in the working copy of '.claude/hooks/voice/matrix-verify-voices.sh', LF will be replaced by CRLF the next time Git touches it
warning: in the working copy of '.claude/hooks/voice/optimize-background-music.sh', LF will be replaced by CRLF the next time Git touches it
warning: in the working copy of '.claude/hooks/voice/personality-manager.sh', LF will be replaced by CRLF the next time Git touches it
warning: in the working copy of '.claude/hooks/voice/piper-download-voices.sh', LF will be replaced by CRLF the next time Git touches it
warning: in the working copy of '.claude/hooks/voice/piper-installer.sh', LF will be replaced by CRLF the next time Git touches it
warning: in the working copy of '.claude/hooks/voice/piper-multispeaker-registry.sh', LF will be replaced by CRLF the next time Git touches it
warning: in the working copy of '.claude/hooks/voice/piper-voice-manager.sh', LF will be replaced by CRLF the next time Git touches it
warning: in the working copy of '.claude/hooks/voice/play-tts-enhanced.sh', LF will be replaced by CRLF the next time Git touches it
warning: in the working copy of '.claude/hooks/voice/play-tts-macos.sh', LF will be replaced by CRLF the next time Git touches it
warning: in the working copy of '.claude/hooks/voice/play-tts-piper.sh', LF will be replaced by CRLF the next time Git touches it
warning: in the working copy of '.claude/hooks/voice/play-tts.sh', LF will be replaced by CRLF the next time Git touches it
warning: in the working copy of '.claude/hooks/voice/provider-commands.sh', LF will be replaced by CRLF the next time Git touches it
warning: in the working copy of '.claude/hooks/voice/provider-manager.sh', LF will be replaced by CRLF the next time Git touches it
warning: in the working copy of '.claude/hooks/voice/quick-tts.sh', LF will be replaced by CRLF the next time Git touches it
warning: in the working copy of '.claude/hooks/voice/replay-target-audio.sh', LF will be replaced by CRLF the next time Git touches it
warning: in the working copy of '.claude/hooks/voice/sentiment-manager.sh', LF will be replaced by CRLF the next time Git touches it
warning: in the working copy of '.claude/hooks/voice/speed-manager.sh', LF will be replaced by CRLF the next time Git touches it
warning: in the working copy of '.claude/hooks/voice/translate-manager.sh', LF will be replaced by CRLF the next time Git touches it
warning: in the working copy of '.claude/hooks/voice/verbosity-manager.sh', LF will be replaced by CRLF the next time Git touches it
warning: in the working copy of 'psi/state/pulse/events.jsonl', LF will be replaced by CRLF the next time Git touches it
warning: in the working copy of 'psi/state/pulse/memory-errors.log', LF will be replaced by CRLF the next time Git touches it
[VectorDB] Using Transformers.js with model: multilingual-e5-base
[VectorDB] Failed to initialize: 4645 |     if (offlineError(err)) {
4646 |       throw new ChromaConnectionError(
4647 |         "Failed to connect to chromadb. Make sure your server is running and try again. If you are running from a browser, make sure that your chromadb instance is configured to allow requests from the current origin using the CHROMA_SERVER_CORS_ALLOW_ORIGINS environment variable."
4648 |       );
4649 |     }
4650 |     throw new ChromaConnectionError("Failed to connect to Chroma");
                 ^
ChromaConnectionError: Failed to connect to Chroma
 cause: undefined,

      at <anonymous> (C:\Users\jsanitareephon\.bun\install\cache\chromadb@3.4.0@@@1\dist\chromadb.mjs:4650:11)
      at async <anonymous> (C:\Users\jsanitareephon\.bun\install\cache\chromadb@3.4.0@@@1\dist\chromadb.mjs:338:32)
      at async getOrCreateCollection (C:\Users\jsanitareephon\.bun\install\cache\chromadb@3.4.0@@@1\dist\chromadb.mjs:5154:46)
      at async initVectorDB (C:\Workspace\Dev\the-matrix\src\memory\vector-db.ts:500:33)
      at async saveCurrentSession (C:\Workspace\Dev\the-matrix\scripts\memory\save-session.ts:723:11)

$ bun run scripts/memory/index.ts learn "C:/Workspace/Dev/the-matrix/psi/memory/sessions/2026-03/2026-03-20_14.12_auto-pulse.md"
[VectorDB] Using Transformers.js with model: multilingual-e5-base
[VectorDB] Failed to initialize: 4645 |     if (offlineError(err)) {
4646 |       throw new ChromaConnectionError(
4647 |         "Failed to connect to chromadb. Make sure your server is running and try again. If you are running from a browser, make sure that your chromadb instance is configured to allow requests from the current origin using the CHROMA_SERVER_CORS_ALLOW_ORIGINS environment variable."
4648 |       );
4649 |     }
4650 |     throw new ChromaConnectionError("Failed to connect to Chroma");
                 ^
ChromaConnectionError: Failed to connect to Chroma
 cause: undefined,

      at <anonymous> (C:\Users\jsanitareephon\.bun\install\cache\chromadb@3.4.0@@@1\dist\chromadb.mjs:4650:11)
      at async <anonymous> (C:\Users\jsanitareephon\.bun\install\cache\chromadb@3.4.0@@@1\dist\chromadb.mjs:338:32)
      at async getOrCreateCollection (C:\Users\jsanitareephon\.bun\install\cache\chromadb@3.4.0@@@1\dist\chromadb.mjs:5154:46)
      at async initVectorDB (C:\Workspace\Dev\the-matrix\src\memory\vector-db.ts:500:33)
      at async saveLearning (C:\Workspace\Dev\the-matrix\scripts\memory\learn.ts:578:11)
      at async learnFromFile (C:\Workspace\Dev\the-matrix\scripts\memory\learn.ts:157:15)
      at async main (C:\Workspace\Dev\the-matrix\scripts\memory\learn.ts:720:15)

$ bun run scripts/memory/index.ts save "Auto-saved session via pulse hook"
The system cannot find the path specified.
The system cannot find the path specified.
The system cannot find the path specified.
The system cannot find the path specified.
warning: in the working copy of 'BOOT.md', LF will be replaced by CRLF the next time Git touches it
warning: in the working copy of 'CLAUDE.md', LF will be replaced by CRLF the next time Git touches it
warning: in the working copy of 'docs/multi-agent-protocol.md', LF will be replaced by CRLF the next time Git touches it
warning: in the working copy of 'docs/systems.md', LF will be replaced by CRLF the next time Git touches it
warning: in the working copy of 'psi/state/pulse/events.jsonl', LF will be replaced by CRLF the next time Git touches it
warning: in the working copy of 'psi/state/pulse/memory-errors.log', LF will be replaced by CRLF the next time Git touches it
warning: in the working copy of 'src/daemons/control-center/control-center.ts', LF will be replaced by CRLF the next time Git touches it
warning: in the working copy of 'src/nerve/types.ts', LF will be replaced by CRLF the next time Git touches it
warning: in the working copy of 'BOOT.md', LF will be replaced by CRLF the next time Git touches it
warning: in the working copy of 'CLAUDE.md', LF will be replaced by CRLF the next time Git touches it
warning: in the working copy of 'docs/multi-agent-protocol.md', LF will be replaced by CRLF the next time Git touches it
warning: in the working copy of 'docs/systems.md', LF will be replaced by CRLF the next time Git touches it
warning: in the working copy of 'psi/state/pulse/events.jsonl', LF will be replaced by CRLF the next time Git touches it
warning: in the working copy of 'psi/state/pulse/memory-errors.log', LF will be replaced by CRLF the next time Git touches it
warning: in the working copy of 'src/daemons/control-center/control-center.ts', LF will be replaced by CRLF the next time Git touches it
warning: in the working copy of 'src/nerve/types.ts', LF will be replaced by CRLF the next time Git touches it
[VectorDB] Using Transformers.js with model: multilingual-e5-base
[VectorDB] Failed to initialize: 4645 |     if (offlineError(err)) {
4646 |       throw new ChromaConnectionError(
4647 |         "Failed to connect to chromadb. Make sure your server is running and try again. If you are running from a browser, make sure that your chromadb instance is configured to allow requests from the current origin using the CHROMA_SERVER_CORS_ALLOW_ORIGINS environment variable."
4648 |       );
4649 |     }
4650 |     throw new ChromaConnectionError("Failed to connect to Chroma");
                 ^
ChromaConnectionError: Failed to connect to Chroma
 cause: undefined,

      at <anonymous> (C:\Users\jsanitareephon\.bun\install\cache\chromadb@3.4.0@@@1\dist\chromadb.mjs:4650:11)
      at async <anonymous> (C:\Users\jsanitareephon\.bun\install\cache\chromadb@3.4.0@@@1\dist\chromadb.mjs:338:32)
      at async getOrCreateCollection (C:\Users\jsanitareephon\.bun\install\cache\chromadb@3.4.0@@@1\dist\chromadb.mjs:5154:46)
      at async initVectorDB (C:\Workspace\Dev\the-matrix\src\memory\vector-db.ts:500:33)
      at async saveCurrentSession (C:\Workspace\Dev\the-matrix\scripts\memory\save-session.ts:723:11)

$ bun run scripts/memory/index.ts learn "C:/Workspace/Dev/the-matrix/psi/memory/sessions/2026-03/2026-03-20_14.20_auto-pulse.md"
[VectorDB] Using Transformers.js with model: multilingual-e5-base
[VectorDB] Failed to initialize: 4645 |     if (offlineError(err)) {
4646 |       throw new ChromaConnectionError(
4647 |         "Failed to connect to chromadb. Make sure your server is running and try again. If you are running from a browser, make sure that your chromadb instance is configured to allow requests from the current origin using the CHROMA_SERVER_CORS_ALLOW_ORIGINS environment variable."
4648 |       );
4649 |     }
4650 |     throw new ChromaConnectionError("Failed to connect to Chroma");
                 ^
ChromaConnectionError: Failed to connect to Chroma
 cause: undefined,

      at <anonymous> (C:\Users\jsanitareephon\.bun\install\cache\chromadb@3.4.0@@@1\dist\chromadb.mjs:4650:11)
      at async <anonymous> (C:\Users\jsanitareephon\.bun\install\cache\chromadb@3.4.0@@@1\dist\chromadb.mjs:338:32)
      at async getOrCreateCollection (C:\Users\jsanitareephon\.bun\install\cache\chromadb@3.4.0@@@1\dist\chromadb.mjs:5154:46)
      at async initVectorDB (C:\Workspace\Dev\the-matrix\src\memory\vector-db.ts:500:33)
      at async saveLearning (C:\Workspace\Dev\the-matrix\scripts\memory\learn.ts:578:11)
      at async learnFromFile (C:\Workspace\Dev\the-matrix\scripts\memory\learn.ts:157:15)
      at async main (C:\Workspace\Dev\the-matrix\scripts\memory\learn.ts:720:15)

$ bun run scripts/memory/index.ts save "Auto-saved session via pulse hook"
The system cannot find the path specified.
The system cannot find the path specified.
The system cannot find the path specified.
The system cannot find the path specified.
warning: in the working copy of 'BOOT.md', LF will be replaced by CRLF the next time Git touches it
warning: in the working copy of 'CLAUDE.md', LF will be replaced by CRLF the next time Git touches it
warning: in the working copy of 'docs/multi-agent-protocol.md', LF will be replaced by CRLF the next time Git touches it
warning: in the working copy of 'docs/systems.md', LF will be replaced by CRLF the next time Git touches it
warning: in the working copy of 'psi/state/pulse/events.jsonl', LF will be replaced by CRLF the next time Git touches it
warning: in the working copy of 'psi/state/pulse/memory-errors.log', LF will be replaced by CRLF the next time Git touches it
warning: in the working copy of 'src/daemons/control-center/control-center.ts', LF will be replaced by CRLF the next time Git touches it
warning: in the working copy of 'src/nerve/types.ts', LF will be replaced by CRLF the next time Git touches it
warning: in the working copy of 'BOOT.md', LF will be replaced by CRLF the next time Git touches it
warning: in the working copy of 'CLAUDE.md', LF will be replaced by CRLF the next time Git touches it
warning: in the working copy of 'docs/multi-agent-protocol.md', LF will be replaced by CRLF the next time Git touches it
warning: in the working copy of 'docs/systems.md', LF will be replaced by CRLF the next time Git touches it
warning: in the working copy of 'psi/state/pulse/events.jsonl', LF will be replaced by CRLF the next time Git touches it
warning: in the working copy of 'psi/state/pulse/memory-errors.log', LF will be replaced by CRLF the next time Git touches it
warning: in the working copy of 'src/daemons/control-center/control-center.ts', LF will be replaced by CRLF the next time Git touches it
warning: in the working copy of 'src/nerve/types.ts', LF will be replaced by CRLF the next time Git touches it
[VectorDB] Using Transformers.js with model: multilingual-e5-base
[VectorDB] Failed to initialize: 4645 |     if (offlineError(err)) {
4646 |       throw new ChromaConnectionError(
4647 |         "Failed to connect to chromadb. Make sure your server is running and try again. If you are running from a browser, make sure that your chromadb instance is configured to allow requests from the current origin using the CHROMA_SERVER_CORS_ALLOW_ORIGINS environment variable."
4648 |       );
4649 |     }
4650 |     throw new ChromaConnectionError("Failed to connect to Chroma");
                 ^
ChromaConnectionError: Failed to connect to Chroma
 cause: undefined,

      at <anonymous> (C:\Users\jsanitareephon\.bun\install\cache\chromadb@3.4.0@@@1\dist\chromadb.mjs:4650:11)
      at async <anonymous> (C:\Users\jsanitareephon\.bun\install\cache\chromadb@3.4.0@@@1\dist\chromadb.mjs:338:32)
      at async getOrCreateCollection (C:\Users\jsanitareephon\.bun\install\cache\chromadb@3.4.0@@@1\dist\chromadb.mjs:5154:46)
      at async initVectorDB (C:\Workspace\Dev\the-matrix\src\memory\vector-db.ts:500:33)
      at async saveCurrentSession (C:\Workspace\Dev\the-matrix\scripts\memory\save-session.ts:723:11)

$ bun run scripts/memory/index.ts learn "C:/Workspace/Dev/the-matrix/psi/memory/sessions/2026-03/2026-03-20_14.22_auto-pulse.md"
[VectorDB] Using Transformers.js with model: multilingual-e5-base
[VectorDB] Failed to initialize: 4645 |     if (offlineError(err)) {
4646 |       throw new ChromaConnectionError(
4647 |         "Failed to connect to chromadb. Make sure your server is running and try again. If you are running from a browser, make sure that your chromadb instance is configured to allow requests from the current origin using the CHROMA_SERVER_CORS_ALLOW_ORIGINS environment variable."
4648 |       );
4649 |     }
4650 |     throw new ChromaConnectionError("Failed to connect to Chroma");
                 ^
ChromaConnectionError: Failed to connect to Chroma
 cause: undefined,

      at <anonymous> (C:\Users\jsanitareephon\.bun\install\cache\chromadb@3.4.0@@@1\dist\chromadb.mjs:4650:11)
      at async <anonymous> (C:\Users\jsanitareephon\.bun\install\cache\chromadb@3.4.0@@@1\dist\chromadb.mjs:338:32)
      at async getOrCreateCollection (C:\Users\jsanitareephon\.bun\install\cache\chromadb@3.4.0@@@1\dist\chromadb.mjs:5154:46)
      at async initVectorDB (C:\Workspace\Dev\the-matrix\src\memory\vector-db.ts:500:33)
      at async saveLearning (C:\Workspace\Dev\the-matrix\scripts\memory\learn.ts:578:11)
      at async learnFromFile (C:\Workspace\Dev\the-matrix\scripts\memory\learn.ts:157:15)
      at async main (C:\Workspace\Dev\the-matrix\scripts\memory\learn.ts:720:15)

$ bun run scripts/memory/index.ts save "Auto-saved session via pulse hook"
The system cannot find the path specified.
The system cannot find the path specified.
The system cannot find the path specified.
The system cannot find the path specified.
warning: in the working copy of 'BOOT.md', LF will be replaced by CRLF the next time Git touches it
warning: in the working copy of 'CLAUDE.md', LF will be replaced by CRLF the next time Git touches it
warning: in the working copy of 'docs/multi-agent-protocol.md', LF will be replaced by CRLF the next time Git touches it
warning: in the working copy of 'docs/systems.md', LF will be replaced by CRLF the next time Git touches it
warning: in the working copy of 'psi/state/pulse/events.jsonl', LF will be replaced by CRLF the next time Git touches it
warning: in the working copy of 'psi/state/pulse/memory-errors.log', LF will be replaced by CRLF the next time Git touches it
warning: in the working copy of 'src/daemons/control-center/control-center.ts', LF will be replaced by CRLF the next time Git touches it
warning: in the working copy of 'src/nerve/types.ts', LF will be replaced by CRLF the next time Git touches it
warning: in the working copy of 'BOOT.md', LF will be replaced by CRLF the next time Git touches it
warning: in the working copy of 'CLAUDE.md', LF will be replaced by CRLF the next time Git touches it
warning: in the working copy of 'docs/multi-agent-protocol.md', LF will be replaced by CRLF the next time Git touches it
warning: in the working copy of 'docs/systems.md', LF will be replaced by CRLF the next time Git touches it
warning: in the working copy of 'psi/state/pulse/events.jsonl', LF will be replaced by CRLF the next time Git touches it
warning: in the working copy of 'psi/state/pulse/memory-errors.log', LF will be replaced by CRLF the next time Git touches it
warning: in the working copy of 'src/daemons/control-center/control-center.ts', LF will be replaced by CRLF the next time Git touches it
warning: in the working copy of 'src/nerve/types.ts', LF will be replaced by CRLF the next time Git touches it
[VectorDB] Using Transformers.js with model: multilingual-e5-base
[VectorDB] Failed to initialize: 4645 |     if (offlineError(err)) {
4646 |       throw new ChromaConnectionError(
4647 |         "Failed to connect to chromadb. Make sure your server is running and try again. If you are running from a browser, make sure that your chromadb instance is configured to allow requests from the current origin using the CHROMA_SERVER_CORS_ALLOW_ORIGINS environment variable."
4648 |       );
4649 |     }
4650 |     throw new ChromaConnectionError("Failed to connect to Chroma");
                 ^
ChromaConnectionError: Failed to connect to Chroma
 cause: undefined,

      at <anonymous> (C:\Users\jsanitareephon\.bun\install\cache\chromadb@3.4.0@@@1\dist\chromadb.mjs:4650:11)
      at async <anonymous> (C:\Users\jsanitareephon\.bun\install\cache\chromadb@3.4.0@@@1\dist\chromadb.mjs:338:32)
      at async getOrCreateCollection (C:\Users\jsanitareephon\.bun\install\cache\chromadb@3.4.0@@@1\dist\chromadb.mjs:5154:46)
      at async initVectorDB (C:\Workspace\Dev\the-matrix\src\memory\vector-db.ts:500:33)
      at async saveCurrentSession (C:\Workspace\Dev\the-matrix\scripts\memory\save-session.ts:723:11)

$ bun run scripts/memory/index.ts learn "C:/Workspace/Dev/the-matrix/psi/memory/sessions/2026-03/2026-03-20_14.23_auto-pulse.md"
[VectorDB] Using Transformers.js with model: multilingual-e5-base
[VectorDB] Failed to initialize: 4645 |     if (offlineError(err)) {
4646 |       throw new ChromaConnectionError(
4647 |         "Failed to connect to chromadb. Make sure your server is running and try again. If you are running from a browser, make sure that your chromadb instance is configured to allow requests from the current origin using the CHROMA_SERVER_CORS_ALLOW_ORIGINS environment variable."
4648 |       );
4649 |     }
4650 |     throw new ChromaConnectionError("Failed to connect to Chroma");
                 ^
ChromaConnectionError: Failed to connect to Chroma
 cause: undefined,

      at <anonymous> (C:\Users\jsanitareephon\.bun\install\cache\chromadb@3.4.0@@@1\dist\chromadb.mjs:4650:11)
      at async <anonymous> (C:\Users\jsanitareephon\.bun\install\cache\chromadb@3.4.0@@@1\dist\chromadb.mjs:338:32)
      at async getOrCreateCollection (C:\Users\jsanitareephon\.bun\install\cache\chromadb@3.4.0@@@1\dist\chromadb.mjs:5154:46)
      at async initVectorDB (C:\Workspace\Dev\the-matrix\src\memory\vector-db.ts:500:33)
      at async saveLearning (C:\Workspace\Dev\the-matrix\scripts\memory\learn.ts:578:11)
      at async learnFromFile (C:\Workspace\Dev\the-matrix\scripts\memory\learn.ts:157:15)
      at async main (C:\Workspace\Dev\the-matrix\scripts\memory\learn.ts:720:15)

$ bun run scripts/memory/index.ts save "Auto-saved session via pulse hook"
The system cannot find the path specified.
The system cannot find the path specified.
The system cannot find the path specified.
The system cannot find the path specified.
warning: in the working copy of 'BOOT.md', LF will be replaced by CRLF the next time Git touches it
warning: in the working copy of 'CLAUDE.md', LF will be replaced by CRLF the next time Git touches it
warning: in the working copy of 'docs/multi-agent-protocol.md', LF will be replaced by CRLF the next time Git touches it
warning: in the working copy of 'docs/systems.md', LF will be replaced by CRLF the next time Git touches it
warning: in the working copy of 'psi/state/pulse/events.jsonl', LF will be replaced by CRLF the next time Git touches it
warning: in the working copy of 'psi/state/pulse/memory-errors.log', LF will be replaced by CRLF the next time Git touches it
warning: in the working copy of 'src/daemons/control-center/control-center.ts', LF will be replaced by CRLF the next time Git touches it
warning: in the working copy of 'src/nerve/types.ts', LF will be replaced by CRLF the next time Git touches it
warning: in the working copy of 'BOOT.md', LF will be replaced by CRLF the next time Git touches it
warning: in the working copy of 'CLAUDE.md', LF will be replaced by CRLF the next time Git touches it
warning: in the working copy of 'docs/multi-agent-protocol.md', LF will be replaced by CRLF the next time Git touches it
warning: in the working copy of 'docs/systems.md', LF will be replaced by CRLF the next time Git touches it
warning: in the working copy of 'psi/state/pulse/events.jsonl', LF will be replaced by CRLF the next time Git touches it
warning: in the working copy of 'psi/state/pulse/memory-errors.log', LF will be replaced by CRLF the next time Git touches it
warning: in the working copy of 'src/daemons/control-center/control-center.ts', LF will be replaced by CRLF the next time Git touches it
warning: in the working copy of 'src/nerve/types.ts', LF will be replaced by CRLF the next time Git touches it
[VectorDB] Using Transformers.js with model: multilingual-e5-base
[VectorDB] Failed to initialize: 4645 |     if (offlineError(err)) {
4646 |       throw new ChromaConnectionError(
4647 |         "Failed to connect to chromadb. Make sure your server is running and try again. If you are running from a browser, make sure that your chromadb instance is configured to allow requests from the current origin using the CHROMA_SERVER_CORS_ALLOW_ORIGINS environment variable."
4648 |       );
4649 |     }
4650 |     throw new ChromaConnectionError("Failed to connect to Chroma");
                 ^
ChromaConnectionError: Failed to connect to Chroma
 cause: undefined,

      at <anonymous> (C:\Users\jsanitareephon\.bun\install\cache\chromadb@3.4.0@@@1\dist\chromadb.mjs:4650:11)
      at async <anonymous> (C:\Users\jsanitareephon\.bun\install\cache\chromadb@3.4.0@@@1\dist\chromadb.mjs:338:32)
      at async getOrCreateCollection (C:\Users\jsanitareephon\.bun\install\cache\chromadb@3.4.0@@@1\dist\chromadb.mjs:5154:46)
      at async initVectorDB (C:\Workspace\Dev\the-matrix\src\memory\vector-db.ts:500:33)
      at async saveCurrentSession (C:\Workspace\Dev\the-matrix\scripts\memory\save-session.ts:723:11)

$ bun run scripts/memory/index.ts learn "C:/Workspace/Dev/the-matrix/psi/memory/sessions/2026-03/2026-03-20_14.45_auto-pulse.md"
[VectorDB] Using Transformers.js with model: multilingual-e5-base
[VectorDB] Failed to initialize: 4645 |     if (offlineError(err)) {
4646 |       throw new ChromaConnectionError(
4647 |         "Failed to connect to chromadb. Make sure your server is running and try again. If you are running from a browser, make sure that your chromadb instance is configured to allow requests from the current origin using the CHROMA_SERVER_CORS_ALLOW_ORIGINS environment variable."
4648 |       );
4649 |     }
4650 |     throw new ChromaConnectionError("Failed to connect to Chroma");
                 ^
ChromaConnectionError: Failed to connect to Chroma
 cause: undefined,

      at <anonymous> (C:\Users\jsanitareephon\.bun\install\cache\chromadb@3.4.0@@@1\dist\chromadb.mjs:4650:11)
      at async <anonymous> (C:\Users\jsanitareephon\.bun\install\cache\chromadb@3.4.0@@@1\dist\chromadb.mjs:338:32)
      at async getOrCreateCollection (C:\Users\jsanitareephon\.bun\install\cache\chromadb@3.4.0@@@1\dist\chromadb.mjs:5154:46)
      at async initVectorDB (C:\Workspace\Dev\the-matrix\src\memory\vector-db.ts:500:33)
      at async saveLearning (C:\Workspace\Dev\the-matrix\scripts\memory\learn.ts:578:11)
      at async learnFromFile (C:\Workspace\Dev\the-matrix\scripts\memory\learn.ts:157:15)
      at async main (C:\Workspace\Dev\the-matrix\scripts\memory\learn.ts:720:15)

$ bun run scripts/memory/index.ts save "Auto-saved session via pulse hook"
The system cannot find the path specified.
The system cannot find the path specified.
The system cannot find the path specified.
The system cannot find the path specified.
warning: in the working copy of 'BOOT.md', LF will be replaced by CRLF the next time Git touches it
warning: in the working copy of 'CLAUDE.md', LF will be replaced by CRLF the next time Git touches it
warning: in the working copy of 'docs/multi-agent-protocol.md', LF will be replaced by CRLF the next time Git touches it
warning: in the working copy of 'docs/systems.md', LF will be replaced by CRLF the next time Git touches it
warning: in the working copy of 'psi/state/pulse/events.jsonl', LF will be replaced by CRLF the next time Git touches it
warning: in the working copy of 'psi/state/pulse/memory-errors.log', LF will be replaced by CRLF the next time Git touches it
warning: in the working copy of 'src/daemons/control-center/control-center.ts', LF will be replaced by CRLF the next time Git touches it
warning: in the working copy of 'src/nerve/types.ts', LF will be replaced by CRLF the next time Git touches it
warning: in the working copy of 'BOOT.md', LF will be replaced by CRLF the next time Git touches it
warning: in the working copy of 'CLAUDE.md', LF will be replaced by CRLF the next time Git touches it
warning: in the working copy of 'docs/multi-agent-protocol.md', LF will be replaced by CRLF the next time Git touches it
warning: in the working copy of 'docs/systems.md', LF will be replaced by CRLF the next time Git touches it
warning: in the working copy of 'psi/state/pulse/events.jsonl', LF will be replaced by CRLF the next time Git touches it
warning: in the working copy of 'psi/state/pulse/memory-errors.log', LF will be replaced by CRLF the next time Git touches it
warning: in the working copy of 'src/daemons/control-center/control-center.ts', LF will be replaced by CRLF the next time Git touches it
warning: in the working copy of 'src/nerve/types.ts', LF will be replaced by CRLF the next time Git touches it
[VectorDB] Using Transformers.js with model: multilingual-e5-base
[VectorDB] Failed to initialize: 4645 |     if (offlineError(err)) {
4646 |       throw new ChromaConnectionError(
4647 |         "Failed to connect to chromadb. Make sure your server is running and try again. If you are running from a browser, make sure that your chromadb instance is configured to allow requests from the current origin using the CHROMA_SERVER_CORS_ALLOW_ORIGINS environment variable."
4648 |       );
4649 |     }
4650 |     throw new ChromaConnectionError("Failed to connect to Chroma");
                 ^
ChromaConnectionError: Failed to connect to Chroma
 cause: undefined,

      at <anonymous> (C:\Users\jsanitareephon\.bun\install\cache\chromadb@3.4.0@@@1\dist\chromadb.mjs:4650:11)
      at async <anonymous> (C:\Users\jsanitareephon\.bun\install\cache\chromadb@3.4.0@@@1\dist\chromadb.mjs:338:32)
      at async getOrCreateCollection (C:\Users\jsanitareephon\.bun\install\cache\chromadb@3.4.0@@@1\dist\chromadb.mjs:5154:46)
      at async initVectorDB (C:\Workspace\Dev\the-matrix\src\memory\vector-db.ts:500:33)
      at async saveCurrentSession (C:\Workspace\Dev\the-matrix\scripts\memory\save-session.ts:723:11)

$ bun run scripts/memory/index.ts learn "C:/Workspace/Dev/the-matrix/psi/memory/sessions/2026-03/2026-03-20_14.48_auto-pulse.md"
[VectorDB] Using Transformers.js with model: multilingual-e5-base
[VectorDB] Failed to initialize: 4645 |     if (offlineError(err)) {
4646 |       throw new ChromaConnectionError(
4647 |         "Failed to connect to chromadb. Make sure your server is running and try again. If you are running from a browser, make sure that your chromadb instance is configured to allow requests from the current origin using the CHROMA_SERVER_CORS_ALLOW_ORIGINS environment variable."
4648 |       );
4649 |     }
4650 |     throw new ChromaConnectionError("Failed to connect to Chroma");
                 ^
ChromaConnectionError: Failed to connect to Chroma
 cause: undefined,

      at <anonymous> (C:\Users\jsanitareephon\.bun\install\cache\chromadb@3.4.0@@@1\dist\chromadb.mjs:4650:11)
      at async <anonymous> (C:\Users\jsanitareephon\.bun\install\cache\chromadb@3.4.0@@@1\dist\chromadb.mjs:338:32)
      at async getOrCreateCollection (C:\Users\jsanitareephon\.bun\install\cache\chromadb@3.4.0@@@1\dist\chromadb.mjs:5154:46)
      at async initVectorDB (C:\Workspace\Dev\the-matrix\src\memory\vector-db.ts:500:33)
      at async saveLearning (C:\Workspace\Dev\the-matrix\scripts\memory\learn.ts:578:11)
      at async learnFromFile (C:\Workspace\Dev\the-matrix\scripts\memory\learn.ts:157:15)
      at async main (C:\Workspace\Dev\the-matrix\scripts\memory\learn.ts:720:15)

$ bun run scripts/memory/index.ts save "Auto-saved session via pulse hook"
The system cannot find the path specified.
The system cannot find the path specified.
The system cannot find the path specified.
The system cannot find the path specified.
warning: in the working copy of 'BOOT.md', LF will be replaced by CRLF the next time Git touches it
warning: in the working copy of 'CLAUDE.md', LF will be replaced by CRLF the next time Git touches it
warning: in the working copy of 'docs/multi-agent-protocol.md', LF will be replaced by CRLF the next time Git touches it
warning: in the working copy of 'docs/systems.md', LF will be replaced by CRLF the next time Git touches it
warning: in the working copy of 'psi/state/pulse/events.jsonl', LF will be replaced by CRLF the next time Git touches it
warning: in the working copy of 'psi/state/pulse/memory-errors.log', LF will be replaced by CRLF the next time Git touches it
warning: in the working copy of 'src/daemons/control-center/control-center.ts', LF will be replaced by CRLF the next time Git touches it
warning: in the working copy of 'src/nerve/types.ts', LF will be replaced by CRLF the next time Git touches it
warning: in the working copy of 'BOOT.md', LF will be replaced by CRLF the next time Git touches it
warning: in the working copy of 'CLAUDE.md', LF will be replaced by CRLF the next time Git touches it
warning: in the working copy of 'docs/multi-agent-protocol.md', LF will be replaced by CRLF the next time Git touches it
warning: in the working copy of 'docs/systems.md', LF will be replaced by CRLF the next time Git touches it
warning: in the working copy of 'psi/state/pulse/events.jsonl', LF will be replaced by CRLF the next time Git touches it
warning: in the working copy of 'psi/state/pulse/memory-errors.log', LF will be replaced by CRLF the next time Git touches it
warning: in the working copy of 'src/daemons/control-center/control-center.ts', LF will be replaced by CRLF the next time Git touches it
warning: in the working copy of 'src/nerve/types.ts', LF will be replaced by CRLF the next time Git touches it
[VectorDB] Using Transformers.js with model: multilingual-e5-base
[VectorDB] Failed to initialize: 4645 |     if (offlineError(err)) {
4646 |       throw new ChromaConnectionError(
4647 |         "Failed to connect to chromadb. Make sure your server is running and try again. If you are running from a browser, make sure that your chromadb instance is configured to allow requests from the current origin using the CHROMA_SERVER_CORS_ALLOW_ORIGINS environment variable."
4648 |       );
4649 |     }
4650 |     throw new ChromaConnectionError("Failed to connect to Chroma");
                 ^
ChromaConnectionError: Failed to connect to Chroma
 cause: undefined,

      at <anonymous> (C:\Users\jsanitareephon\.bun\install\cache\chromadb@3.4.0@@@1\dist\chromadb.mjs:4650:11)
      at async <anonymous> (C:\Users\jsanitareephon\.bun\install\cache\chromadb@3.4.0@@@1\dist\chromadb.mjs:338:32)
      at async getOrCreateCollection (C:\Users\jsanitareephon\.bun\install\cache\chromadb@3.4.0@@@1\dist\chromadb.mjs:5154:46)
      at async initVectorDB (C:\Workspace\Dev\the-matrix\src\memory\vector-db.ts:500:33)
      at async saveCurrentSession (C:\Workspace\Dev\the-matrix\scripts\memory\save-session.ts:723:11)

$ bun run scripts/memory/index.ts learn "C:/Workspace/Dev/the-matrix/psi/memory/sessions/2026-03/2026-03-20_14.49_auto-pulse.md"
[VectorDB] Using Transformers.js with model: multilingual-e5-base
[VectorDB] Failed to initialize: 4645 |     if (offlineError(err)) {
4646 |       throw new ChromaConnectionError(
4647 |         "Failed to connect to chromadb. Make sure your server is running and try again. If you are running from a browser, make sure that your chromadb instance is configured to allow requests from the current origin using the CHROMA_SERVER_CORS_ALLOW_ORIGINS environment variable."
4648 |       );
4649 |     }
4650 |     throw new ChromaConnectionError("Failed to connect to Chroma");
                 ^
ChromaConnectionError: Failed to connect to Chroma
 cause: undefined,

      at <anonymous> (C:\Users\jsanitareephon\.bun\install\cache\chromadb@3.4.0@@@1\dist\chromadb.mjs:4650:11)
      at async <anonymous> (C:\Users\jsanitareephon\.bun\install\cache\chromadb@3.4.0@@@1\dist\chromadb.mjs:338:32)
      at async getOrCreateCollection (C:\Users\jsanitareephon\.bun\install\cache\chromadb@3.4.0@@@1\dist\chromadb.mjs:5154:46)
      at async initVectorDB (C:\Workspace\Dev\the-matrix\src\memory\vector-db.ts:500:33)
      at async saveLearning (C:\Workspace\Dev\the-matrix\scripts\memory\learn.ts:578:11)
      at async learnFromFile (C:\Workspace\Dev\the-matrix\scripts\memory\learn.ts:157:15)
      at async main (C:\Workspace\Dev\the-matrix\scripts\memory\learn.ts:720:15)

$ bun run scripts/memory/index.ts save "Auto-saved session via pulse hook"
The system cannot find the path specified.
The system cannot find the path specified.
The system cannot find the path specified.
The system cannot find the path specified.
warning: in the working copy of 'BOOT.md', LF will be replaced by CRLF the next time Git touches it
warning: in the working copy of 'CLAUDE.md', LF will be replaced by CRLF the next time Git touches it
warning: in the working copy of 'docs/multi-agent-protocol.md', LF will be replaced by CRLF the next time Git touches it
warning: in the working copy of 'docs/systems.md', LF will be replaced by CRLF the next time Git touches it
warning: in the working copy of 'psi/state/pulse/events.jsonl', LF will be replaced by CRLF the next time Git touches it
warning: in the working copy of 'psi/state/pulse/memory-errors.log', LF will be replaced by CRLF the next time Git touches it
warning: in the working copy of 'src/daemons/control-center/control-center.ts', LF will be replaced by CRLF the next time Git touches it
warning: in the working copy of 'src/nerve/types.ts', LF will be replaced by CRLF the next time Git touches it
warning: in the working copy of 'BOOT.md', LF will be replaced by CRLF the next time Git touches it
warning: in the working copy of 'CLAUDE.md', LF will be replaced by CRLF the next time Git touches it
warning: in the working copy of 'docs/multi-agent-protocol.md', LF will be replaced by CRLF the next time Git touches it
warning: in the working copy of 'docs/systems.md', LF will be replaced by CRLF the next time Git touches it
warning: in the working copy of 'psi/state/pulse/events.jsonl', LF will be replaced by CRLF the next time Git touches it
warning: in the working copy of 'psi/state/pulse/memory-errors.log', LF will be replaced by CRLF the next time Git touches it
warning: in the working copy of 'src/daemons/control-center/control-center.ts', LF will be replaced by CRLF the next time Git touches it
warning: in the working copy of 'src/nerve/types.ts', LF will be replaced by CRLF the next time Git touches it
[VectorDB] Using Transformers.js with model: multilingual-e5-base
[VectorDB] Failed to initialize: 4645 |     if (offlineError(err)) {
4646 |       throw new ChromaConnectionError(
4647 |         "Failed to connect to chromadb. Make sure your server is running and try again. If you are running from a browser, make sure that your chromadb instance is configured to allow requests from the current origin using the CHROMA_SERVER_CORS_ALLOW_ORIGINS environment variable."
4648 |       );
4649 |     }
4650 |     throw new ChromaConnectionError("Failed to connect to Chroma");
                 ^
ChromaConnectionError: Failed to connect to Chroma
 cause: undefined,

      at <anonymous> (C:\Users\jsanitareephon\.bun\install\cache\chromadb@3.4.0@@@1\dist\chromadb.mjs:4650:11)
      at async <anonymous> (C:\Users\jsanitareephon\.bun\install\cache\chromadb@3.4.0@@@1\dist\chromadb.mjs:338:32)
      at async getOrCreateCollection (C:\Users\jsanitareephon\.bun\install\cache\chromadb@3.4.0@@@1\dist\chromadb.mjs:5154:46)
      at async initVectorDB (C:\Workspace\Dev\the-matrix\src\memory\vector-db.ts:500:33)
      at async saveCurrentSession (C:\Workspace\Dev\the-matrix\scripts\memory\save-session.ts:723:11)

$ bun run scripts/memory/index.ts learn "C:/Workspace/Dev/the-matrix/psi/memory/sessions/2026-03/2026-03-20_14.51_auto-pulse.md"
[VectorDB] Using Transformers.js with model: multilingual-e5-base
[VectorDB] Failed to initialize: 4645 |     if (offlineError(err)) {
4646 |       throw new ChromaConnectionError(
4647 |         "Failed to connect to chromadb. Make sure your server is running and try again. If you are running from a browser, make sure that your chromadb instance is configured to allow requests from the current origin using the CHROMA_SERVER_CORS_ALLOW_ORIGINS environment variable."
4648 |       );
4649 |     }
4650 |     throw new ChromaConnectionError("Failed to connect to Chroma");
                 ^
ChromaConnectionError: Failed to connect to Chroma
 cause: undefined,

      at <anonymous> (C:\Users\jsanitareephon\.bun\install\cache\chromadb@3.4.0@@@1\dist\chromadb.mjs:4650:11)
      at async <anonymous> (C:\Users\jsanitareephon\.bun\install\cache\chromadb@3.4.0@@@1\dist\chromadb.mjs:338:32)
      at async getOrCreateCollection (C:\Users\jsanitareephon\.bun\install\cache\chromadb@3.4.0@@@1\dist\chromadb.mjs:5154:46)
      at async initVectorDB (C:\Workspace\Dev\the-matrix\src\memory\vector-db.ts:500:33)
      at async saveLearning (C:\Workspace\Dev\the-matrix\scripts\memory\learn.ts:578:11)
      at async learnFromFile (C:\Workspace\Dev\the-matrix\scripts\memory\learn.ts:157:15)
      at async main (C:\Workspace\Dev\the-matrix\scripts\memory\learn.ts:720:15)

$ bun run scripts/memory/index.ts save "Auto-saved session via pulse hook"
The system cannot find the path specified.
The system cannot find the path specified.
The system cannot find the path specified.
The system cannot find the path specified.
warning: in the working copy of 'BOOT.md', LF will be replaced by CRLF the next time Git touches it
warning: in the working copy of 'CLAUDE.md', LF will be replaced by CRLF the next time Git touches it
warning: in the working copy of 'docs/multi-agent-protocol.md', LF will be replaced by CRLF the next time Git touches it
warning: in the working copy of 'docs/systems.md', LF will be replaced by CRLF the next time Git touches it
warning: in the working copy of 'psi/state/pulse/events.jsonl', LF will be replaced by CRLF the next time Git touches it
warning: in the working copy of 'psi/state/pulse/memory-errors.log', LF will be replaced by CRLF the next time Git touches it
warning: in the working copy of 'src/daemons/control-center/control-center.ts', LF will be replaced by CRLF the next time Git touches it
warning: in the working copy of 'src/nerve/types.ts', LF will be replaced by CRLF the next time Git touches it
warning: in the working copy of 'BOOT.md', LF will be replaced by CRLF the next time Git touches it
warning: in the working copy of 'CLAUDE.md', LF will be replaced by CRLF the next time Git touches it
warning: in the working copy of 'docs/multi-agent-protocol.md', LF will be replaced by CRLF the next time Git touches it
warning: in the working copy of 'docs/systems.md', LF will be replaced by CRLF the next time Git touches it
warning: in the working copy of 'psi/state/pulse/events.jsonl', LF will be replaced by CRLF the next time Git touches it
warning: in the working copy of 'psi/state/pulse/memory-errors.log', LF will be replaced by CRLF the next time Git touches it
warning: in the working copy of 'src/daemons/control-center/control-center.ts', LF will be replaced by CRLF the next time Git touches it
warning: in the working copy of 'src/nerve/types.ts', LF will be replaced by CRLF the next time Git touches it
[VectorDB] Using Transformers.js with model: multilingual-e5-base
[VectorDB] Failed to initialize: 4645 |     if (offlineError(err)) {
4646 |       throw new ChromaConnectionError(
4647 |         "Failed to connect to chromadb. Make sure your server is running and try again. If you are running from a browser, make sure that your chromadb instance is configured to allow requests from the current origin using the CHROMA_SERVER_CORS_ALLOW_ORIGINS environment variable."
4648 |       );
4649 |     }
4650 |     throw new ChromaConnectionError("Failed to connect to Chroma");
                 ^
ChromaConnectionError: Failed to connect to Chroma
 cause: undefined,

      at <anonymous> (C:\Users\jsanitareephon\.bun\install\cache\chromadb@3.4.0@@@1\dist\chromadb.mjs:4650:11)
      at async <anonymous> (C:\Users\jsanitareephon\.bun\install\cache\chromadb@3.4.0@@@1\dist\chromadb.mjs:338:32)
      at async getOrCreateCollection (C:\Users\jsanitareephon\.bun\install\cache\chromadb@3.4.0@@@1\dist\chromadb.mjs:5154:46)
      at async initVectorDB (C:\Workspace\Dev\the-matrix\src\memory\vector-db.ts:500:33)
      at async saveCurrentSession (C:\Workspace\Dev\the-matrix\scripts\memory\save-session.ts:723:11)

$ bun run scripts/memory/index.ts learn "C:/Workspace/Dev/the-matrix/psi/memory/sessions/2026-03/2026-03-20_14.52_auto-pulse.md"
[VectorDB] Using Transformers.js with model: multilingual-e5-base
[VectorDB] Failed to initialize: 4645 |     if (offlineError(err)) {
4646 |       throw new ChromaConnectionError(
4647 |         "Failed to connect to chromadb. Make sure your server is running and try again. If you are running from a browser, make sure that your chromadb instance is configured to allow requests from the current origin using the CHROMA_SERVER_CORS_ALLOW_ORIGINS environment variable."
4648 |       );
4649 |     }
4650 |     throw new ChromaConnectionError("Failed to connect to Chroma");
                 ^
ChromaConnectionError: Failed to connect to Chroma
 cause: undefined,

      at <anonymous> (C:\Users\jsanitareephon\.bun\install\cache\chromadb@3.4.0@@@1\dist\chromadb.mjs:4650:11)
      at async <anonymous> (C:\Users\jsanitareephon\.bun\install\cache\chromadb@3.4.0@@@1\dist\chromadb.mjs:338:32)
      at async getOrCreateCollection (C:\Users\jsanitareephon\.bun\install\cache\chromadb@3.4.0@@@1\dist\chromadb.mjs:5154:46)
      at async initVectorDB (C:\Workspace\Dev\the-matrix\src\memory\vector-db.ts:500:33)
      at async saveLearning (C:\Workspace\Dev\the-matrix\scripts\memory\learn.ts:578:11)
      at async learnFromFile (C:\Workspace\Dev\the-matrix\scripts\memory\learn.ts:157:15)
      at async main (C:\Workspace\Dev\the-matrix\scripts\memory\learn.ts:720:15)

$ bun run scripts/memory/index.ts save "Auto-saved session via pulse hook"
The system cannot find the path specified.
The system cannot find the path specified.
The system cannot find the path specified.
The system cannot find the path specified.
warning: in the working copy of 'psi/state/pulse/events.jsonl', LF will be replaced by CRLF the next time Git touches it
warning: in the working copy of 'psi/state/pulse/memory-errors.log', LF will be replaced by CRLF the next time Git touches it
warning: in the working copy of 'psi/state/pulse/events.jsonl', LF will be replaced by CRLF the next time Git touches it
warning: in the working copy of 'psi/state/pulse/memory-errors.log', LF will be replaced by CRLF the next time Git touches it
[VectorDB] Using Transformers.js with model: multilingual-e5-base
[VectorDB] Failed to initialize: 4645 |     if (offlineError(err)) {
4646 |       throw new ChromaConnectionError(
4647 |         "Failed to connect to chromadb. Make sure your server is running and try again. If you are running from a browser, make sure that your chromadb instance is configured to allow requests from the current origin using the CHROMA_SERVER_CORS_ALLOW_ORIGINS environment variable."
4648 |       );
4649 |     }
4650 |     throw new ChromaConnectionError("Failed to connect to Chroma");
                 ^
ChromaConnectionError: Failed to connect to Chroma
 cause: undefined,

      at <anonymous> (C:\Users\jsanitareephon\.bun\install\cache\chromadb@3.4.0@@@1\dist\chromadb.mjs:4650:11)
      at async <anonymous> (C:\Users\jsanitareephon\.bun\install\cache\chromadb@3.4.0@@@1\dist\chromadb.mjs:338:32)
      at async getOrCreateCollection (C:\Users\jsanitareephon\.bun\install\cache\chromadb@3.4.0@@@1\dist\chromadb.mjs:5154:46)
      at async initVectorDB (C:\Workspace\Dev\the-matrix\src\memory\vector-db.ts:500:33)
      at async saveCurrentSession (C:\Workspace\Dev\the-matrix\scripts\memory\save-session.ts:723:11)

$ bun run scripts/memory/index.ts learn "C:/Workspace/Dev/the-matrix/psi/memory/sessions/2026-03/2026-03-20_15.00_auto-pulse.md"
[VectorDB] Using Transformers.js with model: multilingual-e5-base
[VectorDB] Failed to initialize: 4645 |     if (offlineError(err)) {
4646 |       throw new ChromaConnectionError(
4647 |         "Failed to connect to chromadb. Make sure your server is running and try again. If you are running from a browser, make sure that your chromadb instance is configured to allow requests from the current origin using the CHROMA_SERVER_CORS_ALLOW_ORIGINS environment variable."
4648 |       );
4649 |     }
4650 |     throw new ChromaConnectionError("Failed to connect to Chroma");
                 ^
ChromaConnectionError: Failed to connect to Chroma
 cause: undefined,

      at <anonymous> (C:\Users\jsanitareephon\.bun\install\cache\chromadb@3.4.0@@@1\dist\chromadb.mjs:4650:11)
      at async <anonymous> (C:\Users\jsanitareephon\.bun\install\cache\chromadb@3.4.0@@@1\dist\chromadb.mjs:338:32)
      at async getOrCreateCollection (C:\Users\jsanitareephon\.bun\install\cache\chromadb@3.4.0@@@1\dist\chromadb.mjs:5154:46)
      at async initVectorDB (C:\Workspace\Dev\the-matrix\src\memory\vector-db.ts:500:33)
      at async saveLearning (C:\Workspace\Dev\the-matrix\scripts\memory\learn.ts:578:11)
      at async learnFromFile (C:\Workspace\Dev\the-matrix\scripts\memory\learn.ts:157:15)
      at async main (C:\Workspace\Dev\the-matrix\scripts\memory\learn.ts:720:15)

$ bun run scripts/memory/index.ts save "Auto-saved session via pulse hook"
The system cannot find the path specified.
The system cannot find the path specified.
The system cannot find the path specified.
The system cannot find the path specified.
warning: in the working copy of 'psi/state/pulse/events.jsonl', LF will be replaced by CRLF the next time Git touches it
warning: in the working copy of 'psi/state/pulse/memory-errors.log', LF will be replaced by CRLF the next time Git touches it
warning: in the working copy of 'src/daemons/control-center/control-center.ts', LF will be replaced by CRLF the next time Git touches it
warning: in the working copy of 'src/daemons/control-center/static/sse.js', LF will be replaced by CRLF the next time Git touches it
warning: in the working copy of 'psi/state/pulse/events.jsonl', LF will be replaced by CRLF the next time Git touches it
warning: in the working copy of 'psi/state/pulse/memory-errors.log', LF will be replaced by CRLF the next time Git touches it
warning: in the working copy of 'src/daemons/control-center/control-center.ts', LF will be replaced by CRLF the next time Git touches it
warning: in the working copy of 'src/daemons/control-center/static/sse.js', LF will be replaced by CRLF the next time Git touches it
[VectorDB] Using Transformers.js with model: multilingual-e5-base
[VectorDB] Failed to initialize: 4645 |     if (offlineError(err)) {
4646 |       throw new ChromaConnectionError(
4647 |         "Failed to connect to chromadb. Make sure your server is running and try again. If you are running from a browser, make sure that your chromadb instance is configured to allow requests from the current origin using the CHROMA_SERVER_CORS_ALLOW_ORIGINS environment variable."
4648 |       );
4649 |     }
4650 |     throw new ChromaConnectionError("Failed to connect to Chroma");
                 ^
ChromaConnectionError: Failed to connect to Chroma
 cause: undefined,

      at <anonymous> (C:\Users\jsanitareephon\.bun\install\cache\chromadb@3.4.0@@@1\dist\chromadb.mjs:4650:11)
      at async <anonymous> (C:\Users\jsanitareephon\.bun\install\cache\chromadb@3.4.0@@@1\dist\chromadb.mjs:338:32)
      at async getOrCreateCollection (C:\Users\jsanitareephon\.bun\install\cache\chromadb@3.4.0@@@1\dist\chromadb.mjs:5154:46)
      at async initVectorDB (C:\Workspace\Dev\the-matrix\src\memory\vector-db.ts:500:33)
      at async saveCurrentSession (C:\Workspace\Dev\the-matrix\scripts\memory\save-session.ts:723:11)

$ bun run scripts/memory/index.ts learn "C:/Workspace/Dev/the-matrix/psi/memory/sessions/2026-03/2026-03-20_16.40_auto-pulse.md"
[VectorDB] Using Transformers.js with model: multilingual-e5-base
[VectorDB] Failed to initialize: 4645 |     if (offlineError(err)) {
4646 |       throw new ChromaConnectionError(
4647 |         "Failed to connect to chromadb. Make sure your server is running and try again. If you are running from a browser, make sure that your chromadb instance is configured to allow requests from the current origin using the CHROMA_SERVER_CORS_ALLOW_ORIGINS environment variable."
4648 |       );
4649 |     }
4650 |     throw new ChromaConnectionError("Failed to connect to Chroma");
                 ^
ChromaConnectionError: Failed to connect to Chroma
 cause: undefined,

      at <anonymous> (C:\Users\jsanitareephon\.bun\install\cache\chromadb@3.4.0@@@1\dist\chromadb.mjs:4650:11)
      at async <anonymous> (C:\Users\jsanitareephon\.bun\install\cache\chromadb@3.4.0@@@1\dist\chromadb.mjs:338:32)
      at async getOrCreateCollection (C:\Users\jsanitareephon\.bun\install\cache\chromadb@3.4.0@@@1\dist\chromadb.mjs:5154:46)
      at async initVectorDB (C:\Workspace\Dev\the-matrix\src\memory\vector-db.ts:500:33)
      at async saveLearning (C:\Workspace\Dev\the-matrix\scripts\memory\learn.ts:578:11)
      at async learnFromFile (C:\Workspace\Dev\the-matrix\scripts\memory\learn.ts:157:15)
      at async main (C:\Workspace\Dev\the-matrix\scripts\memory\learn.ts:720:15)

$ bun run scripts/memory/index.ts save "Auto-saved session via pulse hook"
The system cannot find the path specified.
The system cannot find the path specified.
The system cannot find the path specified.
The system cannot find the path specified.
warning: in the working copy of 'psi/state/pulse/events.jsonl', LF will be replaced by CRLF the next time Git touches it
warning: in the working copy of 'psi/state/pulse/memory-errors.log', LF will be replaced by CRLF the next time Git touches it
warning: in the working copy of 'src/daemons/control-center/control-center.ts', LF will be replaced by CRLF the next time Git touches it
warning: in the working copy of 'src/daemons/control-center/static/sse.js', LF will be replaced by CRLF the next time Git touches it
warning: in the working copy of 'psi/state/pulse/events.jsonl', LF will be replaced by CRLF the next time Git touches it
warning: in the working copy of 'psi/state/pulse/memory-errors.log', LF will be replaced by CRLF the next time Git touches it
warning: in the working copy of 'src/daemons/control-center/control-center.ts', LF will be replaced by CRLF the next time Git touches it
warning: in the working copy of 'src/daemons/control-center/static/sse.js', LF will be replaced by CRLF the next time Git touches it
[VectorDB] Using Transformers.js with model: multilingual-e5-base
[VectorDB] Failed to initialize: 4645 |     if (offlineError(err)) {
4646 |       throw new ChromaConnectionError(
4647 |         "Failed to connect to chromadb. Make sure your server is running and try again. If you are running from a browser, make sure that your chromadb instance is configured to allow requests from the current origin using the CHROMA_SERVER_CORS_ALLOW_ORIGINS environment variable."
4648 |       );
4649 |     }
4650 |     throw new ChromaConnectionError("Failed to connect to Chroma");
                 ^
ChromaConnectionError: Failed to connect to Chroma
 cause: undefined,

      at <anonymous> (C:\Users\jsanitareephon\.bun\install\cache\chromadb@3.4.0@@@1\dist\chromadb.mjs:4650:11)
      at async <anonymous> (C:\Users\jsanitareephon\.bun\install\cache\chromadb@3.4.0@@@1\dist\chromadb.mjs:338:32)
      at async getOrCreateCollection (C:\Users\jsanitareephon\.bun\install\cache\chromadb@3.4.0@@@1\dist\chromadb.mjs:5154:46)
      at async initVectorDB (C:\Workspace\Dev\the-matrix\src\memory\vector-db.ts:500:33)
      at async saveCurrentSession (C:\Workspace\Dev\the-matrix\scripts\memory\save-session.ts:723:11)

$ bun run scripts/memory/index.ts learn "C:/Workspace/Dev/the-matrix/psi/memory/sessions/2026-03/2026-03-20_16.41_auto-pulse.md"
[VectorDB] Using Transformers.js with model: multilingual-e5-base
[VectorDB] Failed to initialize: 4645 |     if (offlineError(err)) {
4646 |       throw new ChromaConnectionError(
4647 |         "Failed to connect to chromadb. Make sure your server is running and try again. If you are running from a browser, make sure that your chromadb instance is configured to allow requests from the current origin using the CHROMA_SERVER_CORS_ALLOW_ORIGINS environment variable."
4648 |       );
4649 |     }
4650 |     throw new ChromaConnectionError("Failed to connect to Chroma");
                 ^
ChromaConnectionError: Failed to connect to Chroma
 cause: undefined,

      at <anonymous> (C:\Users\jsanitareephon\.bun\install\cache\chromadb@3.4.0@@@1\dist\chromadb.mjs:4650:11)
      at async <anonymous> (C:\Users\jsanitareephon\.bun\install\cache\chromadb@3.4.0@@@1\dist\chromadb.mjs:338:32)
      at async getOrCreateCollection (C:\Users\jsanitareephon\.bun\install\cache\chromadb@3.4.0@@@1\dist\chromadb.mjs:5154:46)
      at async initVectorDB (C:\Workspace\Dev\the-matrix\src\memory\vector-db.ts:500:33)
      at async saveLearning (C:\Workspace\Dev\the-matrix\scripts\memory\learn.ts:578:11)
      at async learnFromFile (C:\Workspace\Dev\the-matrix\scripts\memory\learn.ts:157:15)
      at async main (C:\Workspace\Dev\the-matrix\scripts\memory\learn.ts:720:15)

$ bun run scripts/memory/index.ts save "Auto-saved session via pulse hook"
The system cannot find the path specified.
The system cannot find the path specified.
The system cannot find the path specified.
The system cannot find the path specified.
warning: in the working copy of 'psi/state/pulse/events.jsonl', LF will be replaced by CRLF the next time Git touches it
warning: in the working copy of 'psi/state/pulse/memory-errors.log', LF will be replaced by CRLF the next time Git touches it
warning: in the working copy of 'src/daemons/control-center/control-center.ts', LF will be replaced by CRLF the next time Git touches it
warning: in the working copy of 'src/daemons/control-center/static/sse.js', LF will be replaced by CRLF the next time Git touches it
warning: in the working copy of 'psi/state/pulse/events.jsonl', LF will be replaced by CRLF the next time Git touches it
warning: in the working copy of 'psi/state/pulse/memory-errors.log', LF will be replaced by CRLF the next time Git touches it
warning: in the working copy of 'src/daemons/control-center/control-center.ts', LF will be replaced by CRLF the next time Git touches it
warning: in the working copy of 'src/daemons/control-center/static/sse.js', LF will be replaced by CRLF the next time Git touches it
[VectorDB] Using Transformers.js with model: multilingual-e5-base
[VectorDB] Failed to initialize: 4645 |     if (offlineError(err)) {
4646 |       throw new ChromaConnectionError(
4647 |         "Failed to connect to chromadb. Make sure your server is running and try again. If you are running from a browser, make sure that your chromadb instance is configured to allow requests from the current origin using the CHROMA_SERVER_CORS_ALLOW_ORIGINS environment variable."
4648 |       );
4649 |     }
4650 |     throw new ChromaConnectionError("Failed to connect to Chroma");
                 ^
ChromaConnectionError: Failed to connect to Chroma
 cause: undefined,

      at <anonymous> (C:\Users\jsanitareephon\.bun\install\cache\chromadb@3.4.0@@@1\dist\chromadb.mjs:4650:11)
      at async <anonymous> (C:\Users\jsanitareephon\.bun\install\cache\chromadb@3.4.0@@@1\dist\chromadb.mjs:338:32)
      at async getOrCreateCollection (C:\Users\jsanitareephon\.bun\install\cache\chromadb@3.4.0@@@1\dist\chromadb.mjs:5154:46)
      at async initVectorDB (C:\Workspace\Dev\the-matrix\src\memory\vector-db.ts:500:33)
      at async saveCurrentSession (C:\Workspace\Dev\the-matrix\scripts\memory\save-session.ts:723:11)

$ bun run scripts/memory/index.ts learn "C:/Workspace/Dev/the-matrix/psi/memory/sessions/2026-03/2026-03-20_16.48_auto-pulse.md"
[VectorDB] Using Transformers.js with model: multilingual-e5-base
[VectorDB] Failed to initialize: 4645 |     if (offlineError(err)) {
4646 |       throw new ChromaConnectionError(
4647 |         "Failed to connect to chromadb. Make sure your server is running and try again. If you are running from a browser, make sure that your chromadb instance is configured to allow requests from the current origin using the CHROMA_SERVER_CORS_ALLOW_ORIGINS environment variable."
4648 |       );
4649 |     }
4650 |     throw new ChromaConnectionError("Failed to connect to Chroma");
                 ^
ChromaConnectionError: Failed to connect to Chroma
 cause: undefined,

      at <anonymous> (C:\Users\jsanitareephon\.bun\install\cache\chromadb@3.4.0@@@1\dist\chromadb.mjs:4650:11)
      at async <anonymous> (C:\Users\jsanitareephon\.bun\install\cache\chromadb@3.4.0@@@1\dist\chromadb.mjs:338:32)
      at async getOrCreateCollection (C:\Users\jsanitareephon\.bun\install\cache\chromadb@3.4.0@@@1\dist\chromadb.mjs:5154:46)
      at async initVectorDB (C:\Workspace\Dev\the-matrix\src\memory\vector-db.ts:500:33)
      at async saveLearning (C:\Workspace\Dev\the-matrix\scripts\memory\learn.ts:578:11)
      at async learnFromFile (C:\Workspace\Dev\the-matrix\scripts\memory\learn.ts:157:15)
      at async main (C:\Workspace\Dev\the-matrix\scripts\memory\learn.ts:720:15)

$ bun run scripts/memory/index.ts save "Auto-saved session via pulse hook"
The system cannot find the path specified.
The system cannot find the path specified.
The system cannot find the path specified.
The system cannot find the path specified.
warning: in the working copy of 'psi/state/pulse/events.jsonl', LF will be replaced by CRLF the next time Git touches it
warning: in the working copy of 'psi/state/pulse/memory-errors.log', LF will be replaced by CRLF the next time Git touches it
warning: in the working copy of 'src/daemons/control-center/control-center.ts', LF will be replaced by CRLF the next time Git touches it
warning: in the working copy of 'src/daemons/control-center/static/sse.js', LF will be replaced by CRLF the next time Git touches it
warning: in the working copy of 'psi/state/pulse/events.jsonl', LF will be replaced by CRLF the next time Git touches it
warning: in the working copy of 'psi/state/pulse/memory-errors.log', LF will be replaced by CRLF the next time Git touches it
warning: in the working copy of 'src/daemons/control-center/control-center.ts', LF will be replaced by CRLF the next time Git touches it
warning: in the working copy of 'src/daemons/control-center/static/sse.js', LF will be replaced by CRLF the next time Git touches it
[VectorDB] Using Transformers.js with model: multilingual-e5-base
[VectorDB] Failed to initialize: 4645 |     if (offlineError(err)) {
4646 |       throw new ChromaConnectionError(
4647 |         "Failed to connect to chromadb. Make sure your server is running and try again. If you are running from a browser, make sure that your chromadb instance is configured to allow requests from the current origin using the CHROMA_SERVER_CORS_ALLOW_ORIGINS environment variable."
4648 |       );
4649 |     }
4650 |     throw new ChromaConnectionError("Failed to connect to Chroma");
                 ^
ChromaConnectionError: Failed to connect to Chroma
 cause: undefined,

      at <anonymous> (C:\Users\jsanitareephon\.bun\install\cache\chromadb@3.4.0@@@1\dist\chromadb.mjs:4650:11)
      at async <anonymous> (C:\Users\jsanitareephon\.bun\install\cache\chromadb@3.4.0@@@1\dist\chromadb.mjs:338:32)
      at async getOrCreateCollection (C:\Users\jsanitareephon\.bun\install\cache\chromadb@3.4.0@@@1\dist\chromadb.mjs:5154:46)
      at async initVectorDB (C:\Workspace\Dev\the-matrix\src\memory\vector-db.ts:500:33)
      at async saveCurrentSession (C:\Workspace\Dev\the-matrix\scripts\memory\save-session.ts:723:11)

$ bun run scripts/memory/index.ts learn "C:/Workspace/Dev/the-matrix/psi/memory/sessions/2026-03/2026-03-20_16.54_auto-pulse.md"
[VectorDB] Using Transformers.js with model: multilingual-e5-base
[VectorDB] Failed to initialize: 4645 |     if (offlineError(err)) {
4646 |       throw new ChromaConnectionError(
4647 |         "Failed to connect to chromadb. Make sure your server is running and try again. If you are running from a browser, make sure that your chromadb instance is configured to allow requests from the current origin using the CHROMA_SERVER_CORS_ALLOW_ORIGINS environment variable."
4648 |       );
4649 |     }
4650 |     throw new ChromaConnectionError("Failed to connect to Chroma");
                 ^
ChromaConnectionError: Failed to connect to Chroma
 cause: undefined,

      at <anonymous> (C:\Users\jsanitareephon\.bun\install\cache\chromadb@3.4.0@@@1\dist\chromadb.mjs:4650:11)
      at async <anonymous> (C:\Users\jsanitareephon\.bun\install\cache\chromadb@3.4.0@@@1\dist\chromadb.mjs:338:32)
      at async getOrCreateCollection (C:\Users\jsanitareephon\.bun\install\cache\chromadb@3.4.0@@@1\dist\chromadb.mjs:5154:46)
      at async initVectorDB (C:\Workspace\Dev\the-matrix\src\memory\vector-db.ts:500:33)
      at async saveLearning (C:\Workspace\Dev\the-matrix\scripts\memory\learn.ts:578:11)
      at async learnFromFile (C:\Workspace\Dev\the-matrix\scripts\memory\learn.ts:157:15)
      at async main (C:\Workspace\Dev\the-matrix\scripts\memory\learn.ts:720:15)

$ bun run scripts/memory/index.ts save "Auto-saved session via pulse hook"
The system cannot find the path specified.
The system cannot find the path specified.
The system cannot find the path specified.
The system cannot find the path specified.
warning: in the working copy of 'psi/state/pulse/events.jsonl', LF will be replaced by CRLF the next time Git touches it
warning: in the working copy of 'psi/state/pulse/memory-errors.log', LF will be replaced by CRLF the next time Git touches it
warning: in the working copy of 'psi/state/pulse/events.jsonl', LF will be replaced by CRLF the next time Git touches it
warning: in the working copy of 'psi/state/pulse/memory-errors.log', LF will be replaced by CRLF the next time Git touches it
[VectorDB] Using Transformers.js with model: multilingual-e5-base
[VectorDB] Failed to initialize: 4645 |     if (offlineError(err)) {
4646 |       throw new ChromaConnectionError(
4647 |         "Failed to connect to chromadb. Make sure your server is running and try again. If you are running from a browser, make sure that your chromadb instance is configured to allow requests from the current origin using the CHROMA_SERVER_CORS_ALLOW_ORIGINS environment variable."
4648 |       );
4649 |     }
4650 |     throw new ChromaConnectionError("Failed to connect to Chroma");
                 ^
ChromaConnectionError: Failed to connect to Chroma
 cause: undefined,

      at <anonymous> (C:\Users\jsanitareephon\.bun\install\cache\chromadb@3.4.0@@@1\dist\chromadb.mjs:4650:11)
      at async <anonymous> (C:\Users\jsanitareephon\.bun\install\cache\chromadb@3.4.0@@@1\dist\chromadb.mjs:338:32)
      at async getOrCreateCollection (C:\Users\jsanitareephon\.bun\install\cache\chromadb@3.4.0@@@1\dist\chromadb.mjs:5154:46)
      at async initVectorDB (C:\Workspace\Dev\the-matrix\src\memory\vector-db.ts:500:33)
      at async saveCurrentSession (C:\Workspace\Dev\the-matrix\scripts\memory\save-session.ts:723:11)

$ bun run scripts/memory/index.ts learn "C:/Workspace/Dev/the-matrix/psi/memory/sessions/2026-03/2026-03-20_16.59_auto-pulse.md"
[VectorDB] Using Transformers.js with model: multilingual-e5-base
[VectorDB] Failed to initialize: 4645 |     if (offlineError(err)) {
4646 |       throw new ChromaConnectionError(
4647 |         "Failed to connect to chromadb. Make sure your server is running and try again. If you are running from a browser, make sure that your chromadb instance is configured to allow requests from the current origin using the CHROMA_SERVER_CORS_ALLOW_ORIGINS environment variable."
4648 |       );
4649 |     }
4650 |     throw new ChromaConnectionError("Failed to connect to Chroma");
                 ^
ChromaConnectionError: Failed to connect to Chroma
 cause: undefined,

      at <anonymous> (C:\Users\jsanitareephon\.bun\install\cache\chromadb@3.4.0@@@1\dist\chromadb.mjs:4650:11)
      at async <anonymous> (C:\Users\jsanitareephon\.bun\install\cache\chromadb@3.4.0@@@1\dist\chromadb.mjs:338:32)
      at async getOrCreateCollection (C:\Users\jsanitareephon\.bun\install\cache\chromadb@3.4.0@@@1\dist\chromadb.mjs:5154:46)
      at async initVectorDB (C:\Workspace\Dev\the-matrix\src\memory\vector-db.ts:500:33)
      at async saveLearning (C:\Workspace\Dev\the-matrix\scripts\memory\learn.ts:578:11)
      at async learnFromFile (C:\Workspace\Dev\the-matrix\scripts\memory\learn.ts:157:15)
      at async main (C:\Workspace\Dev\the-matrix\scripts\memory\learn.ts:720:15)

$ bun run scripts/memory/index.ts save "Auto-saved session via pulse hook"
The system cannot find the path specified.
The system cannot find the path specified.
The system cannot find the path specified.
The system cannot find the path specified.
warning: in the working copy of 'psi/state/pulse/events.jsonl', LF will be replaced by CRLF the next time Git touches it
warning: in the working copy of 'psi/state/pulse/events.jsonl', LF will be replaced by CRLF the next time Git touches it
[VectorDB] Using Transformers.js with model: multilingual-e5-base
[VectorDB] Failed to initialize: 4645 |     if (offlineError(err)) {
4646 |       throw new ChromaConnectionError(
4647 |         "Failed to connect to chromadb. Make sure your server is running and try again. If you are running from a browser, make sure that your chromadb instance is configured to allow requests from the current origin using the CHROMA_SERVER_CORS_ALLOW_ORIGINS environment variable."
4648 |       );
4649 |     }
4650 |     throw new ChromaConnectionError("Failed to connect to Chroma");
                 ^
ChromaConnectionError: Failed to connect to Chroma
 cause: undefined,

      at <anonymous> (C:\Users\jsanitareephon\.bun\install\cache\chromadb@3.4.0@@@1\dist\chromadb.mjs:4650:11)
      at async <anonymous> (C:\Users\jsanitareephon\.bun\install\cache\chromadb@3.4.0@@@1\dist\chromadb.mjs:338:32)
      at async getOrCreateCollection (C:\Users\jsanitareephon\.bun\install\cache\chromadb@3.4.0@@@1\dist\chromadb.mjs:5154:46)
      at async initVectorDB (C:\Workspace\Dev\the-matrix\src\memory\vector-db.ts:500:33)
      at async saveCurrentSession (C:\Workspace\Dev\the-matrix\scripts\memory\save-session.ts:723:11)

$ bun run scripts/memory/index.ts learn "C:/Workspace/Dev/the-matrix/psi/memory/sessions/2026-03/2026-03-23_09.55_auto-pulse.md"
[VectorDB] Using Transformers.js with model: multilingual-e5-base
[VectorDB] Failed to initialize: 4645 |     if (offlineError(err)) {
4646 |       throw new ChromaConnectionError(
4647 |         "Failed to connect to chromadb. Make sure your server is running and try again. If you are running from a browser, make sure that your chromadb instance is configured to allow requests from the current origin using the CHROMA_SERVER_CORS_ALLOW_ORIGINS environment variable."
4648 |       );
4649 |     }
4650 |     throw new ChromaConnectionError("Failed to connect to Chroma");
                 ^
ChromaConnectionError: Failed to connect to Chroma
 cause: undefined,

      at <anonymous> (C:\Users\jsanitareephon\.bun\install\cache\chromadb@3.4.0@@@1\dist\chromadb.mjs:4650:11)
      at async <anonymous> (C:\Users\jsanitareephon\.bun\install\cache\chromadb@3.4.0@@@1\dist\chromadb.mjs:338:32)
      at async getOrCreateCollection (C:\Users\jsanitareephon\.bun\install\cache\chromadb@3.4.0@@@1\dist\chromadb.mjs:5154:46)
      at async initVectorDB (C:\Workspace\Dev\the-matrix\src\memory\vector-db.ts:500:33)
      at async saveLearning (C:\Workspace\Dev\the-matrix\scripts\memory\learn.ts:578:11)
      at async learnFromFile (C:\Workspace\Dev\the-matrix\scripts\memory\learn.ts:157:15)
      at async main (C:\Workspace\Dev\the-matrix\scripts\memory\learn.ts:720:15)

$ bun run scripts/memory/index.ts save "Auto-saved session via pulse hook"
The system cannot find the path specified.
The system cannot find the path specified.
The system cannot find the path specified.
The system cannot find the path specified.
warning: in the working copy of 'psi/state/pulse/events.jsonl', LF will be replaced by CRLF the next time Git touches it
warning: in the working copy of 'psi/state/pulse/memory-errors.log', LF will be replaced by CRLF the next time Git touches it
warning: in the working copy of 'psi/state/pulse/events.jsonl', LF will be replaced by CRLF the next time Git touches it
warning: in the working copy of 'psi/state/pulse/memory-errors.log', LF will be replaced by CRLF the next time Git touches it
[VectorDB] Using Transformers.js with model: multilingual-e5-base
[VectorDB] Failed to initialize: 4645 |     if (offlineError(err)) {
4646 |       throw new ChromaConnectionError(
4647 |         "Failed to connect to chromadb. Make sure your server is running and try again. If you are running from a browser, make sure that your chromadb instance is configured to allow requests from the current origin using the CHROMA_SERVER_CORS_ALLOW_ORIGINS environment variable."
4648 |       );
4649 |     }
4650 |     throw new ChromaConnectionError("Failed to connect to Chroma");
                 ^
ChromaConnectionError: Failed to connect to Chroma
 cause: undefined,

      at <anonymous> (C:\Users\jsanitareephon\.bun\install\cache\chromadb@3.4.0@@@1\dist\chromadb.mjs:4650:11)
      at async <anonymous> (C:\Users\jsanitareephon\.bun\install\cache\chromadb@3.4.0@@@1\dist\chromadb.mjs:338:32)
      at async getOrCreateCollection (C:\Users\jsanitareephon\.bun\install\cache\chromadb@3.4.0@@@1\dist\chromadb.mjs:5154:46)
      at async initVectorDB (C:\Workspace\Dev\the-matrix\src\memory\vector-db.ts:500:33)
      at async saveCurrentSession (C:\Workspace\Dev\the-matrix\scripts\memory\save-session.ts:723:11)

$ bun run scripts/memory/index.ts learn "C:/Workspace/Dev/the-matrix/psi/memory/sessions/2026-03/2026-03-23_09.56_auto-pulse.md"
[VectorDB] Using Transformers.js with model: multilingual-e5-base
[VectorDB] Failed to initialize: 4645 |     if (offlineError(err)) {
4646 |       throw new ChromaConnectionError(
4647 |         "Failed to connect to chromadb. Make sure your server is running and try again. If you are running from a browser, make sure that your chromadb instance is configured to allow requests from the current origin using the CHROMA_SERVER_CORS_ALLOW_ORIGINS environment variable."
4648 |       );
4649 |     }
4650 |     throw new ChromaConnectionError("Failed to connect to Chroma");
                 ^
ChromaConnectionError: Failed to connect to Chroma
 cause: undefined,

      at <anonymous> (C:\Users\jsanitareephon\.bun\install\cache\chromadb@3.4.0@@@1\dist\chromadb.mjs:4650:11)
      at async <anonymous> (C:\Users\jsanitareephon\.bun\install\cache\chromadb@3.4.0@@@1\dist\chromadb.mjs:338:32)
      at async getOrCreateCollection (C:\Users\jsanitareephon\.bun\install\cache\chromadb@3.4.0@@@1\dist\chromadb.mjs:5154:46)
      at async initVectorDB (C:\Workspace\Dev\the-matrix\src\memory\vector-db.ts:500:33)
      at async saveLearning (C:\Workspace\Dev\the-matrix\scripts\memory\learn.ts:578:11)
      at async learnFromFile (C:\Workspace\Dev\the-matrix\scripts\memory\learn.ts:157:15)
      at async main (C:\Workspace\Dev\the-matrix\scripts\memory\learn.ts:720:15)

$ bun run scripts/memory/index.ts save "Auto-saved session via pulse hook"
The system cannot find the path specified.
The system cannot find the path specified.
The system cannot find the path specified.
The system cannot find the path specified.
warning: in the working copy of 'psi/state/pulse/events.jsonl', LF will be replaced by CRLF the next time Git touches it
warning: in the working copy of 'psi/state/pulse/memory-errors.log', LF will be replaced by CRLF the next time Git touches it
warning: in the working copy of 'psi/state/pulse/events.jsonl', LF will be replaced by CRLF the next time Git touches it
warning: in the working copy of 'psi/state/pulse/memory-errors.log', LF will be replaced by CRLF the next time Git touches it
[VectorDB] Using Transformers.js with model: multilingual-e5-base
[VectorDB] Failed to initialize: 4645 |     if (offlineError(err)) {
4646 |       throw new ChromaConnectionError(
4647 |         "Failed to connect to chromadb. Make sure your server is running and try again. If you are running from a browser, make sure that your chromadb instance is configured to allow requests from the current origin using the CHROMA_SERVER_CORS_ALLOW_ORIGINS environment variable."
4648 |       );
4649 |     }
4650 |     throw new ChromaConnectionError("Failed to connect to Chroma");
                 ^
ChromaConnectionError: Failed to connect to Chroma
 cause: undefined,

      at <anonymous> (C:\Users\jsanitareephon\.bun\install\cache\chromadb@3.4.0@@@1\dist\chromadb.mjs:4650:11)
      at async <anonymous> (C:\Users\jsanitareephon\.bun\install\cache\chromadb@3.4.0@@@1\dist\chromadb.mjs:338:32)
      at async getOrCreateCollection (C:\Users\jsanitareephon\.bun\install\cache\chromadb@3.4.0@@@1\dist\chromadb.mjs:5154:46)
      at async initVectorDB (C:\Workspace\Dev\the-matrix\src\memory\vector-db.ts:500:33)
      at async saveCurrentSession (C:\Workspace\Dev\the-matrix\scripts\memory\save-session.ts:723:11)

$ bun run scripts/memory/index.ts learn "C:/Workspace/Dev/the-matrix/psi/memory/sessions/2026-03/2026-03-23_09.57_auto-pulse.md"
[VectorDB] Using Transformers.js with model: multilingual-e5-base
[VectorDB] Failed to initialize: 4645 |     if (offlineError(err)) {
4646 |       throw new ChromaConnectionError(
4647 |         "Failed to connect to chromadb. Make sure your server is running and try again. If you are running from a browser, make sure that your chromadb instance is configured to allow requests from the current origin using the CHROMA_SERVER_CORS_ALLOW_ORIGINS environment variable."
4648 |       );
4649 |     }
4650 |     throw new ChromaConnectionError("Failed to connect to Chroma");
                 ^
ChromaConnectionError: Failed to connect to Chroma
 cause: undefined,

      at <anonymous> (C:\Users\jsanitareephon\.bun\install\cache\chromadb@3.4.0@@@1\dist\chromadb.mjs:4650:11)
      at async <anonymous> (C:\Users\jsanitareephon\.bun\install\cache\chromadb@3.4.0@@@1\dist\chromadb.mjs:338:32)
      at async getOrCreateCollection (C:\Users\jsanitareephon\.bun\install\cache\chromadb@3.4.0@@@1\dist\chromadb.mjs:5154:46)
      at async initVectorDB (C:\Workspace\Dev\the-matrix\src\memory\vector-db.ts:500:33)
      at async saveLearning (C:\Workspace\Dev\the-matrix\scripts\memory\learn.ts:578:11)
      at async learnFromFile (C:\Workspace\Dev\the-matrix\scripts\memory\learn.ts:157:15)
      at async main (C:\Workspace\Dev\the-matrix\scripts\memory\learn.ts:720:15)

$ bun run scripts/memory/index.ts save "Auto-saved session via pulse hook"
The system cannot find the path specified.
The system cannot find the path specified.
The system cannot find the path specified.
The system cannot find the path specified.
warning: in the working copy of 'psi/state/pulse/events.jsonl', LF will be replaced by CRLF the next time Git touches it
warning: in the working copy of 'psi/state/pulse/memory-errors.log', LF will be replaced by CRLF the next time Git touches it
warning: in the working copy of 'psi/state/pulse/events.jsonl', LF will be replaced by CRLF the next time Git touches it
warning: in the working copy of 'psi/state/pulse/memory-errors.log', LF will be replaced by CRLF the next time Git touches it
[VectorDB] Using Transformers.js with model: multilingual-e5-base
[VectorDB] Failed to initialize: 4645 |     if (offlineError(err)) {
4646 |       throw new ChromaConnectionError(
4647 |         "Failed to connect to chromadb. Make sure your server is running and try again. If you are running from a browser, make sure that your chromadb instance is configured to allow requests from the current origin using the CHROMA_SERVER_CORS_ALLOW_ORIGINS environment variable."
4648 |       );
4649 |     }
4650 |     throw new ChromaConnectionError("Failed to connect to Chroma");
                 ^
ChromaConnectionError: Failed to connect to Chroma
 cause: undefined,

      at <anonymous> (C:\Users\jsanitareephon\.bun\install\cache\chromadb@3.4.0@@@1\dist\chromadb.mjs:4650:11)
      at async <anonymous> (C:\Users\jsanitareephon\.bun\install\cache\chromadb@3.4.0@@@1\dist\chromadb.mjs:338:32)
      at async getOrCreateCollection (C:\Users\jsanitareephon\.bun\install\cache\chromadb@3.4.0@@@1\dist\chromadb.mjs:5154:46)
      at async initVectorDB (C:\Workspace\Dev\the-matrix\src\memory\vector-db.ts:500:33)

$ bun run scripts/memory/index.ts learn "C:/Workspace/Dev/the-matrix/psi/memory/sessions/2026-03/2026-03-23_10.00_auto-pulse.md"
[VectorDB] Using Transformers.js with model: multilingual-e5-base
[VectorDB] Failed to initialize: 4645 |     if (offlineError(err)) {
4646 |       throw new ChromaConnectionError(
4647 |         "Failed to connect to chromadb. Make sure your server is running and try again. If you are running from a browser, make sure that your chromadb instance is configured to allow requests from the current origin using the CHROMA_SERVER_CORS_ALLOW_ORIGINS environment variable."
4648 |       );
4649 |     }
4650 |     throw new ChromaConnectionError("Failed to connect to Chroma");
                 ^
ChromaConnectionError: Failed to connect to Chroma
 cause: undefined,

      at <anonymous> (C:\Users\jsanitareephon\.bun\install\cache\chromadb@3.4.0@@@1\dist\chromadb.mjs:4650:11)
      at async <anonymous> (C:\Users\jsanitareephon\.bun\install\cache\chromadb@3.4.0@@@1\dist\chromadb.mjs:338:32)
      at async getOrCreateCollection (C:\Users\jsanitareephon\.bun\install\cache\chromadb@3.4.0@@@1\dist\chromadb.mjs:5154:46)
      at async initVectorDB (C:\Workspace\Dev\the-matrix\src\memory\vector-db.ts:500:33)
      at async saveLearning (C:\Workspace\Dev\the-matrix\scripts\memory\learn.ts:578:11)
      at async learnFromFile (C:\Workspace\Dev\the-matrix\scripts\memory\learn.ts:157:15)
      at async main (C:\Workspace\Dev\the-matrix\scripts\memory\learn.ts:720:15)

$ bun run scripts/memory/index.ts save "Auto-saved session via pulse hook"
The system cannot find the path specified.
The system cannot find the path specified.
The system cannot find the path specified.
The system cannot find the path specified.
warning: in the working copy of 'psi/state/pulse/events.jsonl', LF will be replaced by CRLF the next time Git touches it
warning: in the working copy of 'psi/state/pulse/memory-errors.log', LF will be replaced by CRLF the next time Git touches it
warning: in the working copy of 'psi/state/pulse/events.jsonl', LF will be replaced by CRLF the next time Git touches it
warning: in the working copy of 'psi/state/pulse/memory-errors.log', LF will be replaced by CRLF the next time Git touches it
[VectorDB] Using Transformers.js with model: multilingual-e5-base
[VectorDB] Failed to initialize: 4645 |     if (offlineError(err)) {
4646 |       throw new ChromaConnectionError(
4647 |         "Failed to connect to chromadb. Make sure your server is running and try again. If you are running from a browser, make sure that your chromadb instance is configured to allow requests from the current origin using the CHROMA_SERVER_CORS_ALLOW_ORIGINS environment variable."
4648 |       );
4649 |     }
4650 |     throw new ChromaConnectionError("Failed to connect to Chroma");
                 ^
ChromaConnectionError: Failed to connect to Chroma
 cause: undefined,

      at <anonymous> (C:\Users\jsanitareephon\.bun\install\cache\chromadb@3.4.0@@@1\dist\chromadb.mjs:4650:11)
      at async <anonymous> (C:\Users\jsanitareephon\.bun\install\cache\chromadb@3.4.0@@@1\dist\chromadb.mjs:338:32)
      at async getOrCreateCollection (C:\Users\jsanitareephon\.bun\install\cache\chromadb@3.4.0@@@1\dist\chromadb.mjs:5154:46)
      at async initVectorDB (C:\Workspace\Dev\the-matrix\src\memory\vector-db.ts:500:33)
      at async saveCurrentSession (C:\Workspace\Dev\the-matrix\scripts\memory\save-session.ts:723:11)

$ bun run scripts/memory/index.ts learn "C:/Workspace/Dev/the-matrix/psi/memory/sessions/2026-03/2026-03-23_10.17_auto-pulse.md"
[VectorDB] Using Transformers.js with model: multilingual-e5-base
[VectorDB] Failed to initialize: 4645 |     if (offlineError(err)) {
4646 |       throw new ChromaConnectionError(
4647 |         "Failed to connect to chromadb. Make sure your server is running and try again. If you are running from a browser, make sure that your chromadb instance is configured to allow requests from the current origin using the CHROMA_SERVER_CORS_ALLOW_ORIGINS environment variable."
4648 |       );
4649 |     }
4650 |     throw new ChromaConnectionError("Failed to connect to Chroma");
                 ^
ChromaConnectionError: Failed to connect to Chroma
 cause: undefined,

      at <anonymous> (C:\Users\jsanitareephon\.bun\install\cache\chromadb@3.4.0@@@1\dist\chromadb.mjs:4650:11)
      at async <anonymous> (C:\Users\jsanitareephon\.bun\install\cache\chromadb@3.4.0@@@1\dist\chromadb.mjs:338:32)
      at async getOrCreateCollection (C:\Users\jsanitareephon\.bun\install\cache\chromadb@3.4.0@@@1\dist\chromadb.mjs:5154:46)
      at async initVectorDB (C:\Workspace\Dev\the-matrix\src\memory\vector-db.ts:500:33)
      at async saveLearning (C:\Workspace\Dev\the-matrix\scripts\memory\learn.ts:578:11)
      at async learnFromFile (C:\Workspace\Dev\the-matrix\scripts\memory\learn.ts:157:15)
      at async main (C:\Workspace\Dev\the-matrix\scripts\memory\learn.ts:720:15)

$ bun run scripts/memory/index.ts save "Auto-saved session via pulse hook"
The system cannot find the path specified.
The system cannot find the path specified.
The system cannot find the path specified.
The system cannot find the path specified.
warning: in the working copy of 'psi/state/pulse/events.jsonl', LF will be replaced by CRLF the next time Git touches it
warning: in the working copy of 'psi/state/pulse/memory-errors.log', LF will be replaced by CRLF the next time Git touches it
warning: in the working copy of 'psi/state/pulse/events.jsonl', LF will be replaced by CRLF the next time Git touches it
warning: in the working copy of 'psi/state/pulse/memory-errors.log', LF will be replaced by CRLF the next time Git touches it
[VectorDB] Using Transformers.js with model: multilingual-e5-base
[VectorDB] Failed to initialize: 4645 |     if (offlineError(err)) {
4646 |       throw new ChromaConnectionError(
4647 |         "Failed to connect to chromadb. Make sure your server is running and try again. If you are running from a browser, make sure that your chromadb instance is configured to allow requests from the current origin using the CHROMA_SERVER_CORS_ALLOW_ORIGINS environment variable."
4648 |       );
4649 |     }
4650 |     throw new ChromaConnectionError("Failed to connect to Chroma");
                 ^
ChromaConnectionError: Failed to connect to Chroma
 cause: undefined,

      at <anonymous> (C:\Users\jsanitareephon\.bun\install\cache\chromadb@3.4.0@@@1\dist\chromadb.mjs:4650:11)
      at async <anonymous> (C:\Users\jsanitareephon\.bun\install\cache\chromadb@3.4.0@@@1\dist\chromadb.mjs:338:32)
      at async getOrCreateCollection (C:\Users\jsanitareephon\.bun\install\cache\chromadb@3.4.0@@@1\dist\chromadb.mjs:5154:46)
      at async initVectorDB (C:\Workspace\Dev\the-matrix\src\memory\vector-db.ts:500:33)
      at async saveCurrentSession (C:\Workspace\Dev\the-matrix\scripts\memory\save-session.ts:723:11)

$ bun run scripts/memory/index.ts learn "C:/Workspace/Dev/the-matrix/psi/memory/sessions/2026-03/2026-03-23_11.04_auto-pulse.md"
[VectorDB] Using Transformers.js with model: multilingual-e5-base
[VectorDB] Failed to initialize: 4645 |     if (offlineError(err)) {
4646 |       throw new ChromaConnectionError(
4647 |         "Failed to connect to chromadb. Make sure your server is running and try again. If you are running from a browser, make sure that your chromadb instance is configured to allow requests from the current origin using the CHROMA_SERVER_CORS_ALLOW_ORIGINS environment variable."
4648 |       );
4649 |     }
4650 |     throw new ChromaConnectionError("Failed to connect to Chroma");
                 ^
ChromaConnectionError: Failed to connect to Chroma
 cause: undefined,

      at <anonymous> (C:\Users\jsanitareephon\.bun\install\cache\chromadb@3.4.0@@@1\dist\chromadb.mjs:4650:11)
      at async <anonymous> (C:\Users\jsanitareephon\.bun\install\cache\chromadb@3.4.0@@@1\dist\chromadb.mjs:338:32)
      at async getOrCreateCollection (C:\Users\jsanitareephon\.bun\install\cache\chromadb@3.4.0@@@1\dist\chromadb.mjs:5154:46)
      at async initVectorDB (C:\Workspace\Dev\the-matrix\src\memory\vector-db.ts:500:33)
      at async saveLearning (C:\Workspace\Dev\the-matrix\scripts\memory\learn.ts:578:11)
      at async learnFromFile (C:\Workspace\Dev\the-matrix\scripts\memory\learn.ts:157:15)
      at async main (C:\Workspace\Dev\the-matrix\scripts\memory\learn.ts:720:15)

$ bun run scripts/memory/index.ts save "Auto-saved session via pulse hook"
The system cannot find the path specified.
The system cannot find the path specified.
The system cannot find the path specified.
The system cannot find the path specified.
warning: in the working copy of 'psi/state/pulse/events.jsonl', LF will be replaced by CRLF the next time Git touches it
warning: in the working copy of 'psi/state/pulse/memory-errors.log', LF will be replaced by CRLF the next time Git touches it
warning: in the working copy of 'psi/state/pulse/events.jsonl', LF will be replaced by CRLF the next time Git touches it
warning: in the working copy of 'psi/state/pulse/memory-errors.log', LF will be replaced by CRLF the next time Git touches it
[VectorDB] Using Transformers.js with model: multilingual-e5-base
[VectorDB] Failed to initialize: 4645 |     if (offlineError(err)) {
4646 |       throw new ChromaConnectionError(
4647 |         "Failed to connect to chromadb. Make sure your server is running and try again. If you are running from a browser, make sure that your chromadb instance is configured to allow requests from the current origin using the CHROMA_SERVER_CORS_ALLOW_ORIGINS environment variable."
4648 |       );
4649 |     }
4650 |     throw new ChromaConnectionError("Failed to connect to Chroma");
                 ^
ChromaConnectionError: Failed to connect to Chroma
 cause: undefined,

      at <anonymous> (C:\Users\jsanitareephon\.bun\install\cache\chromadb@3.4.0@@@1\dist\chromadb.mjs:4650:11)
      at async <anonymous> (C:\Users\jsanitareephon\.bun\install\cache\chromadb@3.4.0@@@1\dist\chromadb.mjs:338:32)
      at async getOrCreateCollection (C:\Users\jsanitareephon\.bun\install\cache\chromadb@3.4.0@@@1\dist\chromadb.mjs:5154:46)
      at async initVectorDB (C:\Workspace\Dev\the-matrix\src\memory\vector-db.ts:500:33)
      at async saveCurrentSession (C:\Workspace\Dev\the-matrix\scripts\memory\save-session.ts:723:11)

$ bun run scripts/memory/index.ts learn "C:/Workspace/Dev/the-matrix/psi/memory/sessions/2026-03/2026-03-23_11.05_auto-pulse.md"
[VectorDB] Using Transformers.js with model: multilingual-e5-base
[VectorDB] Failed to initialize: 4645 |     if (offlineError(err)) {
4646 |       throw new ChromaConnectionError(
4647 |         "Failed to connect to chromadb. Make sure your server is running and try again. If you are running from a browser, make sure that your chromadb instance is configured to allow requests from the current origin using the CHROMA_SERVER_CORS_ALLOW_ORIGINS environment variable."
4648 |       );
4649 |     }
4650 |     throw new ChromaConnectionError("Failed to connect to Chroma");
                 ^
ChromaConnectionError: Failed to connect to Chroma
 cause: undefined,

      at <anonymous> (C:\Users\jsanitareephon\.bun\install\cache\chromadb@3.4.0@@@1\dist\chromadb.mjs:4650:11)
      at async <anonymous> (C:\Users\jsanitareephon\.bun\install\cache\chromadb@3.4.0@@@1\dist\chromadb.mjs:338:32)
      at async getOrCreateCollection (C:\Users\jsanitareephon\.bun\install\cache\chromadb@3.4.0@@@1\dist\chromadb.mjs:5154:46)
      at async initVectorDB (C:\Workspace\Dev\the-matrix\src\memory\vector-db.ts:500:33)
      at async saveLearning (C:\Workspace\Dev\the-matrix\scripts\memory\learn.ts:578:11)
      at async learnFromFile (C:\Workspace\Dev\the-matrix\scripts\memory\learn.ts:157:15)
      at async main (C:\Workspace\Dev\the-matrix\scripts\memory\learn.ts:720:15)

$ bun run scripts/memory/index.ts save "Auto-saved session via pulse hook"
The system cannot find the path specified.
The system cannot find the path specified.
The system cannot find the path specified.
The system cannot find the path specified.
warning: in the working copy of 'psi/state/pulse/events.jsonl', LF will be replaced by CRLF the next time Git touches it
warning: in the working copy of 'psi/state/pulse/memory-errors.log', LF will be replaced by CRLF the next time Git touches it
warning: in the working copy of 'psi/state/pulse/events.jsonl', LF will be replaced by CRLF the next time Git touches it
warning: in the working copy of 'psi/state/pulse/memory-errors.log', LF will be replaced by CRLF the next time Git touches it
[VectorDB] Using Transformers.js with model: multilingual-e5-base
[VectorDB] Failed to initialize: 4645 |     if (offlineError(err)) {
4646 |       throw new ChromaConnectionError(
4647 |         "Failed to connect to chromadb. Make sure your server is running and try again. If you are running from a browser, make sure that your chromadb instance is configured to allow requests from the current origin using the CHROMA_SERVER_CORS_ALLOW_ORIGINS environment variable."
4648 |       );
4649 |     }
4650 |     throw new ChromaConnectionError("Failed to connect to Chroma");
                 ^
ChromaConnectionError: Failed to connect to Chroma
 cause: undefined,

      at <anonymous> (C:\Users\jsanitareephon\.bun\install\cache\chromadb@3.4.0@@@1\dist\chromadb.mjs:4650:11)
      at async <anonymous> (C:\Users\jsanitareephon\.bun\install\cache\chromadb@3.4.0@@@1\dist\chromadb.mjs:338:32)
      at async getOrCreateCollection (C:\Users\jsanitareephon\.bun\install\cache\chromadb@3.4.0@@@1\dist\chromadb.mjs:5154:46)
      at async initVectorDB (C:\Workspace\Dev\the-matrix\src\memory\vector-db.ts:500:33)
      at async saveCurrentSession (C:\Workspace\Dev\the-matrix\scripts\memory\save-session.ts:723:11)

$ bun run scripts/memory/index.ts learn "C:/Workspace/Dev/the-matrix/psi/memory/sessions/2026-03/2026-03-23_11.07_auto-pulse.md"
[VectorDB] Using Transformers.js with model: multilingual-e5-base
[VectorDB] Failed to initialize: 4645 |     if (offlineError(err)) {
4646 |       throw new ChromaConnectionError(
4647 |         "Failed to connect to chromadb. Make sure your server is running and try again. If you are running from a browser, make sure that your chromadb instance is configured to allow requests from the current origin using the CHROMA_SERVER_CORS_ALLOW_ORIGINS environment variable."
4648 |       );
4649 |     }
4650 |     throw new ChromaConnectionError("Failed to connect to Chroma");
                 ^
ChromaConnectionError: Failed to connect to Chroma
 cause: undefined,

      at <anonymous> (C:\Users\jsanitareephon\.bun\install\cache\chromadb@3.4.0@@@1\dist\chromadb.mjs:4650:11)
      at async <anonymous> (C:\Users\jsanitareephon\.bun\install\cache\chromadb@3.4.0@@@1\dist\chromadb.mjs:338:32)
      at async getOrCreateCollection (C:\Users\jsanitareephon\.bun\install\cache\chromadb@3.4.0@@@1\dist\chromadb.mjs:5154:46)
      at async initVectorDB (C:\Workspace\Dev\the-matrix\src\memory\vector-db.ts:500:33)
      at async saveLearning (C:\Workspace\Dev\the-matrix\scripts\memory\learn.ts:578:11)
      at async learnFromFile (C:\Workspace\Dev\the-matrix\scripts\memory\learn.ts:157:15)
      at async main (C:\Workspace\Dev\the-matrix\scripts\memory\learn.ts:720:15)

$ bun run scripts/memory/index.ts save "Auto-saved session via pulse hook"
The system cannot find the path specified.
The system cannot find the path specified.
The system cannot find the path specified.
The system cannot find the path specified.
warning: in the working copy of 'psi/state/pulse/events.jsonl', LF will be replaced by CRLF the next time Git touches it
warning: in the working copy of 'psi/state/pulse/memory-errors.log', LF will be replaced by CRLF the next time Git touches it
warning: in the working copy of 'psi/state/pulse/events.jsonl', LF will be replaced by CRLF the next time Git touches it
warning: in the working copy of 'psi/state/pulse/memory-errors.log', LF will be replaced by CRLF the next time Git touches it
[VectorDB] Using Transformers.js with model: multilingual-e5-base
[VectorDB] Failed to initialize: 4645 |     if (offlineError(err)) {
4646 |       throw new ChromaConnectionError(
4647 |         "Failed to connect to chromadb. Make sure your server is running and try again. If you are running from a browser, make sure that your chromadb instance is configured to allow requests from the current origin using the CHROMA_SERVER_CORS_ALLOW_ORIGINS environment variable."
4648 |       );
4649 |     }
4650 |     throw new ChromaConnectionError("Failed to connect to Chroma");
                 ^
ChromaConnectionError: Failed to connect to Chroma
 cause: undefined,

      at <anonymous> (C:\Users\jsanitareephon\.bun\install\cache\chromadb@3.4.0@@@1\dist\chromadb.mjs:4650:11)
      at async <anonymous> (C:\Users\jsanitareephon\.bun\install\cache\chromadb@3.4.0@@@1\dist\chromadb.mjs:338:32)
      at async getOrCreateCollection (C:\Users\jsanitareephon\.bun\install\cache\chromadb@3.4.0@@@1\dist\chromadb.mjs:5154:46)
      at async initVectorDB (C:\Workspace\Dev\the-matrix\src\memory\vector-db.ts:500:33)
      at async saveCurrentSession (C:\Workspace\Dev\the-matrix\scripts\memory\save-session.ts:723:11)

$ bun run scripts/memory/index.ts learn "C:/Workspace/Dev/the-matrix/psi/memory/sessions/2026-03/2026-03-23_11.08_auto-pulse.md"
[VectorDB] Using Transformers.js with model: multilingual-e5-base
[VectorDB] Failed to initialize: 4645 |     if (offlineError(err)) {
4646 |       throw new ChromaConnectionError(
4647 |         "Failed to connect to chromadb. Make sure your server is running and try again. If you are running from a browser, make sure that your chromadb instance is configured to allow requests from the current origin using the CHROMA_SERVER_CORS_ALLOW_ORIGINS environment variable."
4648 |       );
4649 |     }
4650 |     throw new ChromaConnectionError("Failed to connect to Chroma");
                 ^
ChromaConnectionError: Failed to connect to Chroma
 cause: undefined,

      at <anonymous> (C:\Users\jsanitareephon\.bun\install\cache\chromadb@3.4.0@@@1\dist\chromadb.mjs:4650:11)
      at async <anonymous> (C:\Users\jsanitareephon\.bun\install\cache\chromadb@3.4.0@@@1\dist\chromadb.mjs:338:32)
      at async getOrCreateCollection (C:\Users\jsanitareephon\.bun\install\cache\chromadb@3.4.0@@@1\dist\chromadb.mjs:5154:46)
      at async initVectorDB (C:\Workspace\Dev\the-matrix\src\memory\vector-db.ts:500:33)
      at async saveLearning (C:\Workspace\Dev\the-matrix\scripts\memory\learn.ts:578:11)
      at async learnFromFile (C:\Workspace\Dev\the-matrix\scripts\memory\learn.ts:157:15)
      at async main (C:\Workspace\Dev\the-matrix\scripts\memory\learn.ts:720:15)

$ bun run scripts/memory/index.ts save "Auto-saved session via pulse hook"
The system cannot find the path specified.
The system cannot find the path specified.
The system cannot find the path specified.
The system cannot find the path specified.
warning: in the working copy of 'psi/state/pulse/events.jsonl', LF will be replaced by CRLF the next time Git touches it
warning: in the working copy of 'psi/state/pulse/events.jsonl', LF will be replaced by CRLF the next time Git touches it
[VectorDB] Using Transformers.js with model: multilingual-e5-base
[VectorDB] Failed to initialize: 4645 |     if (offlineError(err)) {
4646 |       throw new ChromaConnectionError(
4647 |         "Failed to connect to chromadb. Make sure your server is running and try again. If you are running from a browser, make sure that your chromadb instance is configured to allow requests from the current origin using the CHROMA_SERVER_CORS_ALLOW_ORIGINS environment variable."
4648 |       );
4649 |     }
4650 |     throw new ChromaConnectionError("Failed to connect to Chroma");
                 ^
ChromaConnectionError: Failed to connect to Chroma
 cause: undefined,

      at <anonymous> (C:\Users\jsanitareephon\.bun\install\cache\chromadb@3.4.0@@@1\dist\chromadb.mjs:4650:11)
      at async <anonymous> (C:\Users\jsanitareephon\.bun\install\cache\chromadb@3.4.0@@@1\dist\chromadb.mjs:338:32)
      at async getOrCreateCollection (C:\Users\jsanitareephon\.bun\install\cache\chromadb@3.4.0@@@1\dist\chromadb.mjs:5154:46)
      at async initVectorDB (C:\Workspace\Dev\the-matrix\src\memory\vector-db.ts:500:33)
      at async saveCurrentSession (C:\Workspace\Dev\the-matrix\scripts\memory\save-session.ts:723:11)

$ bun run scripts/memory/index.ts learn "C:/Workspace/Dev/the-matrix/psi/memory/sessions/2026-03/2026-03-23_11.10_auto-pulse.md"
[VectorDB] Using Transformers.js with model: multilingual-e5-base
[VectorDB] Failed to initialize: 4645 |     if (offlineError(err)) {
4646 |       throw new ChromaConnectionError(
4647 |         "Failed to connect to chromadb. Make sure your server is running and try again. If you are running from a browser, make sure that your chromadb instance is configured to allow requests from the current origin using the CHROMA_SERVER_CORS_ALLOW_ORIGINS environment variable."
4648 |       );
4649 |     }
4650 |     throw new ChromaConnectionError("Failed to connect to Chroma");
                 ^
ChromaConnectionError: Failed to connect to Chroma
 cause: undefined,

      at <anonymous> (C:\Users\jsanitareephon\.bun\install\cache\chromadb@3.4.0@@@1\dist\chromadb.mjs:4650:11)
      at async <anonymous> (C:\Users\jsanitareephon\.bun\install\cache\chromadb@3.4.0@@@1\dist\chromadb.mjs:338:32)
      at async getOrCreateCollection (C:\Users\jsanitareephon\.bun\install\cache\chromadb@3.4.0@@@1\dist\chromadb.mjs:5154:46)
      at async initVectorDB (C:\Workspace\Dev\the-matrix\src\memory\vector-db.ts:500:33)
      at async saveLearning (C:\Workspace\Dev\the-matrix\scripts\memory\learn.ts:578:11)
      at async learnFromFile (C:\Workspace\Dev\the-matrix\scripts\memory\learn.ts:157:15)
      at async main (C:\Workspace\Dev\the-matrix\scripts\memory\learn.ts:720:15)

$ bun run scripts/memory/index.ts save "Auto-saved session via pulse hook"
The system cannot find the path specified.
The system cannot find the path specified.
The system cannot find the path specified.
The system cannot find the path specified.
warning: in the working copy of 'psi/state/pulse/events.jsonl', LF will be replaced by CRLF the next time Git touches it
warning: in the working copy of 'psi/state/pulse/memory-errors.log', LF will be replaced by CRLF the next time Git touches it
warning: in the working copy of 'psi/state/pulse/events.jsonl', LF will be replaced by CRLF the next time Git touches it
warning: in the working copy of 'psi/state/pulse/memory-errors.log', LF will be replaced by CRLF the next time Git touches it
[VectorDB] Using Transformers.js with model: multilingual-e5-base
[VectorDB] Failed to initialize: 4645 |     if (offlineError(err)) {
4646 |       throw new ChromaConnectionError(
4647 |         "Failed to connect to chromadb. Make sure your server is running and try again. If you are running from a browser, make sure that your chromadb instance is configured to allow requests from the current origin using the CHROMA_SERVER_CORS_ALLOW_ORIGINS environment variable."
4648 |       );
4649 |     }
4650 |     throw new ChromaConnectionError("Failed to connect to Chroma");
                 ^
ChromaConnectionError: Failed to connect to Chroma
 cause: undefined,

      at <anonymous> (C:\Users\jsanitareephon\.bun\install\cache\chromadb@3.4.0@@@1\dist\chromadb.mjs:4650:11)
      at async <anonymous> (C:\Users\jsanitareephon\.bun\install\cache\chromadb@3.4.0@@@1\dist\chromadb.mjs:338:32)
      at async getOrCreateCollection (C:\Users\jsanitareephon\.bun\install\cache\chromadb@3.4.0@@@1\dist\chromadb.mjs:5154:46)
      at async initVectorDB (C:\Workspace\Dev\the-matrix\src\memory\vector-db.ts:500:33)
      at async saveCurrentSession (C:\Workspace\Dev\the-matrix\scripts\memory\save-session.ts:723:11)

$ bun run scripts/memory/index.ts learn "C:/Workspace/Dev/the-matrix/psi/memory/sessions/2026-03/2026-03-23_11.16_auto-pulse.md"
[VectorDB] Using Transformers.js with model: multilingual-e5-base
[VectorDB] Failed to initialize: 4645 |     if (offlineError(err)) {
4646 |       throw new ChromaConnectionError(
4647 |         "Failed to connect to chromadb. Make sure your server is running and try again. If you are running from a browser, make sure that your chromadb instance is configured to allow requests from the current origin using the CHROMA_SERVER_CORS_ALLOW_ORIGINS environment variable."
4648 |       );
4649 |     }
4650 |     throw new ChromaConnectionError("Failed to connect to Chroma");
                 ^
ChromaConnectionError: Failed to connect to Chroma
 cause: undefined,

      at <anonymous> (C:\Users\jsanitareephon\.bun\install\cache\chromadb@3.4.0@@@1\dist\chromadb.mjs:4650:11)
      at async <anonymous> (C:\Users\jsanitareephon\.bun\install\cache\chromadb@3.4.0@@@1\dist\chromadb.mjs:338:32)
      at async getOrCreateCollection (C:\Users\jsanitareephon\.bun\install\cache\chromadb@3.4.0@@@1\dist\chromadb.mjs:5154:46)
      at async initVectorDB (C:\Workspace\Dev\the-matrix\src\memory\vector-db.ts:500:33)
      at async saveLearning (C:\Workspace\Dev\the-matrix\scripts\memory\learn.ts:578:11)
      at async learnFromFile (C:\Workspace\Dev\the-matrix\scripts\memory\learn.ts:157:15)
      at async main (C:\Workspace\Dev\the-matrix\scripts\memory\learn.ts:720:15)

